Id,Name,Origem__c,VigenciaInicio__c,VigenciaFim__c,EscopoRegra__c,GestaoSLA__c,Categorizacao__c,MarcoSLA__c,AreaAtendimento__c,Ativo__c,CreatedDate,LastModifiedDate
a3Mbe000000KFR7EAO,RSC-003490,Qualquer,,,Atendimento,a3Nbe000000Q1A9EAK,a3Kbe000000ByamEAC,a3Obe000000KtpzEAC,,true,2026-06-09T20:16:45.000+0000,2026-06-13T22:14:06.000+0000
a3Mbe000000KFSjEAO,RSC-003491,Qualquer,,,Atendimento,a3Nbe000000Q1A9EAK,a3Kbe000000ByamEAC,a3Obe000000Ktq0EAC,,true,2026-06-09T20:18:43.000+0000,2026-06-13T22:14:06.000+0000
a3Mbe000000KFULEA4,RSC-003492,Qualquer,,,Atendimento,a3Nbe000000Q1A9EAK,a3Kbe000000ByamEAC,a3Obe000000Ktq1EAC,,true,2026-06-09T20:19:15.000+0000,2026-06-13T22:14:06.000+0000
a3Mbe000000KFVxEAO,RSC-003493,Qualquer,,,Atendimento,a3Nbe000000Q1A9EAK,a3Kbe000000ByamEAC,a3Obe000000Ktq2EAC,,true,2026-06-09T20:19:42.000+0000,2026-06-13T22:14:06.000+0000
a3Mbe000000KFxNEAW,RSC-003494,Qualquer,,,Atendimento,a3Nbe000000Q1A9EAK,a3Kbe000000ByamEAC,a3Obe000000Ktq4EAC,,true,2026-06-09T22:17:03.000+0000,2026-06-13T22:14:06.000+0000
a3Mbe000000KHKrEAO,RSC-003634,Qualquer,,,Atendimento,a3Nbe000000Q1A9EAK,a3Kbe000000ByaoEAC,a3Obe000000KtpzEAC,,true,2026-06-10T19:37:34.000+0000,2026-06-13T22:14:06.000+0000
a3Mbe000000KHKsEAO,RSC-003635,Qualquer,,,Atendimento,a3Nbe000000Q1A9EAK,a3Kbe000000ByaoEAC,a3Obe000000Ktq0EAC,,true,2026-06-10T19:37:34.000+0000,2026-06-13T22:14:06.000+0000
a3Mbe000000KHKtEAO,RSC-003636,Qualquer,,,Atendimento,a3Nbe000000Q1A9EAK,a3Kbe000000ByaoEAC,a3Obe000000Ktq1EAC,,true,2026-06-10T19:37:34.000+0000,2026-06-13T22:14:06.000+0000
a3Mbe000000KHKuEAO,RSC-003637,Qualquer,,,Atendimento,a3Nbe000000Q1A9EAK,a3Kbe000000ByaoEAC,a3Obe000000Ktq2EAC,,true,2026-06-10T19:37:34.000+0000,2026-06-13T22:14:06.000+0000
a3Mbe000000KHKvEAO,RSC-003638,Qualquer,,,Atendimento,a3Nbe000000Q1A9EAK,a3Kbe000000ByaoEAC,a3Obe000000Ktq4EAC,,true,2026-06-10T19:37:34.000+0000,2026-06-13T22:14:06.000+0000
a3Mbe000000KHKwEAO,RSC-003639,Qualquer,,,Atendimento,a3Nbe000000Q1A9EAK,a3Kbe000000C4B7EAK,a3Obe000000KtpzEAC,,true,2026-06-10T19:37:34.000+0000,2026-06-13T22:14:06.000+0000
a3Mbe000000KHKxEAO,RSC-003640,Qualquer,,,Atendimento,a3Nbe000000Q1A9EAK,a3Kbe000000C4B7EAK,a3Obe000000Ktq0EAC,,true,2026-06-10T19:37:34.000+0000,2026-06-13T22:14:06.000+0000
a3Mbe000000KHKyEAO,RSC-003641,Qualquer,,,Atendimento,a3Nbe000000Q1A9EAK,a3Kbe000000C4B7EAK,a3Obe000000Ktq1EAC,,true,2026-06-10T19:37:34.000+0000,2026-06-13T22:14:06.000+0000
a3Mbe000000KHKzEAO,RSC-003642,Qualquer,,,Atendimento,a3Nbe000000Q1A9EAK,a3Kbe000000C4B7EAK,a3Obe000000Ktq2EAC,,true,2026-06-10T19:37:34.000+0000,2026-06-13T22:14:06.000+0000
a3Mbe000000KHL0EAO,RSC-003643,Qualquer,,,Atendimento,a3Nbe000000Q1A9EAK,a3Kbe000000C4B7EAK,a3Obe000000Ktq4EAC,,true,2026-06-10T19:37:34.000+0000,2026-06-13T22:14:06.000+0000
a3Mbe000000KHL1EAO,RSC-003644,Qualquer,,,Atendimento,a3Nbe000000Q1A9EAK,a3Kbe000000C4B8EAK,a3Obe000000KtpzEAC,,true,2026-06-10T19:37:34.000+0000,2026-06-13T22:14:06.000+0000
a3Mbe000000KHL2EAO,RSC-003645,Qualquer,,,Atendimento,a3Nbe000000Q1A9EAK,a3Kbe000000C4B8EAK,a3Obe000000Ktq0EAC,,true,2026-06-10T19:37:34.000+0000,2026-06-13T22:14:06.000+0000
a3Mbe000000KHL3EAO,RSC-003646,Qualquer,,,Atendimento,a3Nbe000000Q1A9EAK,a3Kbe000000C4B8EAK,a3Obe000000Ktq1EAC,,true,2026-06-10T19:37:34.000+0000,2026-06-13T22:14:06.000+0000
a3Mbe000000KHL4EAO,RSC-003647,Qualquer,,,Atendimento,a3Nbe000000Q1A9EAK,a3Kbe000000C4B8EAK,a3Obe000000Ktq2EAC,,true,2026-06-10T19:37:34.000+0000,2026-06-13T22:14:06.000+0000
a3Mbe000000KHL5EAO,RSC-003648,Qualquer,,,Atendimento,a3Nbe000000Q1A9EAK,a3Kbe000000C4B8EAK,a3Obe000000Ktq4EAC,,true,2026-06-10T19:37:34.000+0000,2026-06-13T22:14:06.000+0000
a3Mbe000000KHL6EAO,RSC-003649,Qualquer,,,Atendimento,a3Nbe000000Q1A9EAK,a3Kbe000000C4B9EAK,a3Obe000000KtpzEAC,,true,2026-06-10T19:37:34.000+0000,2026-06-13T22:14:06.000+0000
a3Mbe000000KHL7EAO,RSC-003650,Qualquer,,,Atendimento,a3Nbe000000Q1A9EAK,a3Kbe000000C4B9EAK,a3Obe000000Ktq0EAC,,true,2026-06-10T19:37:34.000+0000,2026-06-13T22:14:06.000+0000
a3Mbe000000KHL8EAO,RSC-003651,Qualquer,,,Atendimento,a3Nbe000000Q1A9EAK,a3Kbe000000C4B9EAK,a3Obe000000Ktq1EAC,,true,2026-06-10T19:37:34.000+0000,2026-06-13T22:14:06.000+0000
a3Mbe000000KHL9EAO,RSC-003652,Qualquer,,,Atendimento,a3Nbe000000Q1A9EAK,a3Kbe000000C4B9EAK,a3Obe000000Ktq2EAC,,true,2026-06-10T19:37:34.000+0000,2026-06-13T22:14:06.000+0000
a3Mbe000000KHLAEA4,RSC-003653,Qualquer,,,Atendimento,a3Nbe000000Q1A9EAK,a3Kbe000000C4B9EAK,a3Obe000000Ktq4EAC,,true,2026-06-10T19:37:34.000+0000,2026-06-13T22:14:06.000+0000
a3Mbe000000KHLBEA4,RSC-003654,Qualquer,,,Atendimento,a3Nbe000000Q1A9EAK,a3Kbe000000ByeiEAC,a3Obe000000KtpzEAC,,true,2026-06-10T19:37:34.000+0000,2026-06-13T22:14:06.000+0000
a3Mbe000000KHLCEA4,RSC-003655,Qualquer,,,Atendimento,a3Nbe000000Q1A9EAK,a3Kbe000000ByeiEAC,a3Obe000000Ktq0EAC,,true,2026-06-10T19:37:34.000+0000,2026-06-13T22:14:06.000+0000
a3Mbe000000KHLDEA4,RSC-003656,Qualquer,,,Atendimento,a3Nbe000000Q1A9EAK,a3Kbe000000ByeiEAC,a3Obe000000Ktq1EAC,,true,2026-06-10T19:37:34.000+0000,2026-06-13T22:14:06.000+0000
a3Mbe000000KHLEEA4,RSC-003657,Qualquer,,,Atendimento,a3Nbe000000Q1A9EAK,a3Kbe000000ByeiEAC,a3Obe000000Ktq2EAC,,true,2026-06-10T19:37:34.000+0000,2026-06-13T22:14:06.000+0000
a3Mbe000000KHLFEA4,RSC-003658,Qualquer,,,Atendimento,a3Nbe000000Q1A9EAK,a3Kbe000000ByeiEAC,a3Obe000000Ktq4EAC,,true,2026-06-10T19:37:34.000+0000,2026-06-13T22:14:06.000+0000
a3Mbe000000KHLGEA4,RSC-003659,Qualquer,,,Atendimento,a3Nbe000000Q1A9EAK,a3Kbe000000ByegEAC,a3Obe000000KtpzEAC,,true,2026-06-10T19:37:34.000+0000,2026-06-13T22:14:06.000+0000
a3Mbe000000KHLHEA4,RSC-003660,Qualquer,,,Atendimento,a3Nbe000000Q1A9EAK,a3Kbe000000ByegEAC,a3Obe000000Ktq0EAC,,true,2026-06-10T19:37:34.000+0000,2026-06-13T22:14:06.000+0000
a3Mbe000000KHLIEA4,RSC-003661,Qualquer,,,Atendimento,a3Nbe000000Q1A9EAK,a3Kbe000000ByegEAC,a3Obe000000Ktq1EAC,,true,2026-06-10T19:37:34.000+0000,2026-06-13T22:14:06.000+0000
a3Mbe000000KHLJEA4,RSC-003662,Qualquer,,,Atendimento,a3Nbe000000Q1A9EAK,a3Kbe000000ByegEAC,a3Obe000000Ktq2EAC,,true,2026-06-10T19:37:34.000+0000,2026-06-13T22:14:06.000+0000
a3Mbe000000KHLKEA4,RSC-003663,Qualquer,,,Atendimento,a3Nbe000000Q1A9EAK,a3Kbe000000ByegEAC,a3Obe000000Ktq4EAC,,true,2026-06-10T19:37:34.000+0000,2026-06-13T22:14:06.000+0000
a3Mbe000000KHLLEA4,RSC-003664,Qualquer,,,Atendimento,a3Nbe000000Q1A9EAK,a3Kbe000000ByasEAC,a3Obe000000KtpzEAC,,true,2026-06-10T19:37:34.000+0000,2026-06-13T22:14:06.000+0000
a3Mbe000000KHLMEA4,RSC-003665,Qualquer,,,Atendimento,a3Nbe000000Q1A9EAK,a3Kbe000000ByasEAC,a3Obe000000Ktq0EAC,,true,2026-06-10T19:37:34.000+0000,2026-06-13T22:14:06.000+0000
a3Mbe000000KHLNEA4,RSC-003666,Qualquer,,,Atendimento,a3Nbe000000Q1A9EAK,a3Kbe000000ByasEAC,a3Obe000000Ktq1EAC,,true,2026-06-10T19:37:34.000+0000,2026-06-13T22:14:06.000+0000
a3Mbe000000KHLOEA4,RSC-003667,Qualquer,,,Atendimento,a3Nbe000000Q1A9EAK,a3Kbe000000ByasEAC,a3Obe000000Ktq2EAC,,true,2026-06-10T19:37:34.000+0000,2026-06-13T22:14:06.000+0000
a3Mbe000000KHLPEA4,RSC-003668,Qualquer,,,Atendimento,a3Nbe000000Q1A9EAK,a3Kbe000000ByasEAC,a3Obe000000Ktq4EAC,,true,2026-06-10T19:37:34.000+0000,2026-06-13T22:14:06.000+0000
a3Mbe000000KHLQEA4,RSC-003669,Qualquer,,,Atendimento,a3Nbe000000Q1A9EAK,a3Kbe000000ByayEAC,a3Obe000000KtpzEAC,,true,2026-06-10T19:37:34.000+0000,2026-06-13T22:14:06.000+0000
a3Mbe000000KHLREA4,RSC-003670,Qualquer,,,Atendimento,a3Nbe000000Q1A9EAK,a3Kbe000000ByayEAC,a3Obe000000Ktq0EAC,,true,2026-06-10T19:37:34.000+0000,2026-06-13T22:14:06.000+0000
a3Mbe000000KHLSEA4,RSC-003671,Qualquer,,,Atendimento,a3Nbe000000Q1A9EAK,a3Kbe000000ByayEAC,a3Obe000000Ktq1EAC,,true,2026-06-10T19:37:34.000+0000,2026-06-13T22:14:06.000+0000
a3Mbe000000KHLTEA4,RSC-003672,Qualquer,,,Atendimento,a3Nbe000000Q1A9EAK,a3Kbe000000ByayEAC,a3Obe000000Ktq2EAC,,true,2026-06-10T19:37:34.000+0000,2026-06-13T22:14:06.000+0000
a3Mbe000000KHLUEA4,RSC-003673,Qualquer,,,Atendimento,a3Nbe000000Q1A9EAK,a3Kbe000000ByayEAC,a3Obe000000Ktq4EAC,,true,2026-06-10T19:37:34.000+0000,2026-06-13T22:14:06.000+0000
a3Mbe000000KHLVEA4,RSC-003674,Qualquer,,,Atendimento,a3Nbe000000Q1A9EAK,a3Kbe000000ByaqEAC,a3Obe000000KtpzEAC,,true,2026-06-10T19:37:34.000+0000,2026-06-13T22:14:06.000+0000
a3Mbe000000KHLWEA4,RSC-003675,Qualquer,,,Atendimento,a3Nbe000000Q1A9EAK,a3Kbe000000ByaqEAC,a3Obe000000Ktq0EAC,,true,2026-06-10T19:37:34.000+0000,2026-06-13T22:14:06.000+0000
a3Mbe000000KHLXEA4,RSC-003676,Qualquer,,,Atendimento,a3Nbe000000Q1A9EAK,a3Kbe000000ByaqEAC,a3Obe000000Ktq1EAC,,true,2026-06-10T19:37:34.000+0000,2026-06-13T22:14:06.000+0000
a3Mbe000000KHLYEA4,RSC-003677,Qualquer,,,Atendimento,a3Nbe000000Q1A9EAK,a3Kbe000000ByaqEAC,a3Obe000000Ktq2EAC,,true,2026-06-10T19:37:34.000+0000,2026-06-13T22:14:06.000+0000
a3Mbe000000KHLZEA4,RSC-003678,Qualquer,,,Atendimento,a3Nbe000000Q1A9EAK,a3Kbe000000ByaqEAC,a3Obe000000Ktq4EAC,,true,2026-06-10T19:37:34.000+0000,2026-06-13T22:14:06.000+0000
a3Mbe000000KHLaEAO,RSC-003679,Qualquer,,,Atendimento,a3Nbe000000Q1A9EAK,a3Kbe000000ByawEAC,a3Obe000000KtpzEAC,,true,2026-06-10T19:37:34.000+0000,2026-06-13T22:14:06.000+0000
a3Mbe000000KHLbEAO,RSC-003680,Qualquer,,,Atendimento,a3Nbe000000Q1A9EAK,a3Kbe000000ByawEAC,a3Obe000000Ktq0EAC,,true,2026-06-10T19:37:34.000+0000,2026-06-13T22:14:06.000+0000
a3Mbe000000KHLcEAO,RSC-003681,Qualquer,,,Atendimento,a3Nbe000000Q1A9EAK,a3Kbe000000ByawEAC,a3Obe000000Ktq1EAC,,true,2026-06-10T19:37:34.000+0000,2026-06-13T22:14:06.000+0000
a3Mbe000000KHLdEAO,RSC-003682,Qualquer,,,Atendimento,a3Nbe000000Q1A9EAK,a3Kbe000000ByawEAC,a3Obe000000Ktq2EAC,,true,2026-06-10T19:37:34.000+0000,2026-06-13T22:14:06.000+0000
a3Mbe000000KHLeEAO,RSC-003683,Qualquer,,,Atendimento,a3Nbe000000Q1A9EAK,a3Kbe000000ByawEAC,a3Obe000000Ktq4EAC,,true,2026-06-10T19:37:34.000+0000,2026-06-13T22:14:06.000+0000
a3Mbe000000KHLfEAO,RSC-003684,Qualquer,,,Atendimento,a3Nbe000000Q1A9EAK,a3Kbe000000ByauEAC,a3Obe000000KtpzEAC,,true,2026-06-10T19:37:34.000+0000,2026-06-13T22:14:06.000+0000
a3Mbe000000KHLgEAO,RSC-003685,Qualquer,,,Atendimento,a3Nbe000000Q1A9EAK,a3Kbe000000ByauEAC,a3Obe000000Ktq0EAC,,true,2026-06-10T19:37:34.000+0000,2026-06-13T22:14:06.000+0000
a3Mbe000000KHLhEAO,RSC-003686,Qualquer,,,Atendimento,a3Nbe000000Q1A9EAK,a3Kbe000000ByauEAC,a3Obe000000Ktq1EAC,,true,2026-06-10T19:37:34.000+0000,2026-06-13T22:14:06.000+0000
a3Mbe000000KHLiEAO,RSC-003687,Qualquer,,,Atendimento,a3Nbe000000Q1A9EAK,a3Kbe000000ByauEAC,a3Obe000000Ktq2EAC,,true,2026-06-10T19:37:34.000+0000,2026-06-13T22:14:06.000+0000
a3Mbe000000KHLjEAO,RSC-003688,Qualquer,,,Atendimento,a3Nbe000000Q1A9EAK,a3Kbe000000ByauEAC,a3Obe000000Ktq4EAC,,true,2026-06-10T19:37:34.000+0000,2026-06-13T22:14:06.000+0000
a3Mbe000000KHLkEAO,RSC-003689,Qualquer,,,Atendimento,a3Nbe000000Q1A9EAK,a3Kbe000000Byb0EAC,a3Obe000000KtpzEAC,,true,2026-06-10T19:37:34.000+0000,2026-06-13T22:14:06.000+0000
a3Mbe000000KHLlEAO,RSC-003690,Qualquer,,,Atendimento,a3Nbe000000Q1A9EAK,a3Kbe000000Byb0EAC,a3Obe000000Ktq0EAC,,true,2026-06-10T19:37:34.000+0000,2026-06-13T22:14:06.000+0000
a3Mbe000000KHLmEAO,RSC-003691,Qualquer,,,Atendimento,a3Nbe000000Q1A9EAK,a3Kbe000000Byb0EAC,a3Obe000000Ktq1EAC,,true,2026-06-10T19:37:34.000+0000,2026-06-13T22:14:06.000+0000
a3Mbe000000KHLnEAO,RSC-003692,Qualquer,,,Atendimento,a3Nbe000000Q1A9EAK,a3Kbe000000Byb0EAC,a3Obe000000Ktq2EAC,,true,2026-06-10T19:37:34.000+0000,2026-06-13T22:14:06.000+0000
a3Mbe000000KHLoEAO,RSC-003693,Qualquer,,,Atendimento,a3Nbe000000Q1A9EAK,a3Kbe000000Byb0EAC,a3Obe000000Ktq4EAC,,true,2026-06-10T19:37:34.000+0000,2026-06-13T22:14:06.000+0000
a3Mbe000000KHLpEAO,RSC-003694,Qualquer,,,Atendimento,a3Nbe000000Q1A9EAK,a3Kbe000000C4BAEA0,a3Obe000000KtpzEAC,,true,2026-06-10T19:37:34.000+0000,2026-06-13T22:14:06.000+0000
a3Mbe000000KHLqEAO,RSC-003695,Qualquer,,,Atendimento,a3Nbe000000Q1A9EAK,a3Kbe000000C4BAEA0,a3Obe000000Ktq0EAC,,true,2026-06-10T19:37:34.000+0000,2026-06-13T22:14:06.000+0000
a3Mbe000000KHLrEAO,RSC-003696,Qualquer,,,Atendimento,a3Nbe000000Q1A9EAK,a3Kbe000000C4BAEA0,a3Obe000000Ktq1EAC,,true,2026-06-10T19:37:34.000+0000,2026-06-13T22:14:06.000+0000
a3Mbe000000KHLsEAO,RSC-003697,Qualquer,,,Atendimento,a3Nbe000000Q1A9EAK,a3Kbe000000C4BAEA0,a3Obe000000Ktq2EAC,,true,2026-06-10T19:37:34.000+0000,2026-06-13T22:14:06.000+0000
a3Mbe000000KHLtEAO,RSC-003698,Qualquer,,,Atendimento,a3Nbe000000Q1A9EAK,a3Kbe000000C4BAEA0,a3Obe000000Ktq4EAC,,true,2026-06-10T19:37:34.000+0000,2026-06-13T22:14:06.000+0000
a3Mbe000000KHLuEAO,RSC-003699,Qualquer,,,Atendimento,a3Nbe000000Q1A9EAK,a3Kbe000000Byb2EAC,a3Obe000000KtpzEAC,,true,2026-06-10T19:37:34.000+0000,2026-06-13T22:14:06.000+0000
a3Mbe000000KHLvEAO,RSC-003700,Qualquer,,,Atendimento,a3Nbe000000Q1A9EAK,a3Kbe000000Byb2EAC,a3Obe000000Ktq0EAC,,true,2026-06-10T19:37:34.000+0000,2026-06-13T22:14:06.000+0000
a3Mbe000000KHLwEAO,RSC-003701,Qualquer,,,Atendimento,a3Nbe000000Q1A9EAK,a3Kbe000000Byb2EAC,a3Obe000000Ktq1EAC,,true,2026-06-10T19:37:34.000+0000,2026-06-13T22:14:06.000+0000
a3Mbe000000KHLxEAO,RSC-003702,Qualquer,,,Atendimento,a3Nbe000000Q1A9EAK,a3Kbe000000Byb2EAC,a3Obe000000Ktq2EAC,,true,2026-06-10T19:37:34.000+0000,2026-06-13T22:14:06.000+0000
a3Mbe000000KHLyEAO,RSC-003703,Qualquer,,,Atendimento,a3Nbe000000Q1A9EAK,a3Kbe000000Byb2EAC,a3Obe000000Ktq4EAC,,true,2026-06-10T19:37:34.000+0000,2026-06-13T22:14:06.000+0000
a3Mbe000000KHLzEAO,RSC-003704,Qualquer,,,Atendimento,a3Nbe000000Q1A9EAK,a3Kbe000000C4BBEA0,a3Obe000000KtpzEAC,,true,2026-06-10T19:37:34.000+0000,2026-06-13T22:14:06.000+0000
a3Mbe000000KHM0EAO,RSC-003705,Qualquer,,,Atendimento,a3Nbe000000Q1A9EAK,a3Kbe000000C4BBEA0,a3Obe000000Ktq0EAC,,true,2026-06-10T19:37:34.000+0000,2026-06-13T22:14:06.000+0000
a3Mbe000000KHM1EAO,RSC-003706,Qualquer,,,Atendimento,a3Nbe000000Q1A9EAK,a3Kbe000000C4BBEA0,a3Obe000000Ktq1EAC,,true,2026-06-10T19:37:34.000+0000,2026-06-13T22:14:06.000+0000
a3Mbe000000KHM2EAO,RSC-003707,Qualquer,,,Atendimento,a3Nbe000000Q1A9EAK,a3Kbe000000C4BBEA0,a3Obe000000Ktq2EAC,,true,2026-06-10T19:37:34.000+0000,2026-06-13T22:14:06.000+0000
a3Mbe000000KHM3EAO,RSC-003708,Qualquer,,,Atendimento,a3Nbe000000Q1A9EAK,a3Kbe000000C4BBEA0,a3Obe000000Ktq4EAC,,true,2026-06-10T19:37:34.000+0000,2026-06-13T22:14:06.000+0000
a3Mbe000000KHM4EAO,RSC-003709,Qualquer,,,Atendimento,a3Nbe000000Q1A9EAK,a3Kbe000000C4BCEA0,a3Obe000000KtpzEAC,,true,2026-06-10T19:37:34.000+0000,2026-06-13T22:14:06.000+0000
a3Mbe000000KHM5EAO,RSC-003710,Qualquer,,,Atendimento,a3Nbe000000Q1A9EAK,a3Kbe000000C4BCEA0,a3Obe000000Ktq0EAC,,true,2026-06-10T19:37:34.000+0000,2026-06-13T22:14:06.000+0000
a3Mbe000000KHM6EAO,RSC-003711,Qualquer,,,Atendimento,a3Nbe000000Q1A9EAK,a3Kbe000000C4BCEA0,a3Obe000000Ktq1EAC,,true,2026-06-10T19:37:34.000+0000,2026-06-13T22:14:06.000+0000
a3Mbe000000KHM7EAO,RSC-003712,Qualquer,,,Atendimento,a3Nbe000000Q1A9EAK,a3Kbe000000C4BCEA0,a3Obe000000Ktq2EAC,,true,2026-06-10T19:37:34.000+0000,2026-06-13T22:14:06.000+0000
a3Mbe000000KHM8EAO,RSC-003713,Qualquer,,,Atendimento,a3Nbe000000Q1A9EAK,a3Kbe000000C4BCEA0,a3Obe000000Ktq4EAC,,true,2026-06-10T19:37:34.000+0000,2026-06-13T22:14:06.000+0000
a3Mbe000000KHM9EAO,RSC-003714,Qualquer,,,Atendimento,a3Nbe000000Q1A9EAK,a3Kbe000000ByekEAC,a3Obe000000KtpzEAC,,true,2026-06-10T19:37:34.000+0000,2026-06-13T22:14:06.000+0000
a3Mbe000000KHMAEA4,RSC-003715,Qualquer,,,Atendimento,a3Nbe000000Q1A9EAK,a3Kbe000000ByekEAC,a3Obe000000Ktq0EAC,,true,2026-06-10T19:37:34.000+0000,2026-06-13T22:14:06.000+0000
a3Mbe000000KHMBEA4,RSC-003716,Qualquer,,,Atendimento,a3Nbe000000Q1A9EAK,a3Kbe000000ByekEAC,a3Obe000000Ktq1EAC,,true,2026-06-10T19:37:34.000+0000,2026-06-13T22:14:06.000+0000
a3Mbe000000KHMCEA4,RSC-003717,Qualquer,,,Atendimento,a3Nbe000000Q1A9EAK,a3Kbe000000ByekEAC,a3Obe000000Ktq2EAC,,true,2026-06-10T19:37:34.000+0000,2026-06-13T22:14:06.000+0000
a3Mbe000000KHMDEA4,RSC-003718,Qualquer,,,Atendimento,a3Nbe000000Q1A9EAK,a3Kbe000000ByekEAC,a3Obe000000Ktq4EAC,,true,2026-06-10T19:37:34.000+0000,2026-06-13T22:14:06.000+0000
a3Mbe000000KHMEEA4,RSC-003719,Qualquer,,,Atendimento,a3Nbe000000Q1A9EAK,a3Kbe000000ByemEAC,a3Obe000000KtpzEAC,,true,2026-06-10T19:37:34.000+0000,2026-06-13T22:14:06.000+0000
a3Mbe000000KHMFEA4,RSC-003720,Qualquer,,,Atendimento,a3Nbe000000Q1A9EAK,a3Kbe000000ByemEAC,a3Obe000000Ktq0EAC,,true,2026-06-10T19:37:34.000+0000,2026-06-13T22:14:06.000+0000
a3Mbe000000KHMGEA4,RSC-003721,Qualquer,,,Atendimento,a3Nbe000000Q1A9EAK,a3Kbe000000ByemEAC,a3Obe000000Ktq1EAC,,true,2026-06-10T19:37:34.000+0000,2026-06-13T22:14:06.000+0000
a3Mbe000000KHMHEA4,RSC-003722,Qualquer,,,Atendimento,a3Nbe000000Q1A9EAK,a3Kbe000000ByemEAC,a3Obe000000Ktq2EAC,,true,2026-06-10T19:37:34.000+0000,2026-06-13T22:14:06.000+0000
a3Mbe000000KHMIEA4,RSC-003723,Qualquer,,,Atendimento,a3Nbe000000Q1A9EAK,a3Kbe000000ByemEAC,a3Obe000000Ktq4EAC,,true,2026-06-10T19:37:34.000+0000,2026-06-13T22:14:06.000+0000
a3Mbe000000KHMJEA4,RSC-003724,Qualquer,,,Atendimento,a3Nbe000000Q1A9EAK,a3Kbe000000Byb4EAC,a3Obe000000KtpzEAC,,true,2026-06-10T19:37:34.000+0000,2026-06-13T22:14:06.000+0000
a3Mbe000000KHMKEA4,RSC-003725,Qualquer,,,Atendimento,a3Nbe000000Q1A9EAK,a3Kbe000000Byb4EAC,a3Obe000000Ktq0EAC,,true,2026-06-10T19:37:34.000+0000,2026-06-13T22:14:06.000+0000
a3Mbe000000KHMLEA4,RSC-003726,Qualquer,,,Atendimento,a3Nbe000000Q1A9EAK,a3Kbe000000Byb4EAC,a3Obe000000Ktq1EAC,,true,2026-06-10T19:37:34.000+0000,2026-06-13T22:14:06.000+0000
a3Mbe000000KHMMEA4,RSC-003727,Qualquer,,,Atendimento,a3Nbe000000Q1A9EAK,a3Kbe000000Byb4EAC,a3Obe000000Ktq2EAC,,true,2026-06-10T19:37:34.000+0000,2026-06-13T22:14:06.000+0000
a3Mbe000000KHMNEA4,RSC-003728,Qualquer,,,Atendimento,a3Nbe000000Q1A9EAK,a3Kbe000000Byb4EAC,a3Obe000000Ktq4EAC,,true,2026-06-10T19:37:34.000+0000,2026-06-13T22:14:06.000+0000
a3Mbe000000KHMOEA4,RSC-003729,Qualquer,,,Atendimento,a3Nbe000000Q1A9EAK,a3Kbe000000Byb8EAC,a3Obe000000KtpzEAC,,true,2026-06-10T19:37:34.000+0000,2026-06-13T22:14:06.000+0000
a3Mbe000000KHMPEA4,RSC-003730,Qualquer,,,Atendimento,a3Nbe000000Q1A9EAK,a3Kbe000000Byb8EAC,a3Obe000000Ktq0EAC,,true,2026-06-10T19:37:34.000+0000,2026-06-13T22:14:06.000+0000
a3Mbe000000KHMQEA4,RSC-003731,Qualquer,,,Atendimento,a3Nbe000000Q1A9EAK,a3Kbe000000Byb8EAC,a3Obe000000Ktq1EAC,,true,2026-06-10T19:37:34.000+0000,2026-06-13T22:14:06.000+0000
a3Mbe000000KHMREA4,RSC-003732,Qualquer,,,Atendimento,a3Nbe000000Q1A9EAK,a3Kbe000000Byb8EAC,a3Obe000000Ktq2EAC,,true,2026-06-10T19:37:34.000+0000,2026-06-13T22:14:06.000+0000
a3Mbe000000KHMSEA4,RSC-003733,Qualquer,,,Atendimento,a3Nbe000000Q1A9EAK,a3Kbe000000Byb8EAC,a3Obe000000Ktq4EAC,,true,2026-06-10T19:37:34.000+0000,2026-06-13T22:14:06.000+0000
a3Mbe000000KHMTEA4,RSC-003734,Qualquer,,,Atendimento,a3Nbe000000Q1A9EAK,a3Kbe000000Byb6EAC,a3Obe000000KtpzEAC,,true,2026-06-10T19:37:34.000+0000,2026-06-13T22:14:06.000+0000
a3Mbe000000KHMUEA4,RSC-003735,Qualquer,,,Atendimento,a3Nbe000000Q1A9EAK,a3Kbe000000Byb6EAC,a3Obe000000Ktq0EAC,,true,2026-06-10T19:37:34.000+0000,2026-06-13T22:14:06.000+0000
a3Mbe000000KHMVEA4,RSC-003736,Qualquer,,,Atendimento,a3Nbe000000Q1A9EAK,a3Kbe000000Byb6EAC,a3Obe000000Ktq1EAC,,true,2026-06-10T19:37:34.000+0000,2026-06-13T22:14:06.000+0000
a3Mbe000000KHMWEA4,RSC-003737,Qualquer,,,Atendimento,a3Nbe000000Q1A9EAK,a3Kbe000000Byb6EAC,a3Obe000000Ktq2EAC,,true,2026-06-10T19:37:34.000+0000,2026-06-13T22:14:06.000+0000
a3Mbe000000KHMXEA4,RSC-003738,Qualquer,,,Atendimento,a3Nbe000000Q1A9EAK,a3Kbe000000Byb6EAC,a3Obe000000Ktq4EAC,,true,2026-06-10T19:37:34.000+0000,2026-06-13T22:14:06.000+0000
a3Mbe000000KHMYEA4,RSC-003739,Qualquer,,,Atendimento,a3Nbe000000Q1A9EAK,a3Kbe000000C4BDEA0,a3Obe000000KtpzEAC,,true,2026-06-10T19:37:34.000+0000,2026-06-13T22:14:06.000+0000
a3Mbe000000KHMZEA4,RSC-003740,Qualquer,,,Atendimento,a3Nbe000000Q1A9EAK,a3Kbe000000C4BDEA0,a3Obe000000Ktq0EAC,,true,2026-06-10T19:37:34.000+0000,2026-06-13T22:14:06.000+0000
a3Mbe000000KHMaEAO,RSC-003741,Qualquer,,,Atendimento,a3Nbe000000Q1A9EAK,a3Kbe000000C4BDEA0,a3Obe000000Ktq1EAC,,true,2026-06-10T19:37:34.000+0000,2026-06-13T22:14:06.000+0000
a3Mbe000000KHMbEAO,RSC-003742,Qualquer,,,Atendimento,a3Nbe000000Q1A9EAK,a3Kbe000000C4BDEA0,a3Obe000000Ktq2EAC,,true,2026-06-10T19:37:34.000+0000,2026-06-13T22:14:06.000+0000
a3Mbe000000KHMcEAO,RSC-003743,Qualquer,,,Atendimento,a3Nbe000000Q1A9EAK,a3Kbe000000C4BDEA0,a3Obe000000Ktq4EAC,,true,2026-06-10T19:37:34.000+0000,2026-06-13T22:14:06.000+0000
a3Mbe000000KHMdEAO,RSC-003744,Qualquer,,,Atendimento,a3Nbe000000Q1A9EAK,a3Kbe000000C4BEEA0,a3Obe000000KtpzEAC,,true,2026-06-10T19:37:34.000+0000,2026-06-13T22:14:06.000+0000
a3Mbe000000KHMeEAO,RSC-003745,Qualquer,,,Atendimento,a3Nbe000000Q1A9EAK,a3Kbe000000C4BEEA0,a3Obe000000Ktq0EAC,,true,2026-06-10T19:37:34.000+0000,2026-06-13T22:14:06.000+0000
a3Mbe000000KHMfEAO,RSC-003746,Qualquer,,,Atendimento,a3Nbe000000Q1A9EAK,a3Kbe000000C4BEEA0,a3Obe000000Ktq1EAC,,true,2026-06-10T19:37:34.000+0000,2026-06-13T22:14:06.000+0000
a3Mbe000000KHMgEAO,RSC-003747,Qualquer,,,Atendimento,a3Nbe000000Q1A9EAK,a3Kbe000000C4BEEA0,a3Obe000000Ktq2EAC,,true,2026-06-10T19:37:34.000+0000,2026-06-13T22:14:06.000+0000
a3Mbe000000KHMhEAO,RSC-003748,Qualquer,,,Atendimento,a3Nbe000000Q1A9EAK,a3Kbe000000C4BEEA0,a3Obe000000Ktq4EAC,,true,2026-06-10T19:37:34.000+0000,2026-06-13T22:14:06.000+0000
a3Mbe000000KHMiEAO,RSC-003749,Qualquer,,,Atendimento,a3Nbe000000Q1A9EAK,a3Kbe000000C4BFEA0,a3Obe000000KtpzEAC,,true,2026-06-10T19:37:34.000+0000,2026-06-13T22:14:06.000+0000
a3Mbe000000KHMjEAO,RSC-003750,Qualquer,,,Atendimento,a3Nbe000000Q1A9EAK,a3Kbe000000C4BFEA0,a3Obe000000Ktq0EAC,,true,2026-06-10T19:37:34.000+0000,2026-06-13T22:14:06.000+0000
a3Mbe000000KHMkEAO,RSC-003751,Qualquer,,,Atendimento,a3Nbe000000Q1A9EAK,a3Kbe000000C4BFEA0,a3Obe000000Ktq1EAC,,true,2026-06-10T19:37:34.000+0000,2026-06-13T22:14:06.000+0000
a3Mbe000000KHMlEAO,RSC-003752,Qualquer,,,Atendimento,a3Nbe000000Q1A9EAK,a3Kbe000000C4BFEA0,a3Obe000000Ktq2EAC,,true,2026-06-10T19:37:34.000+0000,2026-06-13T22:14:06.000+0000
a3Mbe000000KHMmEAO,RSC-003753,Qualquer,,,Atendimento,a3Nbe000000Q1A9EAK,a3Kbe000000C4BFEA0,a3Obe000000Ktq4EAC,,true,2026-06-10T19:37:34.000+0000,2026-06-13T22:14:06.000+0000
a3Mbe000000KHMnEAO,RSC-003754,Qualquer,,,Atendimento,a3Nbe000000Q1A9EAK,a3Kbe000000C4BGEA0,a3Obe000000KtpzEAC,,true,2026-06-10T19:37:34.000+0000,2026-06-13T22:14:06.000+0000
a3Mbe000000KHMoEAO,RSC-003755,Qualquer,,,Atendimento,a3Nbe000000Q1A9EAK,a3Kbe000000C4BGEA0,a3Obe000000Ktq0EAC,,true,2026-06-10T19:37:34.000+0000,2026-06-13T22:14:06.000+0000
a3Mbe000000KHMpEAO,RSC-003756,Qualquer,,,Atendimento,a3Nbe000000Q1A9EAK,a3Kbe000000C4BGEA0,a3Obe000000Ktq1EAC,,true,2026-06-10T19:37:34.000+0000,2026-06-13T22:14:06.000+0000
a3Mbe000000KHMqEAO,RSC-003757,Qualquer,,,Atendimento,a3Nbe000000Q1A9EAK,a3Kbe000000C4BGEA0,a3Obe000000Ktq2EAC,,true,2026-06-10T19:37:34.000+0000,2026-06-13T22:14:06.000+0000
a3Mbe000000KHMrEAO,RSC-003758,Qualquer,,,Atendimento,a3Nbe000000Q1A9EAK,a3Kbe000000C4BGEA0,a3Obe000000Ktq4EAC,,true,2026-06-10T19:37:34.000+0000,2026-06-13T22:14:06.000+0000
a3Mbe000000KHMsEAO,RSC-003759,Qualquer,,,Atendimento,a3Nbe000000Q1A9EAK,a3Kbe000000BybKEAS,a3Obe000000KtpzEAC,,true,2026-06-10T19:37:34.000+0000,2026-06-13T22:14:06.000+0000
a3Mbe000000KHMtEAO,RSC-003760,Qualquer,,,Atendimento,a3Nbe000000Q1A9EAK,a3Kbe000000BybKEAS,a3Obe000000Ktq0EAC,,true,2026-06-10T19:37:34.000+0000,2026-06-13T22:14:06.000+0000
a3Mbe000000KHMuEAO,RSC-003761,Qualquer,,,Atendimento,a3Nbe000000Q1A9EAK,a3Kbe000000BybKEAS,a3Obe000000Ktq1EAC,,true,2026-06-10T19:37:34.000+0000,2026-06-13T22:14:06.000+0000
a3Mbe000000KHMvEAO,RSC-003762,Qualquer,,,Atendimento,a3Nbe000000Q1A9EAK,a3Kbe000000BybKEAS,a3Obe000000Ktq2EAC,,true,2026-06-10T19:37:34.000+0000,2026-06-13T22:14:06.000+0000
a3Mbe000000KHMwEAO,RSC-003763,Qualquer,,,Atendimento,a3Nbe000000Q1A9EAK,a3Kbe000000BybKEAS,a3Obe000000Ktq4EAC,,true,2026-06-10T19:37:34.000+0000,2026-06-13T22:14:06.000+0000
a3Mbe000000KHMxEAO,RSC-003764,Qualquer,,,Atendimento,a3Nbe000000Q1A9EAK,a3Kbe000000BybIEAS,a3Obe000000KtpzEAC,,true,2026-06-10T19:37:34.000+0000,2026-06-13T22:14:06.000+0000
a3Mbe000000KHMyEAO,RSC-003765,Qualquer,,,Atendimento,a3Nbe000000Q1A9EAK,a3Kbe000000BybIEAS,a3Obe000000Ktq0EAC,,true,2026-06-10T19:37:34.000+0000,2026-06-13T22:14:06.000+0000
a3Mbe000000KHMzEAO,RSC-003766,Qualquer,,,Atendimento,a3Nbe000000Q1A9EAK,a3Kbe000000BybIEAS,a3Obe000000Ktq1EAC,,true,2026-06-10T19:37:34.000+0000,2026-06-13T22:14:06.000+0000
a3Mbe000000KHN0EAO,RSC-003767,Qualquer,,,Atendimento,a3Nbe000000Q1A9EAK,a3Kbe000000BybIEAS,a3Obe000000Ktq2EAC,,true,2026-06-10T19:37:34.000+0000,2026-06-13T22:14:06.000+0000
a3Mbe000000KHN1EAO,RSC-003768,Qualquer,,,Atendimento,a3Nbe000000Q1A9EAK,a3Kbe000000BybIEAS,a3Obe000000Ktq4EAC,,true,2026-06-10T19:37:34.000+0000,2026-06-13T22:14:06.000+0000
a3Mbe000000KHN2EAO,RSC-003769,Qualquer,,,Atendimento,a3Nbe000000Q1A9EAK,a3Kbe000000BybAEAS,a3Obe000000KtpzEAC,,true,2026-06-10T19:37:34.000+0000,2026-06-13T22:14:06.000+0000
a3Mbe000000KHN3EAO,RSC-003770,Qualquer,,,Atendimento,a3Nbe000000Q1A9EAK,a3Kbe000000BybAEAS,a3Obe000000Ktq0EAC,,true,2026-06-10T19:37:34.000+0000,2026-06-13T22:14:06.000+0000
a3Mbe000000KHN4EAO,RSC-003771,Qualquer,,,Atendimento,a3Nbe000000Q1A9EAK,a3Kbe000000BybAEAS,a3Obe000000Ktq1EAC,,true,2026-06-10T19:37:34.000+0000,2026-06-13T22:14:06.000+0000
a3Mbe000000KHN5EAO,RSC-003772,Qualquer,,,Atendimento,a3Nbe000000Q1A9EAK,a3Kbe000000BybAEAS,a3Obe000000Ktq2EAC,,true,2026-06-10T19:37:34.000+0000,2026-06-13T22:14:06.000+0000
a3Mbe000000KHN6EAO,RSC-003773,Qualquer,,,Atendimento,a3Nbe000000Q1A9EAK,a3Kbe000000BybAEAS,a3Obe000000Ktq4EAC,,true,2026-06-10T19:37:34.000+0000,2026-06-13T22:14:06.000+0000
a3Mbe000000KHN7EAO,RSC-003774,Qualquer,,,Atendimento,a3Nbe000000Q1A9EAK,a3Kbe000000BybEEAS,a3Obe000000KtpzEAC,,true,2026-06-10T19:37:34.000+0000,2026-06-13T22:14:06.000+0000
a3Mbe000000KHN8EAO,RSC-003775,Qualquer,,,Atendimento,a3Nbe000000Q1A9EAK,a3Kbe000000BybEEAS,a3Obe000000Ktq0EAC,,true,2026-06-10T19:37:34.000+0000,2026-06-13T22:14:06.000+0000
a3Mbe000000KHN9EAO,RSC-003776,Qualquer,,,Atendimento,a3Nbe000000Q1A9EAK,a3Kbe000000BybEEAS,a3Obe000000Ktq1EAC,,true,2026-06-10T19:37:34.000+0000,2026-06-13T22:14:06.000+0000
a3Mbe000000KHNAEA4,RSC-003777,Qualquer,,,Atendimento,a3Nbe000000Q1A9EAK,a3Kbe000000BybEEAS,a3Obe000000Ktq2EAC,,true,2026-06-10T19:37:34.000+0000,2026-06-13T22:14:06.000+0000
a3Mbe000000KHNBEA4,RSC-003778,Qualquer,,,Atendimento,a3Nbe000000Q1A9EAK,a3Kbe000000BybEEAS,a3Obe000000Ktq4EAC,,true,2026-06-10T19:37:34.000+0000,2026-06-13T22:14:06.000+0000
a3Mbe000000KHNCEA4,RSC-003779,Qualquer,,,Atendimento,a3Nbe000000Q1A9EAK,a3Kbe000000BybGEAS,a3Obe000000KtpzEAC,,true,2026-06-10T19:37:34.000+0000,2026-06-13T22:14:06.000+0000
a3Mbe000000KHNDEA4,RSC-003780,Qualquer,,,Atendimento,a3Nbe000000Q1A9EAK,a3Kbe000000BybGEAS,a3Obe000000Ktq0EAC,,true,2026-06-10T19:37:34.000+0000,2026-06-13T22:14:06.000+0000
a3Mbe000000KHNEEA4,RSC-003781,Qualquer,,,Atendimento,a3Nbe000000Q1A9EAK,a3Kbe000000BybGEAS,a3Obe000000Ktq1EAC,,true,2026-06-10T19:37:34.000+0000,2026-06-13T22:14:06.000+0000
a3Mbe000000KHNFEA4,RSC-003782,Qualquer,,,Atendimento,a3Nbe000000Q1A9EAK,a3Kbe000000BybGEAS,a3Obe000000Ktq2EAC,,true,2026-06-10T19:37:34.000+0000,2026-06-13T22:14:06.000+0000
a3Mbe000000KHNGEA4,RSC-003783,Qualquer,,,Atendimento,a3Nbe000000Q1A9EAK,a3Kbe000000BybGEAS,a3Obe000000Ktq4EAC,,true,2026-06-10T19:37:34.000+0000,2026-06-13T22:14:06.000+0000
a3Mbe000000KHNHEA4,RSC-003784,Qualquer,,,Atendimento,a3Nbe000000Q1A9EAK,a3Kbe000000BybCEAS,a3Obe000000KtpzEAC,,true,2026-06-10T19:37:34.000+0000,2026-06-13T22:14:06.000+0000
a3Mbe000000KHNIEA4,RSC-003785,Qualquer,,,Atendimento,a3Nbe000000Q1A9EAK,a3Kbe000000BybCEAS,a3Obe000000Ktq0EAC,,true,2026-06-10T19:37:34.000+0000,2026-06-13T22:14:06.000+0000
a3Mbe000000KHNJEA4,RSC-003786,Qualquer,,,Atendimento,a3Nbe000000Q1A9EAK,a3Kbe000000BybCEAS,a3Obe000000Ktq1EAC,,true,2026-06-10T19:37:34.000+0000,2026-06-13T22:14:06.000+0000
a3Mbe000000KHNKEA4,RSC-003787,Qualquer,,,Atendimento,a3Nbe000000Q1A9EAK,a3Kbe000000BybCEAS,a3Obe000000Ktq2EAC,,true,2026-06-10T19:37:34.000+0000,2026-06-13T22:14:06.000+0000
a3Mbe000000KHNLEA4,RSC-003788,Qualquer,,,Atendimento,a3Nbe000000Q1A9EAK,a3Kbe000000BybCEAS,a3Obe000000Ktq4EAC,,true,2026-06-10T19:37:34.000+0000,2026-06-13T22:14:06.000+0000
a3Mbe000000KHNMEA4,RSC-003789,Qualquer,,,Atendimento,a3Nbe000000Q1A9EAK,a3Kbe000000C4BHEA0,a3Obe000000KtpzEAC,,true,2026-06-10T19:37:34.000+0000,2026-06-13T22:14:06.000+0000
a3Mbe000000KHNNEA4,RSC-003790,Qualquer,,,Atendimento,a3Nbe000000Q1A9EAK,a3Kbe000000C4BHEA0,a3Obe000000Ktq0EAC,,true,2026-06-10T19:37:34.000+0000,2026-06-13T22:14:06.000+0000
a3Mbe000000KHNOEA4,RSC-003791,Qualquer,,,Atendimento,a3Nbe000000Q1A9EAK,a3Kbe000000C4BHEA0,a3Obe000000Ktq1EAC,,true,2026-06-10T19:37:34.000+0000,2026-06-13T22:14:06.000+0000
a3Mbe000000KHNPEA4,RSC-003792,Qualquer,,,Atendimento,a3Nbe000000Q1A9EAK,a3Kbe000000C4BHEA0,a3Obe000000Ktq2EAC,,true,2026-06-10T19:37:34.000+0000,2026-06-13T22:14:06.000+0000
a3Mbe000000KHNQEA4,RSC-003793,Qualquer,,,Atendimento,a3Nbe000000Q1A9EAK,a3Kbe000000C4BHEA0,a3Obe000000Ktq4EAC,,true,2026-06-10T19:37:34.000+0000,2026-06-13T22:14:06.000+0000
a3Mbe000000KHNREA4,RSC-003794,Qualquer,,,Atendimento,a3Nbe000000Q1A9EAK,a3Kbe000000C4BIEA0,a3Obe000000KtpzEAC,,true,2026-06-10T19:37:34.000+0000,2026-06-13T22:14:06.000+0000
a3Mbe000000KHNSEA4,RSC-003795,Qualquer,,,Atendimento,a3Nbe000000Q1A9EAK,a3Kbe000000C4BIEA0,a3Obe000000Ktq0EAC,,true,2026-06-10T19:37:34.000+0000,2026-06-13T22:14:06.000+0000
a3Mbe000000KHNTEA4,RSC-003796,Qualquer,,,Atendimento,a3Nbe000000Q1A9EAK,a3Kbe000000C4BIEA0,a3Obe000000Ktq1EAC,,true,2026-06-10T19:37:34.000+0000,2026-06-13T22:14:06.000+0000
a3Mbe000000KHNUEA4,RSC-003797,Qualquer,,,Atendimento,a3Nbe000000Q1A9EAK,a3Kbe000000C4BIEA0,a3Obe000000Ktq2EAC,,true,2026-06-10T19:37:34.000+0000,2026-06-13T22:14:06.000+0000
a3Mbe000000KHNVEA4,RSC-003798,Qualquer,,,Atendimento,a3Nbe000000Q1A9EAK,a3Kbe000000C4BIEA0,a3Obe000000Ktq4EAC,,true,2026-06-10T19:37:34.000+0000,2026-06-13T22:14:06.000+0000
a3Mbe000000KHNWEA4,RSC-003799,Qualquer,,,Atendimento,a3Nbe000000Q1A9EAK,a3Kbe000000C4BJEA0,a3Obe000000KtpzEAC,,true,2026-06-10T19:37:34.000+0000,2026-06-13T22:14:06.000+0000
a3Mbe000000KHNXEA4,RSC-003800,Qualquer,,,Atendimento,a3Nbe000000Q1A9EAK,a3Kbe000000C4BJEA0,a3Obe000000Ktq0EAC,,true,2026-06-10T19:37:34.000+0000,2026-06-13T22:14:06.000+0000
a3Mbe000000KHNYEA4,RSC-003801,Qualquer,,,Atendimento,a3Nbe000000Q1A9EAK,a3Kbe000000C4BJEA0,a3Obe000000Ktq1EAC,,true,2026-06-10T19:37:34.000+0000,2026-06-13T22:14:06.000+0000
a3Mbe000000KHNZEA4,RSC-003802,Qualquer,,,Atendimento,a3Nbe000000Q1A9EAK,a3Kbe000000C4BJEA0,a3Obe000000Ktq2EAC,,true,2026-06-10T19:37:34.000+0000,2026-06-13T22:14:06.000+0000
a3Mbe000000KHNaEAO,RSC-003803,Qualquer,,,Atendimento,a3Nbe000000Q1A9EAK,a3Kbe000000C4BJEA0,a3Obe000000Ktq4EAC,,true,2026-06-10T19:37:34.000+0000,2026-06-13T22:14:06.000+0000
a3Mbe000000KHNbEAO,RSC-003804,Qualquer,,,Atendimento,a3Nbe000000Q1A9EAK,a3Kbe000000C4BKEA0,a3Obe000000KtpzEAC,,true,2026-06-10T19:37:34.000+0000,2026-06-13T22:14:06.000+0000
a3Mbe000000KHNcEAO,RSC-003805,Qualquer,,,Atendimento,a3Nbe000000Q1A9EAK,a3Kbe000000C4BKEA0,a3Obe000000Ktq0EAC,,true,2026-06-10T19:37:34.000+0000,2026-06-13T22:14:06.000+0000
a3Mbe000000KHNdEAO,RSC-003806,Qualquer,,,Atendimento,a3Nbe000000Q1A9EAK,a3Kbe000000C4BKEA0,a3Obe000000Ktq1EAC,,true,2026-06-10T19:37:34.000+0000,2026-06-13T22:14:06.000+0000
a3Mbe000000KHNeEAO,RSC-003807,Qualquer,,,Atendimento,a3Nbe000000Q1A9EAK,a3Kbe000000C4BKEA0,a3Obe000000Ktq2EAC,,true,2026-06-10T19:37:34.000+0000,2026-06-13T22:14:06.000+0000
a3Mbe000000KHNfEAO,RSC-003808,Qualquer,,,Atendimento,a3Nbe000000Q1A9EAK,a3Kbe000000C4BKEA0,a3Obe000000Ktq4EAC,,true,2026-06-10T19:37:34.000+0000,2026-06-13T22:14:06.000+0000
a3Mbe000000KHNgEAO,RSC-003809,Qualquer,,,Atendimento,a3Nbe000000Q1A9EAK,a3Kbe000000C4BLEA0,a3Obe000000KtpzEAC,,true,2026-06-10T19:37:34.000+0000,2026-06-13T22:14:06.000+0000
a3Mbe000000KHNhEAO,RSC-003810,Qualquer,,,Atendimento,a3Nbe000000Q1A9EAK,a3Kbe000000C4BLEA0,a3Obe000000Ktq0EAC,,true,2026-06-10T19:37:34.000+0000,2026-06-13T22:14:06.000+0000
a3Mbe000000KHNiEAO,RSC-003811,Qualquer,,,Atendimento,a3Nbe000000Q1A9EAK,a3Kbe000000C4BLEA0,a3Obe000000Ktq1EAC,,true,2026-06-10T19:37:34.000+0000,2026-06-13T22:14:06.000+0000
a3Mbe000000KHNjEAO,RSC-003812,Qualquer,,,Atendimento,a3Nbe000000Q1A9EAK,a3Kbe000000C4BLEA0,a3Obe000000Ktq2EAC,,true,2026-06-10T19:37:34.000+0000,2026-06-13T22:14:06.000+0000
a3Mbe000000KHNkEAO,RSC-003813,Qualquer,,,Atendimento,a3Nbe000000Q1A9EAK,a3Kbe000000C4BLEA0,a3Obe000000Ktq4EAC,,true,2026-06-10T19:37:34.000+0000,2026-06-13T22:14:06.000+0000
a3Mbe000000KHNlEAO,RSC-003814,Qualquer,,,Atendimento,a3Nbe000000Q1A9EAK,a3Kbe000000ByanEAC,a3Obe000000KtpzEAC,,true,2026-06-10T19:37:34.000+0000,2026-06-13T22:14:06.000+0000
a3Mbe000000KHNmEAO,RSC-003815,Qualquer,,,Atendimento,a3Nbe000000Q1A9EAK,a3Kbe000000ByanEAC,a3Obe000000Ktq0EAC,,true,2026-06-10T19:37:34.000+0000,2026-06-13T22:14:06.000+0000
a3Mbe000000KHNnEAO,RSC-003816,Qualquer,,,Atendimento,a3Nbe000000Q1A9EAK,a3Kbe000000ByanEAC,a3Obe000000Ktq1EAC,,true,2026-06-10T19:37:34.000+0000,2026-06-13T22:14:06.000+0000
a3Mbe000000KHNoEAO,RSC-003817,Qualquer,,,Atendimento,a3Nbe000000Q1A9EAK,a3Kbe000000ByanEAC,a3Obe000000Ktq2EAC,,true,2026-06-10T19:37:34.000+0000,2026-06-13T22:14:06.000+0000
a3Mbe000000KHNpEAO,RSC-003818,Qualquer,,,Atendimento,a3Nbe000000Q1A9EAK,a3Kbe000000ByanEAC,a3Obe000000Ktq4EAC,,true,2026-06-10T19:37:34.000+0000,2026-06-13T22:14:06.000+0000
a3Mbe000000KHNqEAO,RSC-003819,Qualquer,,,Atendimento,a3Nbe000000Q1A9EAK,a3Kbe000000ByapEAC,a3Obe000000KtpzEAC,,true,2026-06-10T19:37:34.000+0000,2026-06-13T22:14:06.000+0000
a3Mbe000000KHNrEAO,RSC-003820,Qualquer,,,Atendimento,a3Nbe000000Q1A9EAK,a3Kbe000000ByapEAC,a3Obe000000Ktq0EAC,,true,2026-06-10T19:37:34.000+0000,2026-06-13T22:14:06.000+0000
a3Mbe000000KHNsEAO,RSC-003821,Qualquer,,,Atendimento,a3Nbe000000Q1A9EAK,a3Kbe000000ByapEAC,a3Obe000000Ktq1EAC,,true,2026-06-10T19:37:34.000+0000,2026-06-13T22:14:06.000+0000
a3Mbe000000KHNtEAO,RSC-003822,Qualquer,,,Atendimento,a3Nbe000000Q1A9EAK,a3Kbe000000ByapEAC,a3Obe000000Ktq2EAC,,true,2026-06-10T19:37:34.000+0000,2026-06-13T22:14:06.000+0000
a3Mbe000000KHNuEAO,RSC-003823,Qualquer,,,Atendimento,a3Nbe000000Q1A9EAK,a3Kbe000000ByapEAC,a3Obe000000Ktq4EAC,,true,2026-06-10T19:37:34.000+0000,2026-06-13T22:14:06.000+0000
a3Mbe000000KHNvEAO,RSC-003824,Qualquer,,,Atendimento,a3Nbe000000Q1A9EAK,a3Kbe000000C4BMEA0,a3Obe000000KtpzEAC,,true,2026-06-10T19:37:34.000+0000,2026-06-13T22:14:06.000+0000
a3Mbe000000KHNwEAO,RSC-003825,Qualquer,,,Atendimento,a3Nbe000000Q1A9EAK,a3Kbe000000C4BMEA0,a3Obe000000Ktq0EAC,,true,2026-06-10T19:37:34.000+0000,2026-06-13T22:14:06.000+0000
a3Mbe000000KHNxEAO,RSC-003826,Qualquer,,,Atendimento,a3Nbe000000Q1A9EAK,a3Kbe000000C4BMEA0,a3Obe000000Ktq1EAC,,true,2026-06-10T19:37:34.000+0000,2026-06-13T22:14:06.000+0000
a3Mbe000000KHNyEAO,RSC-003827,Qualquer,,,Atendimento,a3Nbe000000Q1A9EAK,a3Kbe000000C4BMEA0,a3Obe000000Ktq2EAC,,true,2026-06-10T19:37:34.000+0000,2026-06-13T22:14:06.000+0000
a3Mbe000000KHNzEAO,RSC-003828,Qualquer,,,Atendimento,a3Nbe000000Q1A9EAK,a3Kbe000000C4BMEA0,a3Obe000000Ktq4EAC,,true,2026-06-10T19:37:34.000+0000,2026-06-13T22:14:06.000+0000
a3Mbe000000KHO0EAO,RSC-003829,Qualquer,,,Atendimento,a3Nbe000000Q1A9EAK,a3Kbe000000C4BNEA0,a3Obe000000KtpzEAC,,true,2026-06-10T19:37:34.000+0000,2026-06-13T22:14:06.000+0000
a3Mbe000000KHO1EAO,RSC-003830,Qualquer,,,Atendimento,a3Nbe000000Q1A9EAK,a3Kbe000000C4BNEA0,a3Obe000000Ktq0EAC,,true,2026-06-10T19:37:34.000+0000,2026-06-13T22:14:06.000+0000
a3Mbe000000KHO2EAO,RSC-003831,Qualquer,,,Atendimento,a3Nbe000000Q1A9EAK,a3Kbe000000C4BNEA0,a3Obe000000Ktq1EAC,,true,2026-06-10T19:37:34.000+0000,2026-06-13T22:14:06.000+0000
a3Mbe000000KHO3EAO,RSC-003832,Qualquer,,,Atendimento,a3Nbe000000Q1A9EAK,a3Kbe000000C4BNEA0,a3Obe000000Ktq2EAC,,true,2026-06-10T19:37:34.000+0000,2026-06-13T22:14:06.000+0000
a3Mbe000000KHO4EAO,RSC-003833,Qualquer,,,Atendimento,a3Nbe000000Q1A9EAK,a3Kbe000000C4BNEA0,a3Obe000000Ktq4EAC,,true,2026-06-10T19:37:34.000+0000,2026-06-13T22:14:06.000+0000
a3Mbe000000KHO5EAO,RSC-003834,Qualquer,,,Atendimento,a3Nbe000000Q1A9EAK,a3Kbe000000C4BOEA0,a3Obe000000KtpzEAC,,true,2026-06-10T19:37:35.000+0000,2026-06-13T22:14:06.000+0000
a3Mbe000000KHO6EAO,RSC-003835,Qualquer,,,Atendimento,a3Nbe000000Q1A9EAK,a3Kbe000000C4BOEA0,a3Obe000000Ktq0EAC,,true,2026-06-10T19:37:35.000+0000,2026-06-13T22:14:06.000+0000
a3Mbe000000KHO7EAO,RSC-003836,Qualquer,,,Atendimento,a3Nbe000000Q1A9EAK,a3Kbe000000C4BOEA0,a3Obe000000Ktq1EAC,,true,2026-06-10T19:37:35.000+0000,2026-06-13T22:14:06.000+0000
a3Mbe000000KHO8EAO,RSC-003837,Qualquer,,,Atendimento,a3Nbe000000Q1A9EAK,a3Kbe000000C4BOEA0,a3Obe000000Ktq2EAC,,true,2026-06-10T19:37:35.000+0000,2026-06-13T22:14:06.000+0000
a3Mbe000000KHO9EAO,RSC-003838,Qualquer,,,Atendimento,a3Nbe000000Q1A9EAK,a3Kbe000000C4BOEA0,a3Obe000000Ktq4EAC,,true,2026-06-10T19:37:35.000+0000,2026-06-13T22:14:06.000+0000
a3Mbe000000KHOAEA4,RSC-003839,Qualquer,,,Atendimento,a3Nbe000000Q1A9EAK,a3Kbe000000ByejEAC,a3Obe000000KtpzEAC,,true,2026-06-10T19:37:35.000+0000,2026-06-13T22:14:06.000+0000
a3Mbe000000KHOBEA4,RSC-003840,Qualquer,,,Atendimento,a3Nbe000000Q1A9EAK,a3Kbe000000ByejEAC,a3Obe000000Ktq0EAC,,true,2026-06-10T19:37:35.000+0000,2026-06-13T22:14:06.000+0000
a3Mbe000000KHOCEA4,RSC-003841,Qualquer,,,Atendimento,a3Nbe000000Q1A9EAK,a3Kbe000000ByejEAC,a3Obe000000Ktq1EAC,,true,2026-06-10T19:37:35.000+0000,2026-06-13T22:14:06.000+0000
a3Mbe000000KHODEA4,RSC-003842,Qualquer,,,Atendimento,a3Nbe000000Q1A9EAK,a3Kbe000000ByejEAC,a3Obe000000Ktq2EAC,,true,2026-06-10T19:37:35.000+0000,2026-06-13T22:14:06.000+0000
a3Mbe000000KHOEEA4,RSC-003843,Qualquer,,,Atendimento,a3Nbe000000Q1A9EAK,a3Kbe000000ByejEAC,a3Obe000000Ktq4EAC,,true,2026-06-10T19:37:35.000+0000,2026-06-13T22:14:06.000+0000
a3Mbe000000KHOFEA4,RSC-003844,Qualquer,,,Atendimento,a3Nbe000000Q1A9EAK,a3Kbe000000ByehEAC,a3Obe000000KtpzEAC,,true,2026-06-10T19:37:35.000+0000,2026-06-13T22:14:06.000+0000
a3Mbe000000KHOGEA4,RSC-003845,Qualquer,,,Atendimento,a3Nbe000000Q1A9EAK,a3Kbe000000ByehEAC,a3Obe000000Ktq0EAC,,true,2026-06-10T19:37:35.000+0000,2026-06-13T22:14:06.000+0000
a3Mbe000000KHOHEA4,RSC-003846,Qualquer,,,Atendimento,a3Nbe000000Q1A9EAK,a3Kbe000000ByehEAC,a3Obe000000Ktq1EAC,,true,2026-06-10T19:37:35.000+0000,2026-06-13T22:14:06.000+0000
a3Mbe000000KHOIEA4,RSC-003847,Qualquer,,,Atendimento,a3Nbe000000Q1A9EAK,a3Kbe000000ByehEAC,a3Obe000000Ktq2EAC,,true,2026-06-10T19:37:35.000+0000,2026-06-13T22:14:06.000+0000
a3Mbe000000KHOJEA4,RSC-003848,Qualquer,,,Atendimento,a3Nbe000000Q1A9EAK,a3Kbe000000ByehEAC,a3Obe000000Ktq4EAC,,true,2026-06-10T19:37:35.000+0000,2026-06-13T22:14:06.000+0000
a3Mbe000000KHOKEA4,RSC-003849,Qualquer,,,Atendimento,a3Nbe000000Q1A9EAK,a3Kbe000000ByatEAC,a3Obe000000KtpzEAC,,true,2026-06-10T19:37:35.000+0000,2026-06-13T22:14:06.000+0000
a3Mbe000000KHOLEA4,RSC-003850,Qualquer,,,Atendimento,a3Nbe000000Q1A9EAK,a3Kbe000000ByatEAC,a3Obe000000Ktq0EAC,,true,2026-06-10T19:37:35.000+0000,2026-06-13T22:14:06.000+0000
a3Mbe000000KHOMEA4,RSC-003851,Qualquer,,,Atendimento,a3Nbe000000Q1A9EAK,a3Kbe000000ByatEAC,a3Obe000000Ktq1EAC,,true,2026-06-10T19:37:35.000+0000,2026-06-13T22:14:06.000+0000
a3Mbe000000KHONEA4,RSC-003852,Qualquer,,,Atendimento,a3Nbe000000Q1A9EAK,a3Kbe000000ByatEAC,a3Obe000000Ktq2EAC,,true,2026-06-10T19:37:35.000+0000,2026-06-13T22:14:06.000+0000
a3Mbe000000KHOOEA4,RSC-003853,Qualquer,,,Atendimento,a3Nbe000000Q1A9EAK,a3Kbe000000ByatEAC,a3Obe000000Ktq4EAC,,true,2026-06-10T19:37:35.000+0000,2026-06-13T22:14:06.000+0000
a3Mbe000000KHOPEA4,RSC-003854,Qualquer,,,Atendimento,a3Nbe000000Q1A9EAK,a3Kbe000000ByazEAC,a3Obe000000KtpzEAC,,true,2026-06-10T19:37:35.000+0000,2026-06-13T22:14:06.000+0000
a3Mbe000000KHOQEA4,RSC-003855,Qualquer,,,Atendimento,a3Nbe000000Q1A9EAK,a3Kbe000000ByazEAC,a3Obe000000Ktq0EAC,,true,2026-06-10T19:37:35.000+0000,2026-06-13T22:14:06.000+0000
a3Mbe000000KHOREA4,RSC-003856,Qualquer,,,Atendimento,a3Nbe000000Q1A9EAK,a3Kbe000000ByazEAC,a3Obe000000Ktq1EAC,,true,2026-06-10T19:37:35.000+0000,2026-06-13T22:14:06.000+0000
a3Mbe000000KHOSEA4,RSC-003857,Qualquer,,,Atendimento,a3Nbe000000Q1A9EAK,a3Kbe000000ByazEAC,a3Obe000000Ktq2EAC,,true,2026-06-10T19:37:35.000+0000,2026-06-13T22:14:06.000+0000
a3Mbe000000KHOTEA4,RSC-003858,Qualquer,,,Atendimento,a3Nbe000000Q1A9EAK,a3Kbe000000ByazEAC,a3Obe000000Ktq4EAC,,true,2026-06-10T19:37:35.000+0000,2026-06-13T22:14:06.000+0000
a3Mbe000000KHOUEA4,RSC-003859,Qualquer,,,Atendimento,a3Nbe000000Q1A9EAK,a3Kbe000000ByarEAC,a3Obe000000KtpzEAC,,true,2026-06-10T19:37:35.000+0000,2026-06-13T22:14:06.000+0000
a3Mbe000000KHOVEA4,RSC-003860,Qualquer,,,Atendimento,a3Nbe000000Q1A9EAK,a3Kbe000000ByarEAC,a3Obe000000Ktq0EAC,,true,2026-06-10T19:37:35.000+0000,2026-06-13T22:14:06.000+0000
a3Mbe000000KHOWEA4,RSC-003861,Qualquer,,,Atendimento,a3Nbe000000Q1A9EAK,a3Kbe000000ByarEAC,a3Obe000000Ktq1EAC,,true,2026-06-10T19:37:35.000+0000,2026-06-13T22:14:06.000+0000
a3Mbe000000KHOXEA4,RSC-003862,Qualquer,,,Atendimento,a3Nbe000000Q1A9EAK,a3Kbe000000ByarEAC,a3Obe000000Ktq2EAC,,true,2026-06-10T19:37:35.000+0000,2026-06-13T22:14:06.000+0000
a3Mbe000000KHOYEA4,RSC-003863,Qualquer,,,Atendimento,a3Nbe000000Q1A9EAK,a3Kbe000000ByarEAC,a3Obe000000Ktq4EAC,,true,2026-06-10T19:37:35.000+0000,2026-06-13T22:14:06.000+0000
a3Mbe000000KHOZEA4,RSC-003864,Qualquer,,,Atendimento,a3Nbe000000Q1A9EAK,a3Kbe000000ByaxEAC,a3Obe000000KtpzEAC,,true,2026-06-10T19:37:35.000+0000,2026-06-13T22:14:06.000+0000
a3Mbe000000KHOaEAO,RSC-003865,Qualquer,,,Atendimento,a3Nbe000000Q1A9EAK,a3Kbe000000ByaxEAC,a3Obe000000Ktq0EAC,,true,2026-06-10T19:37:35.000+0000,2026-06-13T22:14:06.000+0000
a3Mbe000000KHObEAO,RSC-003866,Qualquer,,,Atendimento,a3Nbe000000Q1A9EAK,a3Kbe000000ByaxEAC,a3Obe000000Ktq1EAC,,true,2026-06-10T19:37:35.000+0000,2026-06-13T22:14:06.000+0000
a3Mbe000000KHOcEAO,RSC-003867,Qualquer,,,Atendimento,a3Nbe000000Q1A9EAK,a3Kbe000000ByaxEAC,a3Obe000000Ktq2EAC,,true,2026-06-10T19:37:35.000+0000,2026-06-13T22:14:06.000+0000
a3Mbe000000KHOdEAO,RSC-003868,Qualquer,,,Atendimento,a3Nbe000000Q1A9EAK,a3Kbe000000ByaxEAC,a3Obe000000Ktq4EAC,,true,2026-06-10T19:37:35.000+0000,2026-06-13T22:14:06.000+0000
a3Mbe000000KHOeEAO,RSC-003869,Qualquer,,,Atendimento,a3Nbe000000Q1A9EAK,a3Kbe000000ByavEAC,a3Obe000000KtpzEAC,,true,2026-06-10T19:37:35.000+0000,2026-06-13T22:14:06.000+0000
a3Mbe000000KHOfEAO,RSC-003870,Qualquer,,,Atendimento,a3Nbe000000Q1A9EAK,a3Kbe000000ByavEAC,a3Obe000000Ktq0EAC,,true,2026-06-10T19:37:35.000+0000,2026-06-13T22:14:06.000+0000
a3Mbe000000KHOgEAO,RSC-003871,Qualquer,,,Atendimento,a3Nbe000000Q1A9EAK,a3Kbe000000ByavEAC,a3Obe000000Ktq1EAC,,true,2026-06-10T19:37:35.000+0000,2026-06-13T22:14:06.000+0000
a3Mbe000000KHOhEAO,RSC-003872,Qualquer,,,Atendimento,a3Nbe000000Q1A9EAK,a3Kbe000000ByavEAC,a3Obe000000Ktq2EAC,,true,2026-06-10T19:37:35.000+0000,2026-06-13T22:14:06.000+0000
a3Mbe000000KHOiEAO,RSC-003873,Qualquer,,,Atendimento,a3Nbe000000Q1A9EAK,a3Kbe000000ByavEAC,a3Obe000000Ktq4EAC,,true,2026-06-10T19:37:35.000+0000,2026-06-13T22:14:06.000+0000
a3Mbe000000KHOjEAO,RSC-003874,Qualquer,,,Atendimento,a3Nbe000000Q1A9EAK,a3Kbe000000Byb1EAC,a3Obe000000KtpzEAC,,true,2026-06-10T19:37:35.000+0000,2026-06-13T22:14:06.000+0000
a3Mbe000000KHOkEAO,RSC-003875,Qualquer,,,Atendimento,a3Nbe000000Q1A9EAK,a3Kbe000000Byb1EAC,a3Obe000000Ktq0EAC,,true,2026-06-10T19:37:35.000+0000,2026-06-13T22:14:06.000+0000
a3Mbe000000KHOlEAO,RSC-003876,Qualquer,,,Atendimento,a3Nbe000000Q1A9EAK,a3Kbe000000Byb1EAC,a3Obe000000Ktq1EAC,,true,2026-06-10T19:37:35.000+0000,2026-06-13T22:14:06.000+0000
a3Mbe000000KHOmEAO,RSC-003877,Qualquer,,,Atendimento,a3Nbe000000Q1A9EAK,a3Kbe000000Byb1EAC,a3Obe000000Ktq2EAC,,true,2026-06-10T19:37:35.000+0000,2026-06-13T22:14:06.000+0000
a3Mbe000000KHOnEAO,RSC-003878,Qualquer,,,Atendimento,a3Nbe000000Q1A9EAK,a3Kbe000000Byb1EAC,a3Obe000000Ktq4EAC,,true,2026-06-10T19:37:35.000+0000,2026-06-13T22:14:06.000+0000
a3Mbe000000KHOoEAO,RSC-003879,Qualquer,,,Atendimento,a3Nbe000000Q1A9EAK,a3Kbe000000C4BPEA0,a3Obe000000KtpzEAC,,true,2026-06-10T19:37:35.000+0000,2026-06-13T22:14:06.000+0000
a3Mbe000000KHOpEAO,RSC-003880,Qualquer,,,Atendimento,a3Nbe000000Q1A9EAK,a3Kbe000000C4BPEA0,a3Obe000000Ktq0EAC,,true,2026-06-10T19:37:35.000+0000,2026-06-13T22:14:06.000+0000
a3Mbe000000KHOqEAO,RSC-003881,Qualquer,,,Atendimento,a3Nbe000000Q1A9EAK,a3Kbe000000C4BPEA0,a3Obe000000Ktq1EAC,,true,2026-06-10T19:37:35.000+0000,2026-06-13T22:14:06.000+0000
a3Mbe000000KHOrEAO,RSC-003882,Qualquer,,,Atendimento,a3Nbe000000Q1A9EAK,a3Kbe000000C4BPEA0,a3Obe000000Ktq2EAC,,true,2026-06-10T19:37:35.000+0000,2026-06-13T22:14:06.000+0000
a3Mbe000000KHOsEAO,RSC-003883,Qualquer,,,Atendimento,a3Nbe000000Q1A9EAK,a3Kbe000000C4BPEA0,a3Obe000000Ktq4EAC,,true,2026-06-10T19:37:35.000+0000,2026-06-13T22:14:06.000+0000
a3Mbe000000KHOtEAO,RSC-003884,Qualquer,,,Atendimento,a3Nbe000000Q1A9EAK,a3Kbe000000Byb3EAC,a3Obe000000KtpzEAC,,true,2026-06-10T19:37:35.000+0000,2026-06-13T22:14:06.000+0000
a3Mbe000000KHOuEAO,RSC-003885,Qualquer,,,Atendimento,a3Nbe000000Q1A9EAK,a3Kbe000000Byb3EAC,a3Obe000000Ktq0EAC,,true,2026-06-10T19:37:35.000+0000,2026-06-13T22:14:06.000+0000
a3Mbe000000KHOvEAO,RSC-003886,Qualquer,,,Atendimento,a3Nbe000000Q1A9EAK,a3Kbe000000Byb3EAC,a3Obe000000Ktq1EAC,,true,2026-06-10T19:37:35.000+0000,2026-06-13T22:14:06.000+0000
a3Mbe000000KHOwEAO,RSC-003887,Qualquer,,,Atendimento,a3Nbe000000Q1A9EAK,a3Kbe000000Byb3EAC,a3Obe000000Ktq2EAC,,true,2026-06-10T19:37:35.000+0000,2026-06-13T22:14:06.000+0000
a3Mbe000000KHOxEAO,RSC-003888,Qualquer,,,Atendimento,a3Nbe000000Q1A9EAK,a3Kbe000000Byb3EAC,a3Obe000000Ktq4EAC,,true,2026-06-10T19:37:35.000+0000,2026-06-13T22:14:06.000+0000
a3Mbe000000KHOyEAO,RSC-003889,Qualquer,,,Atendimento,a3Nbe000000Q1A9EAK,a3Kbe000000C4BQEA0,a3Obe000000KtpzEAC,,true,2026-06-10T19:37:35.000+0000,2026-06-13T22:14:06.000+0000
a3Mbe000000KHOzEAO,RSC-003890,Qualquer,,,Atendimento,a3Nbe000000Q1A9EAK,a3Kbe000000C4BQEA0,a3Obe000000Ktq0EAC,,true,2026-06-10T19:37:35.000+0000,2026-06-13T22:14:06.000+0000
a3Mbe000000KHP0EAO,RSC-003891,Qualquer,,,Atendimento,a3Nbe000000Q1A9EAK,a3Kbe000000C4BQEA0,a3Obe000000Ktq1EAC,,true,2026-06-10T19:37:35.000+0000,2026-06-13T22:14:06.000+0000
a3Mbe000000KHP1EAO,RSC-003892,Qualquer,,,Atendimento,a3Nbe000000Q1A9EAK,a3Kbe000000C4BQEA0,a3Obe000000Ktq2EAC,,true,2026-06-10T19:37:35.000+0000,2026-06-13T22:14:06.000+0000
a3Mbe000000KHP2EAO,RSC-003893,Qualquer,,,Atendimento,a3Nbe000000Q1A9EAK,a3Kbe000000C4BQEA0,a3Obe000000Ktq4EAC,,true,2026-06-10T19:37:35.000+0000,2026-06-13T22:14:06.000+0000
a3Mbe000000KHP3EAO,RSC-003894,Qualquer,,,Atendimento,a3Nbe000000Q1A9EAK,a3Kbe000000C4BREA0,a3Obe000000KtpzEAC,,true,2026-06-10T19:37:35.000+0000,2026-06-13T22:14:06.000+0000
a3Mbe000000KHP4EAO,RSC-003895,Qualquer,,,Atendimento,a3Nbe000000Q1A9EAK,a3Kbe000000C4BREA0,a3Obe000000Ktq0EAC,,true,2026-06-10T19:37:35.000+0000,2026-06-13T22:14:06.000+0000
a3Mbe000000KHP5EAO,RSC-003896,Qualquer,,,Atendimento,a3Nbe000000Q1A9EAK,a3Kbe000000C4BREA0,a3Obe000000Ktq1EAC,,true,2026-06-10T19:37:35.000+0000,2026-06-13T22:14:06.000+0000
a3Mbe000000KHP6EAO,RSC-003897,Qualquer,,,Atendimento,a3Nbe000000Q1A9EAK,a3Kbe000000C4BREA0,a3Obe000000Ktq2EAC,,true,2026-06-10T19:37:35.000+0000,2026-06-13T22:14:06.000+0000
a3Mbe000000KHP7EAO,RSC-003898,Qualquer,,,Atendimento,a3Nbe000000Q1A9EAK,a3Kbe000000C4BREA0,a3Obe000000Ktq4EAC,,true,2026-06-10T19:37:35.000+0000,2026-06-13T22:14:06.000+0000
a3Mbe000000KHP8EAO,RSC-003899,Qualquer,,,Atendimento,a3Nbe000000Q1A9EAK,a3Kbe000000ByelEAC,a3Obe000000KtpzEAC,,true,2026-06-10T19:37:35.000+0000,2026-06-13T22:14:06.000+0000
a3Mbe000000KHP9EAO,RSC-003900,Qualquer,,,Atendimento,a3Nbe000000Q1A9EAK,a3Kbe000000ByelEAC,a3Obe000000Ktq0EAC,,true,2026-06-10T19:37:35.000+0000,2026-06-13T22:14:06.000+0000
a3Mbe000000KHPAEA4,RSC-003901,Qualquer,,,Atendimento,a3Nbe000000Q1A9EAK,a3Kbe000000ByelEAC,a3Obe000000Ktq1EAC,,true,2026-06-10T19:37:35.000+0000,2026-06-13T22:14:06.000+0000
a3Mbe000000KHPBEA4,RSC-003902,Qualquer,,,Atendimento,a3Nbe000000Q1A9EAK,a3Kbe000000ByelEAC,a3Obe000000Ktq2EAC,,true,2026-06-10T19:37:35.000+0000,2026-06-13T22:14:06.000+0000
a3Mbe000000KHPCEA4,RSC-003903,Qualquer,,,Atendimento,a3Nbe000000Q1A9EAK,a3Kbe000000ByelEAC,a3Obe000000Ktq4EAC,,true,2026-06-10T19:37:35.000+0000,2026-06-13T22:14:06.000+0000
a3Mbe000000KHPDEA4,RSC-003904,Qualquer,,,Atendimento,a3Nbe000000Q1A9EAK,a3Kbe000000ByenEAC,a3Obe000000KtpzEAC,,true,2026-06-10T19:37:35.000+0000,2026-06-13T22:14:06.000+0000
a3Mbe000000KHPEEA4,RSC-003905,Qualquer,,,Atendimento,a3Nbe000000Q1A9EAK,a3Kbe000000ByenEAC,a3Obe000000Ktq0EAC,,true,2026-06-10T19:37:35.000+0000,2026-06-13T22:14:06.000+0000
a3Mbe000000KHPFEA4,RSC-003906,Qualquer,,,Atendimento,a3Nbe000000Q1A9EAK,a3Kbe000000ByenEAC,a3Obe000000Ktq1EAC,,true,2026-06-10T19:37:35.000+0000,2026-06-13T22:14:06.000+0000
a3Mbe000000KHPGEA4,RSC-003907,Qualquer,,,Atendimento,a3Nbe000000Q1A9EAK,a3Kbe000000ByenEAC,a3Obe000000Ktq2EAC,,true,2026-06-10T19:37:35.000+0000,2026-06-13T22:14:06.000+0000
a3Mbe000000KHPHEA4,RSC-003908,Qualquer,,,Atendimento,a3Nbe000000Q1A9EAK,a3Kbe000000ByenEAC,a3Obe000000Ktq4EAC,,true,2026-06-10T19:37:35.000+0000,2026-06-13T22:14:06.000+0000
a3Mbe000000KHPIEA4,RSC-003909,Qualquer,,,Atendimento,a3Nbe000000Q1A9EAK,a3Kbe000000Byb5EAC,a3Obe000000KtpzEAC,,true,2026-06-10T19:37:35.000+0000,2026-06-13T22:14:06.000+0000
a3Mbe000000KHPJEA4,RSC-003910,Qualquer,,,Atendimento,a3Nbe000000Q1A9EAK,a3Kbe000000Byb5EAC,a3Obe000000Ktq0EAC,,true,2026-06-10T19:37:35.000+0000,2026-06-13T22:14:06.000+0000
a3Mbe000000KHPKEA4,RSC-003911,Qualquer,,,Atendimento,a3Nbe000000Q1A9EAK,a3Kbe000000Byb5EAC,a3Obe000000Ktq1EAC,,true,2026-06-10T19:37:35.000+0000,2026-06-13T22:14:06.000+0000
a3Mbe000000KHPLEA4,RSC-003912,Qualquer,,,Atendimento,a3Nbe000000Q1A9EAK,a3Kbe000000Byb5EAC,a3Obe000000Ktq2EAC,,true,2026-06-10T19:37:35.000+0000,2026-06-13T22:14:06.000+0000
a3Mbe000000KHPMEA4,RSC-003913,Qualquer,,,Atendimento,a3Nbe000000Q1A9EAK,a3Kbe000000Byb5EAC,a3Obe000000Ktq4EAC,,true,2026-06-10T19:37:35.000+0000,2026-06-13T22:14:06.000+0000
a3Mbe000000KHPNEA4,RSC-003914,Qualquer,,,Atendimento,a3Nbe000000Q1A9EAK,a3Kbe000000Byb9EAC,a3Obe000000KtpzEAC,,true,2026-06-10T19:37:35.000+0000,2026-06-13T22:14:06.000+0000
a3Mbe000000KHPOEA4,RSC-003915,Qualquer,,,Atendimento,a3Nbe000000Q1A9EAK,a3Kbe000000Byb9EAC,a3Obe000000Ktq0EAC,,true,2026-06-10T19:37:35.000+0000,2026-06-13T22:14:06.000+0000
a3Mbe000000KHPPEA4,RSC-003916,Qualquer,,,Atendimento,a3Nbe000000Q1A9EAK,a3Kbe000000Byb9EAC,a3Obe000000Ktq1EAC,,true,2026-06-10T19:37:35.000+0000,2026-06-13T22:14:06.000+0000
a3Mbe000000KHPQEA4,RSC-003917,Qualquer,,,Atendimento,a3Nbe000000Q1A9EAK,a3Kbe000000Byb9EAC,a3Obe000000Ktq2EAC,,true,2026-06-10T19:37:35.000+0000,2026-06-13T22:14:06.000+0000
a3Mbe000000KHPREA4,RSC-003918,Qualquer,,,Atendimento,a3Nbe000000Q1A9EAK,a3Kbe000000Byb9EAC,a3Obe000000Ktq4EAC,,true,2026-06-10T19:37:35.000+0000,2026-06-13T22:14:06.000+0000
a3Mbe000000KHPSEA4,RSC-003919,Qualquer,,,Atendimento,a3Nbe000000Q1A9EAK,a3Kbe000000Byb7EAC,a3Obe000000KtpzEAC,,true,2026-06-10T19:37:35.000+0000,2026-06-13T22:14:06.000+0000
a3Mbe000000KHPTEA4,RSC-003920,Qualquer,,,Atendimento,a3Nbe000000Q1A9EAK,a3Kbe000000Byb7EAC,a3Obe000000Ktq0EAC,,true,2026-06-10T19:37:35.000+0000,2026-06-13T22:14:06.000+0000
a3Mbe000000KHPUEA4,RSC-003921,Qualquer,,,Atendimento,a3Nbe000000Q1A9EAK,a3Kbe000000Byb7EAC,a3Obe000000Ktq1EAC,,true,2026-06-10T19:37:35.000+0000,2026-06-13T22:14:06.000+0000
a3Mbe000000KHPVEA4,RSC-003922,Qualquer,,,Atendimento,a3Nbe000000Q1A9EAK,a3Kbe000000Byb7EAC,a3Obe000000Ktq2EAC,,true,2026-06-10T19:37:35.000+0000,2026-06-13T22:14:06.000+0000
a3Mbe000000KHPWEA4,RSC-003923,Qualquer,,,Atendimento,a3Nbe000000Q1A9EAK,a3Kbe000000Byb7EAC,a3Obe000000Ktq4EAC,,true,2026-06-10T19:37:35.000+0000,2026-06-13T22:14:06.000+0000
a3Mbe000000KHPXEA4,RSC-003924,Qualquer,,,Atendimento,a3Nbe000000Q1A9EAK,a3Kbe000000C4BSEA0,a3Obe000000KtpzEAC,,true,2026-06-10T19:37:35.000+0000,2026-06-13T22:14:06.000+0000
a3Mbe000000KHPYEA4,RSC-003925,Qualquer,,,Atendimento,a3Nbe000000Q1A9EAK,a3Kbe000000C4BSEA0,a3Obe000000Ktq0EAC,,true,2026-06-10T19:37:35.000+0000,2026-06-13T22:14:06.000+0000
a3Mbe000000KHPZEA4,RSC-003926,Qualquer,,,Atendimento,a3Nbe000000Q1A9EAK,a3Kbe000000C4BSEA0,a3Obe000000Ktq1EAC,,true,2026-06-10T19:37:35.000+0000,2026-06-13T22:14:06.000+0000
a3Mbe000000KHPaEAO,RSC-003927,Qualquer,,,Atendimento,a3Nbe000000Q1A9EAK,a3Kbe000000C4BSEA0,a3Obe000000Ktq2EAC,,true,2026-06-10T19:37:35.000+0000,2026-06-13T22:14:06.000+0000
a3Mbe000000KHPbEAO,RSC-003928,Qualquer,,,Atendimento,a3Nbe000000Q1A9EAK,a3Kbe000000C4BSEA0,a3Obe000000Ktq4EAC,,true,2026-06-10T19:37:35.000+0000,2026-06-13T22:14:06.000+0000
a3Mbe000000KHPcEAO,RSC-003929,Qualquer,,,Atendimento,a3Nbe000000Q1A9EAK,a3Kbe000000C4BTEA0,a3Obe000000KtpzEAC,,true,2026-06-10T19:37:35.000+0000,2026-06-13T22:14:06.000+0000
a3Mbe000000KHPdEAO,RSC-003930,Qualquer,,,Atendimento,a3Nbe000000Q1A9EAK,a3Kbe000000C4BTEA0,a3Obe000000Ktq0EAC,,true,2026-06-10T19:37:35.000+0000,2026-06-13T22:14:06.000+0000
a3Mbe000000KHPeEAO,RSC-003931,Qualquer,,,Atendimento,a3Nbe000000Q1A9EAK,a3Kbe000000C4BTEA0,a3Obe000000Ktq1EAC,,true,2026-06-10T19:37:35.000+0000,2026-06-13T22:14:06.000+0000
a3Mbe000000KHPfEAO,RSC-003932,Qualquer,,,Atendimento,a3Nbe000000Q1A9EAK,a3Kbe000000C4BTEA0,a3Obe000000Ktq2EAC,,true,2026-06-10T19:37:35.000+0000,2026-06-13T22:14:06.000+0000
a3Mbe000000KHPgEAO,RSC-003933,Qualquer,,,Atendimento,a3Nbe000000Q1A9EAK,a3Kbe000000C4BTEA0,a3Obe000000Ktq4EAC,,true,2026-06-10T19:37:35.000+0000,2026-06-13T22:14:06.000+0000
a3Mbe000000KHPhEAO,RSC-003934,Qualquer,,,Atendimento,a3Nbe000000Q1A9EAK,a3Kbe000000C4BUEA0,a3Obe000000KtpzEAC,,true,2026-06-10T19:37:35.000+0000,2026-06-13T22:14:06.000+0000
a3Mbe000000KHPiEAO,RSC-003935,Qualquer,,,Atendimento,a3Nbe000000Q1A9EAK,a3Kbe000000C4BUEA0,a3Obe000000Ktq0EAC,,true,2026-06-10T19:37:35.000+0000,2026-06-13T22:14:06.000+0000
a3Mbe000000KHPjEAO,RSC-003936,Qualquer,,,Atendimento,a3Nbe000000Q1A9EAK,a3Kbe000000C4BUEA0,a3Obe000000Ktq1EAC,,true,2026-06-10T19:37:35.000+0000,2026-06-13T22:14:06.000+0000
a3Mbe000000KHPkEAO,RSC-003937,Qualquer,,,Atendimento,a3Nbe000000Q1A9EAK,a3Kbe000000C4BUEA0,a3Obe000000Ktq2EAC,,true,2026-06-10T19:37:35.000+0000,2026-06-13T22:14:06.000+0000
a3Mbe000000KHPlEAO,RSC-003938,Qualquer,,,Atendimento,a3Nbe000000Q1A9EAK,a3Kbe000000C4BUEA0,a3Obe000000Ktq4EAC,,true,2026-06-10T19:37:35.000+0000,2026-06-13T22:14:06.000+0000
a3Mbe000000KHPmEAO,RSC-003939,Qualquer,,,Atendimento,a3Nbe000000Q1A9EAK,a3Kbe000000C4BVEA0,a3Obe000000KtpzEAC,,true,2026-06-10T19:37:35.000+0000,2026-06-13T22:14:06.000+0000
a3Mbe000000KHPnEAO,RSC-003940,Qualquer,,,Atendimento,a3Nbe000000Q1A9EAK,a3Kbe000000C4BVEA0,a3Obe000000Ktq0EAC,,true,2026-06-10T19:37:35.000+0000,2026-06-13T22:14:06.000+0000
a3Mbe000000KHPoEAO,RSC-003941,Qualquer,,,Atendimento,a3Nbe000000Q1A9EAK,a3Kbe000000C4BVEA0,a3Obe000000Ktq1EAC,,true,2026-06-10T19:37:35.000+0000,2026-06-13T22:14:06.000+0000
a3Mbe000000KHPpEAO,RSC-003942,Qualquer,,,Atendimento,a3Nbe000000Q1A9EAK,a3Kbe000000C4BVEA0,a3Obe000000Ktq2EAC,,true,2026-06-10T19:37:35.000+0000,2026-06-13T22:14:06.000+0000
a3Mbe000000KHPqEAO,RSC-003943,Qualquer,,,Atendimento,a3Nbe000000Q1A9EAK,a3Kbe000000C4BVEA0,a3Obe000000Ktq4EAC,,true,2026-06-10T19:37:35.000+0000,2026-06-13T22:14:06.000+0000
a3Mbe000000KHPrEAO,RSC-003944,Qualquer,,,Atendimento,a3Nbe000000Q1A9EAK,a3Kbe000000BybLEAS,a3Obe000000KtpzEAC,,true,2026-06-10T19:37:35.000+0000,2026-06-13T22:14:06.000+0000
a3Mbe000000KHPsEAO,RSC-003945,Qualquer,,,Atendimento,a3Nbe000000Q1A9EAK,a3Kbe000000BybLEAS,a3Obe000000Ktq0EAC,,true,2026-06-10T19:37:35.000+0000,2026-06-13T22:14:06.000+0000
a3Mbe000000KHPtEAO,RSC-003946,Qualquer,,,Atendimento,a3Nbe000000Q1A9EAK,a3Kbe000000BybLEAS,a3Obe000000Ktq1EAC,,true,2026-06-10T19:37:35.000+0000,2026-06-13T22:14:06.000+0000
a3Mbe000000KHPuEAO,RSC-003947,Qualquer,,,Atendimento,a3Nbe000000Q1A9EAK,a3Kbe000000BybLEAS,a3Obe000000Ktq2EAC,,true,2026-06-10T19:37:35.000+0000,2026-06-13T22:14:06.000+0000
a3Mbe000000KHPvEAO,RSC-003948,Qualquer,,,Atendimento,a3Nbe000000Q1A9EAK,a3Kbe000000BybLEAS,a3Obe000000Ktq4EAC,,true,2026-06-10T19:37:35.000+0000,2026-06-13T22:14:06.000+0000
a3Mbe000000KHPwEAO,RSC-003949,Qualquer,,,Atendimento,a3Nbe000000Q1A9EAK,a3Kbe000000BybJEAS,a3Obe000000KtpzEAC,,true,2026-06-10T19:37:35.000+0000,2026-06-13T22:14:06.000+0000
a3Mbe000000KHPxEAO,RSC-003950,Qualquer,,,Atendimento,a3Nbe000000Q1A9EAK,a3Kbe000000BybJEAS,a3Obe000000Ktq0EAC,,true,2026-06-10T19:37:35.000+0000,2026-06-13T22:14:06.000+0000
a3Mbe000000KHPyEAO,RSC-003951,Qualquer,,,Atendimento,a3Nbe000000Q1A9EAK,a3Kbe000000BybJEAS,a3Obe000000Ktq1EAC,,true,2026-06-10T19:37:35.000+0000,2026-06-13T22:14:06.000+0000
a3Mbe000000KHPzEAO,RSC-003952,Qualquer,,,Atendimento,a3Nbe000000Q1A9EAK,a3Kbe000000BybJEAS,a3Obe000000Ktq2EAC,,true,2026-06-10T19:37:35.000+0000,2026-06-13T22:14:06.000+0000
a3Mbe000000KHQ0EAO,RSC-003953,Qualquer,,,Atendimento,a3Nbe000000Q1A9EAK,a3Kbe000000BybJEAS,a3Obe000000Ktq4EAC,,true,2026-06-10T19:37:35.000+0000,2026-06-13T22:14:06.000+0000
a3Mbe000000KHQ1EAO,RSC-003954,Qualquer,,,Atendimento,a3Nbe000000Q1A9EAK,a3Kbe000000BybBEAS,a3Obe000000KtpzEAC,,true,2026-06-10T19:37:35.000+0000,2026-06-13T22:14:06.000+0000
a3Mbe000000KHQ2EAO,RSC-003955,Qualquer,,,Atendimento,a3Nbe000000Q1A9EAK,a3Kbe000000BybBEAS,a3Obe000000Ktq0EAC,,true,2026-06-10T19:37:35.000+0000,2026-06-13T22:14:06.000+0000
a3Mbe000000KHQ3EAO,RSC-003956,Qualquer,,,Atendimento,a3Nbe000000Q1A9EAK,a3Kbe000000BybBEAS,a3Obe000000Ktq1EAC,,true,2026-06-10T19:37:35.000+0000,2026-06-13T22:14:06.000+0000
a3Mbe000000KHQ4EAO,RSC-003957,Qualquer,,,Atendimento,a3Nbe000000Q1A9EAK,a3Kbe000000BybBEAS,a3Obe000000Ktq2EAC,,true,2026-06-10T19:37:35.000+0000,2026-06-13T22:14:06.000+0000
a3Mbe000000KHQ5EAO,RSC-003958,Qualquer,,,Atendimento,a3Nbe000000Q1A9EAK,a3Kbe000000BybBEAS,a3Obe000000Ktq4EAC,,true,2026-06-10T19:37:35.000+0000,2026-06-13T22:14:06.000+0000
a3Mbe000000KHQ6EAO,RSC-003959,Qualquer,,,Atendimento,a3Nbe000000Q1A9EAK,a3Kbe000000BybFEAS,a3Obe000000KtpzEAC,,true,2026-06-10T19:37:35.000+0000,2026-06-13T22:14:06.000+0000
a3Mbe000000KHQ7EAO,RSC-003960,Qualquer,,,Atendimento,a3Nbe000000Q1A9EAK,a3Kbe000000BybFEAS,a3Obe000000Ktq0EAC,,true,2026-06-10T19:37:35.000+0000,2026-06-13T22:14:06.000+0000
a3Mbe000000KHQ8EAO,RSC-003961,Qualquer,,,Atendimento,a3Nbe000000Q1A9EAK,a3Kbe000000BybFEAS,a3Obe000000Ktq1EAC,,true,2026-06-10T19:37:35.000+0000,2026-06-13T22:14:06.000+0000
a3Mbe000000KHQ9EAO,RSC-003962,Qualquer,,,Atendimento,a3Nbe000000Q1A9EAK,a3Kbe000000BybFEAS,a3Obe000000Ktq2EAC,,true,2026-06-10T19:37:35.000+0000,2026-06-13T22:14:06.000+0000
a3Mbe000000KHQAEA4,RSC-003963,Qualquer,,,Atendimento,a3Nbe000000Q1A9EAK,a3Kbe000000BybFEAS,a3Obe000000Ktq4EAC,,true,2026-06-10T19:37:35.000+0000,2026-06-13T22:14:06.000+0000
a3Mbe000000KHQBEA4,RSC-003964,Qualquer,,,Atendimento,a3Nbe000000Q1A9EAK,a3Kbe000000BybHEAS,a3Obe000000KtpzEAC,,true,2026-06-10T19:37:35.000+0000,2026-06-13T22:14:06.000+0000
a3Mbe000000KHQCEA4,RSC-003965,Qualquer,,,Atendimento,a3Nbe000000Q1A9EAK,a3Kbe000000BybHEAS,a3Obe000000Ktq0EAC,,true,2026-06-10T19:37:35.000+0000,2026-06-13T22:14:06.000+0000
a3Mbe000000KHQDEA4,RSC-003966,Qualquer,,,Atendimento,a3Nbe000000Q1A9EAK,a3Kbe000000BybHEAS,a3Obe000000Ktq1EAC,,true,2026-06-10T19:37:35.000+0000,2026-06-13T22:14:06.000+0000
a3Mbe000000KHQEEA4,RSC-003967,Qualquer,,,Atendimento,a3Nbe000000Q1A9EAK,a3Kbe000000BybHEAS,a3Obe000000Ktq2EAC,,true,2026-06-10T19:37:35.000+0000,2026-06-13T22:14:06.000+0000
a3Mbe000000KHQFEA4,RSC-003968,Qualquer,,,Atendimento,a3Nbe000000Q1A9EAK,a3Kbe000000BybHEAS,a3Obe000000Ktq4EAC,,true,2026-06-10T19:37:35.000+0000,2026-06-13T22:14:06.000+0000
a3Mbe000000KHQGEA4,RSC-003969,Qualquer,,,Atendimento,a3Nbe000000Q1A9EAK,a3Kbe000000BybDEAS,a3Obe000000KtpzEAC,,true,2026-06-10T19:37:35.000+0000,2026-06-13T22:14:06.000+0000
a3Mbe000000KHQHEA4,RSC-003970,Qualquer,,,Atendimento,a3Nbe000000Q1A9EAK,a3Kbe000000BybDEAS,a3Obe000000Ktq0EAC,,true,2026-06-10T19:37:35.000+0000,2026-06-13T22:14:06.000+0000
a3Mbe000000KHQIEA4,RSC-003971,Qualquer,,,Atendimento,a3Nbe000000Q1A9EAK,a3Kbe000000BybDEAS,a3Obe000000Ktq1EAC,,true,2026-06-10T19:37:35.000+0000,2026-06-13T22:14:06.000+0000
a3Mbe000000KHQJEA4,RSC-003972,Qualquer,,,Atendimento,a3Nbe000000Q1A9EAK,a3Kbe000000BybDEAS,a3Obe000000Ktq2EAC,,true,2026-06-10T19:37:35.000+0000,2026-06-13T22:14:06.000+0000
a3Mbe000000KHQKEA4,RSC-003973,Qualquer,,,Atendimento,a3Nbe000000Q1A9EAK,a3Kbe000000BybDEAS,a3Obe000000Ktq4EAC,,true,2026-06-10T19:37:35.000+0000,2026-06-13T22:14:06.000+0000
a3Mbe000000KHQLEA4,RSC-003974,Qualquer,,,Atendimento,a3Nbe000000Q1A9EAK,a3Kbe000000C4BWEA0,a3Obe000000KtpzEAC,,true,2026-06-10T19:37:35.000+0000,2026-06-13T22:14:06.000+0000
a3Mbe000000KHQMEA4,RSC-003975,Qualquer,,,Atendimento,a3Nbe000000Q1A9EAK,a3Kbe000000C4BWEA0,a3Obe000000Ktq0EAC,,true,2026-06-10T19:37:35.000+0000,2026-06-13T22:14:06.000+0000
a3Mbe000000KHQNEA4,RSC-003976,Qualquer,,,Atendimento,a3Nbe000000Q1A9EAK,a3Kbe000000C4BWEA0,a3Obe000000Ktq1EAC,,true,2026-06-10T19:37:35.000+0000,2026-06-13T22:14:06.000+0000
a3Mbe000000KHQOEA4,RSC-003977,Qualquer,,,Atendimento,a3Nbe000000Q1A9EAK,a3Kbe000000C4BWEA0,a3Obe000000Ktq2EAC,,true,2026-06-10T19:37:35.000+0000,2026-06-13T22:14:06.000+0000
a3Mbe000000KHQPEA4,RSC-003978,Qualquer,,,Atendimento,a3Nbe000000Q1A9EAK,a3Kbe000000C4BWEA0,a3Obe000000Ktq4EAC,,true,2026-06-10T19:37:35.000+0000,2026-06-13T22:14:06.000+0000
a3Mbe000000KHQQEA4,RSC-003979,Qualquer,,,Atendimento,a3Nbe000000Q1A9EAK,a3Kbe000000C4BXEA0,a3Obe000000KtpzEAC,,true,2026-06-10T19:37:35.000+0000,2026-06-13T22:14:06.000+0000
a3Mbe000000KHQREA4,RSC-003980,Qualquer,,,Atendimento,a3Nbe000000Q1A9EAK,a3Kbe000000C4BXEA0,a3Obe000000Ktq0EAC,,true,2026-06-10T19:37:35.000+0000,2026-06-13T22:14:06.000+0000
a3Mbe000000KHQSEA4,RSC-003981,Qualquer,,,Atendimento,a3Nbe000000Q1A9EAK,a3Kbe000000C4BXEA0,a3Obe000000Ktq1EAC,,true,2026-06-10T19:37:35.000+0000,2026-06-13T22:14:06.000+0000
a3Mbe000000KHQTEA4,RSC-003982,Qualquer,,,Atendimento,a3Nbe000000Q1A9EAK,a3Kbe000000C4BXEA0,a3Obe000000Ktq2EAC,,true,2026-06-10T19:37:35.000+0000,2026-06-13T22:14:06.000+0000
a3Mbe000000KHQUEA4,RSC-003983,Qualquer,,,Atendimento,a3Nbe000000Q1A9EAK,a3Kbe000000C4BXEA0,a3Obe000000Ktq4EAC,,true,2026-06-10T19:37:35.000+0000,2026-06-13T22:14:06.000+0000
a3Mbe000000KHQVEA4,RSC-003984,Qualquer,,,Atendimento,a3Nbe000000Q1A9EAK,a3Kbe000000C4BYEA0,a3Obe000000KtpzEAC,,true,2026-06-10T19:37:35.000+0000,2026-06-13T22:14:06.000+0000
a3Mbe000000KHQWEA4,RSC-003985,Qualquer,,,Atendimento,a3Nbe000000Q1A9EAK,a3Kbe000000C4BYEA0,a3Obe000000Ktq0EAC,,true,2026-06-10T19:37:35.000+0000,2026-06-13T22:14:06.000+0000
a3Mbe000000KHQXEA4,RSC-003986,Qualquer,,,Atendimento,a3Nbe000000Q1A9EAK,a3Kbe000000C4BYEA0,a3Obe000000Ktq1EAC,,true,2026-06-10T19:37:35.000+0000,2026-06-13T22:14:06.000+0000
a3Mbe000000KHQYEA4,RSC-003987,Qualquer,,,Atendimento,a3Nbe000000Q1A9EAK,a3Kbe000000C4BYEA0,a3Obe000000Ktq2EAC,,true,2026-06-10T19:37:35.000+0000,2026-06-13T22:14:06.000+0000
a3Mbe000000KHQZEA4,RSC-003988,Qualquer,,,Atendimento,a3Nbe000000Q1A9EAK,a3Kbe000000C4BYEA0,a3Obe000000Ktq4EAC,,true,2026-06-10T19:37:35.000+0000,2026-06-13T22:14:06.000+0000
a3Mbe000000KHQaEAO,RSC-003989,Qualquer,,,Atendimento,a3Nbe000000Q1A9EAK,a3Kbe000000C4BZEA0,a3Obe000000KtpzEAC,,true,2026-06-10T19:37:35.000+0000,2026-06-13T22:14:06.000+0000
a3Mbe000000KHQbEAO,RSC-003990,Qualquer,,,Atendimento,a3Nbe000000Q1A9EAK,a3Kbe000000C4BZEA0,a3Obe000000Ktq0EAC,,true,2026-06-10T19:37:35.000+0000,2026-06-13T22:14:06.000+0000
a3Mbe000000KHQcEAO,RSC-003991,Qualquer,,,Atendimento,a3Nbe000000Q1A9EAK,a3Kbe000000C4BZEA0,a3Obe000000Ktq1EAC,,true,2026-06-10T19:37:35.000+0000,2026-06-13T22:14:06.000+0000
a3Mbe000000KHQdEAO,RSC-003992,Qualquer,,,Atendimento,a3Nbe000000Q1A9EAK,a3Kbe000000C4BZEA0,a3Obe000000Ktq2EAC,,true,2026-06-10T19:37:35.000+0000,2026-06-13T22:14:06.000+0000
a3Mbe000000KHQeEAO,RSC-003993,Qualquer,,,Atendimento,a3Nbe000000Q1A9EAK,a3Kbe000000C4BZEA0,a3Obe000000Ktq4EAC,,true,2026-06-10T19:37:35.000+0000,2026-06-13T22:14:06.000+0000
a3Mbe000000KHQfEAO,RSC-003994,Qualquer,,,Atendimento,a3Nbe000000Q1A9EAK,a3Kbe000000C4BaEAK,a3Obe000000KtpzEAC,,true,2026-06-10T19:37:35.000+0000,2026-06-13T22:14:06.000+0000
a3Mbe000000KHQgEAO,RSC-003995,Qualquer,,,Atendimento,a3Nbe000000Q1A9EAK,a3Kbe000000C4BaEAK,a3Obe000000Ktq0EAC,,true,2026-06-10T19:37:35.000+0000,2026-06-13T22:14:06.000+0000
a3Mbe000000KHQhEAO,RSC-003996,Qualquer,,,Atendimento,a3Nbe000000Q1A9EAK,a3Kbe000000C4BaEAK,a3Obe000000Ktq1EAC,,true,2026-06-10T19:37:35.000+0000,2026-06-13T22:14:06.000+0000
a3Mbe000000KHQiEAO,RSC-003997,Qualquer,,,Atendimento,a3Nbe000000Q1A9EAK,a3Kbe000000C4BaEAK,a3Obe000000Ktq2EAC,,true,2026-06-10T19:37:35.000+0000,2026-06-13T22:14:06.000+0000
a3Mbe000000KHQjEAO,RSC-003998,Qualquer,,,Atendimento,a3Nbe000000Q1A9EAK,a3Kbe000000C4BaEAK,a3Obe000000Ktq4EAC,,true,2026-06-10T19:37:35.000+0000,2026-06-13T22:14:06.000+0000
a3Mbe000000KHQkEAO,RSC-003999,Qualquer,,,Atendimento,a3Nbe000000Q1A9EAK,a3Kbe000000C4BbEAK,a3Obe000000KtpzEAC,,true,2026-06-10T19:37:35.000+0000,2026-06-13T22:14:06.000+0000
a3Mbe000000KHQlEAO,RSC-004000,Qualquer,,,Atendimento,a3Nbe000000Q1A9EAK,a3Kbe000000C4BbEAK,a3Obe000000Ktq0EAC,,true,2026-06-10T19:37:35.000+0000,2026-06-13T22:14:06.000+0000
a3Mbe000000KHQmEAO,RSC-004001,Qualquer,,,Atendimento,a3Nbe000000Q1A9EAK,a3Kbe000000C4BbEAK,a3Obe000000Ktq1EAC,,true,2026-06-10T19:37:35.000+0000,2026-06-13T22:14:06.000+0000
a3Mbe000000KHQnEAO,RSC-004002,Qualquer,,,Atendimento,a3Nbe000000Q1A9EAK,a3Kbe000000C4BbEAK,a3Obe000000Ktq2EAC,,true,2026-06-10T19:37:35.000+0000,2026-06-13T22:14:06.000+0000
a3Mbe000000KHQoEAO,RSC-004003,Qualquer,,,Atendimento,a3Nbe000000Q1A9EAK,a3Kbe000000C4BbEAK,a3Obe000000Ktq4EAC,,true,2026-06-10T19:37:35.000+0000,2026-06-13T22:14:06.000+0000
a3Mbe000000KHQpEAO,RSC-004004,Qualquer,,,Atendimento,a3Nbe000000Q1A9EAK,a3Kbe000000C4BcEAK,a3Obe000000KtpzEAC,,true,2026-06-10T19:37:35.000+0000,2026-06-13T22:14:06.000+0000
a3Mbe000000KHQqEAO,RSC-004005,Qualquer,,,Atendimento,a3Nbe000000Q1A9EAK,a3Kbe000000C4BcEAK,a3Obe000000Ktq0EAC,,true,2026-06-10T19:37:35.000+0000,2026-06-13T22:14:06.000+0000
a3Mbe000000KHQrEAO,RSC-004006,Qualquer,,,Atendimento,a3Nbe000000Q1A9EAK,a3Kbe000000C4BcEAK,a3Obe000000Ktq1EAC,,true,2026-06-10T19:37:35.000+0000,2026-06-13T22:14:06.000+0000
a3Mbe000000KHQsEAO,RSC-004007,Qualquer,,,Atendimento,a3Nbe000000Q1A9EAK,a3Kbe000000C4BcEAK,a3Obe000000Ktq2EAC,,true,2026-06-10T19:37:35.000+0000,2026-06-13T22:14:06.000+0000
a3Mbe000000KHQtEAO,RSC-004008,Qualquer,,,Atendimento,a3Nbe000000Q1A9EAK,a3Kbe000000C4BcEAK,a3Obe000000Ktq4EAC,,true,2026-06-10T19:37:35.000+0000,2026-06-13T22:14:06.000+0000
a3Mbe000000KHQuEAO,RSC-004009,Qualquer,,,Atendimento,a3Nbe000000Q1A9EAK,a3Kbe000000C4BdEAK,a3Obe000000KtpzEAC,,true,2026-06-10T19:37:35.000+0000,2026-06-13T22:14:06.000+0000
a3Mbe000000KHQvEAO,RSC-004010,Qualquer,,,Atendimento,a3Nbe000000Q1A9EAK,a3Kbe000000C4BdEAK,a3Obe000000Ktq0EAC,,true,2026-06-10T19:37:35.000+0000,2026-06-13T22:14:06.000+0000
a3Mbe000000KHQwEAO,RSC-004011,Qualquer,,,Atendimento,a3Nbe000000Q1A9EAK,a3Kbe000000C4BdEAK,a3Obe000000Ktq1EAC,,true,2026-06-10T19:37:35.000+0000,2026-06-13T22:14:06.000+0000
a3Mbe000000KHQxEAO,RSC-004012,Qualquer,,,Atendimento,a3Nbe000000Q1A9EAK,a3Kbe000000C4BdEAK,a3Obe000000Ktq2EAC,,true,2026-06-10T19:37:35.000+0000,2026-06-13T22:14:06.000+0000
a3Mbe000000KHQyEAO,RSC-004013,Qualquer,,,Atendimento,a3Nbe000000Q1A9EAK,a3Kbe000000C4BdEAK,a3Obe000000Ktq4EAC,,true,2026-06-10T19:37:35.000+0000,2026-06-13T22:14:06.000+0000
a3Mbe000000KHQzEAO,RSC-004014,Qualquer,,,Atendimento,a3Nbe000000Q1A9EAK,a3Kbe000000C4BeEAK,a3Obe000000KtpzEAC,,true,2026-06-10T19:37:35.000+0000,2026-06-13T22:14:06.000+0000
a3Mbe000000KHR0EAO,RSC-004015,Qualquer,,,Atendimento,a3Nbe000000Q1A9EAK,a3Kbe000000C4BeEAK,a3Obe000000Ktq0EAC,,true,2026-06-10T19:37:35.000+0000,2026-06-13T22:14:06.000+0000
a3Mbe000000KHR1EAO,RSC-004016,Qualquer,,,Atendimento,a3Nbe000000Q1A9EAK,a3Kbe000000C4BeEAK,a3Obe000000Ktq1EAC,,true,2026-06-10T19:37:35.000+0000,2026-06-13T22:14:06.000+0000
a3Mbe000000KHR2EAO,RSC-004017,Qualquer,,,Atendimento,a3Nbe000000Q1A9EAK,a3Kbe000000C4BeEAK,a3Obe000000Ktq2EAC,,true,2026-06-10T19:37:35.000+0000,2026-06-13T22:14:06.000+0000
a3Mbe000000KHR3EAO,RSC-004018,Qualquer,,,Atendimento,a3Nbe000000Q1A9EAK,a3Kbe000000C4BeEAK,a3Obe000000Ktq4EAC,,true,2026-06-10T19:37:35.000+0000,2026-06-13T22:14:06.000+0000
a3Mbe000000KHR4EAO,RSC-004019,Qualquer,,,Atendimento,a3Nbe000000Q1A9EAK,a3Kbe000000C4BfEAK,a3Obe000000KtpzEAC,,true,2026-06-10T19:37:35.000+0000,2026-06-13T22:14:06.000+0000
a3Mbe000000KHR5EAO,RSC-004020,Qualquer,,,Atendimento,a3Nbe000000Q1A9EAK,a3Kbe000000C4BfEAK,a3Obe000000Ktq0EAC,,true,2026-06-10T19:37:35.000+0000,2026-06-13T22:14:06.000+0000
a3Mbe000000KHR6EAO,RSC-004021,Qualquer,,,Atendimento,a3Nbe000000Q1A9EAK,a3Kbe000000C4BfEAK,a3Obe000000Ktq1EAC,,true,2026-06-10T19:37:35.000+0000,2026-06-13T22:14:06.000+0000
a3Mbe000000KHR7EAO,RSC-004022,Qualquer,,,Atendimento,a3Nbe000000Q1A9EAK,a3Kbe000000C4BfEAK,a3Obe000000Ktq2EAC,,true,2026-06-10T19:37:35.000+0000,2026-06-13T22:14:06.000+0000
a3Mbe000000KHR8EAO,RSC-004023,Qualquer,,,Atendimento,a3Nbe000000Q1A9EAK,a3Kbe000000C4BfEAK,a3Obe000000Ktq4EAC,,true,2026-06-10T19:37:35.000+0000,2026-06-13T22:14:06.000+0000
a3Mbe000000KHR9EAO,RSC-004024,Qualquer,,,Atendimento,a3Nbe000000Q1A9EAK,a3Kbe000000ByagEAC,a3Obe000000KtpzEAC,,true,2026-06-10T19:37:35.000+0000,2026-06-13T22:14:06.000+0000
a3Mbe000000KHRAEA4,RSC-004025,Qualquer,,,Atendimento,a3Nbe000000Q1A9EAK,a3Kbe000000ByagEAC,a3Obe000000Ktq0EAC,,true,2026-06-10T19:37:35.000+0000,2026-06-13T22:14:06.000+0000
a3Mbe000000KHRBEA4,RSC-004026,Qualquer,,,Atendimento,a3Nbe000000Q1A9EAK,a3Kbe000000ByagEAC,a3Obe000000Ktq1EAC,,true,2026-06-10T19:37:35.000+0000,2026-06-13T22:14:06.000+0000
a3Mbe000000KHRCEA4,RSC-004027,Qualquer,,,Atendimento,a3Nbe000000Q1A9EAK,a3Kbe000000ByagEAC,a3Obe000000Ktq2EAC,,true,2026-06-10T19:37:35.000+0000,2026-06-13T22:14:06.000+0000
a3Mbe000000KHRDEA4,RSC-004028,Qualquer,,,Atendimento,a3Nbe000000Q1A9EAK,a3Kbe000000ByagEAC,a3Obe000000Ktq4EAC,,true,2026-06-10T19:37:35.000+0000,2026-06-13T22:14:06.000+0000
a3Mbe000000KHREEA4,RSC-004029,Qualquer,,,Atendimento,a3Nbe000000Q1A9EAK,a3Kbe000000ByefEAC,a3Obe000000KtpzEAC,,true,2026-06-10T19:37:35.000+0000,2026-06-13T22:14:06.000+0000
a3Mbe000000KHRFEA4,RSC-004030,Qualquer,,,Atendimento,a3Nbe000000Q1A9EAK,a3Kbe000000ByefEAC,a3Obe000000Ktq0EAC,,true,2026-06-10T19:37:35.000+0000,2026-06-13T22:14:06.000+0000
a3Mbe000000KHRGEA4,RSC-004031,Qualquer,,,Atendimento,a3Nbe000000Q1A9EAK,a3Kbe000000ByefEAC,a3Obe000000Ktq1EAC,,true,2026-06-10T19:37:35.000+0000,2026-06-13T22:14:06.000+0000
a3Mbe000000KHRHEA4,RSC-004032,Qualquer,,,Atendimento,a3Nbe000000Q1A9EAK,a3Kbe000000ByefEAC,a3Obe000000Ktq2EAC,,true,2026-06-10T19:37:35.000+0000,2026-06-13T22:14:06.000+0000
a3Mbe000000KHRIEA4,RSC-004033,Qualquer,,,Atendimento,a3Nbe000000Q1A9EAK,a3Kbe000000ByefEAC,a3Obe000000Ktq4EAC,,true,2026-06-10T19:37:35.000+0000,2026-06-13T22:14:06.000+0000
a3Mbe000000KHRJEA4,RSC-004034,Qualquer,,,Atendimento,a3Nbe000000Q1A9EAK,a3Kbe000000C4BgEAK,a3Obe000000KtpzEAC,,true,2026-06-10T19:37:35.000+0000,2026-06-13T22:14:06.000+0000
a3Mbe000000KHRKEA4,RSC-004035,Qualquer,,,Atendimento,a3Nbe000000Q1A9EAK,a3Kbe000000C4BgEAK,a3Obe000000Ktq0EAC,,true,2026-06-10T19:37:35.000+0000,2026-06-13T22:14:06.000+0000
a3Mbe000000KHRLEA4,RSC-004036,Qualquer,,,Atendimento,a3Nbe000000Q1A9EAK,a3Kbe000000C4BgEAK,a3Obe000000Ktq1EAC,,true,2026-06-10T19:37:35.000+0000,2026-06-13T22:14:06.000+0000
a3Mbe000000KHRMEA4,RSC-004037,Qualquer,,,Atendimento,a3Nbe000000Q1A9EAK,a3Kbe000000C4BgEAK,a3Obe000000Ktq2EAC,,true,2026-06-10T19:37:35.000+0000,2026-06-13T22:14:06.000+0000
a3Mbe000000KHRNEA4,RSC-004038,Qualquer,,,Atendimento,a3Nbe000000Q1A9EAK,a3Kbe000000C4BgEAK,a3Obe000000Ktq4EAC,,true,2026-06-10T19:37:35.000+0000,2026-06-13T22:14:06.000+0000
a3Mbe000000KHROEA4,RSC-004039,Qualquer,,,Atendimento,a3Nbe000000Q1A9EAK,a3Kbe000000ByahEAC,a3Obe000000KtpzEAC,,true,2026-06-10T19:37:35.000+0000,2026-06-13T22:14:06.000+0000
a3Mbe000000KHRPEA4,RSC-004040,Qualquer,,,Atendimento,a3Nbe000000Q1A9EAK,a3Kbe000000ByahEAC,a3Obe000000Ktq0EAC,,true,2026-06-10T19:37:35.000+0000,2026-06-13T22:14:06.000+0000
a3Mbe000000KHRQEA4,RSC-004041,Qualquer,,,Atendimento,a3Nbe000000Q1A9EAK,a3Kbe000000ByahEAC,a3Obe000000Ktq1EAC,,true,2026-06-10T19:37:35.000+0000,2026-06-13T22:14:06.000+0000
a3Mbe000000KHRREA4,RSC-004042,Qualquer,,,Atendimento,a3Nbe000000Q1A9EAK,a3Kbe000000ByahEAC,a3Obe000000Ktq2EAC,,true,2026-06-10T19:37:35.000+0000,2026-06-13T22:14:06.000+0000
a3Mbe000000KHRSEA4,RSC-004043,Qualquer,,,Atendimento,a3Nbe000000Q1A9EAK,a3Kbe000000ByahEAC,a3Obe000000Ktq4EAC,,true,2026-06-10T19:37:35.000+0000,2026-06-13T22:14:06.000+0000
a3Mbe000000KHRTEA4,RSC-004044,Qualquer,,,Atendimento,a3Nbe000000Q1A9EAK,a3Kbe000000C4BhEAK,a3Obe000000KtpzEAC,,true,2026-06-10T19:37:35.000+0000,2026-06-13T22:14:06.000+0000
a3Mbe000000KHRUEA4,RSC-004045,Qualquer,,,Atendimento,a3Nbe000000Q1A9EAK,a3Kbe000000C4BhEAK,a3Obe000000Ktq0EAC,,true,2026-06-10T19:37:35.000+0000,2026-06-13T22:14:06.000+0000
a3Mbe000000KHRVEA4,RSC-004046,Qualquer,,,Atendimento,a3Nbe000000Q1A9EAK,a3Kbe000000C4BhEAK,a3Obe000000Ktq1EAC,,true,2026-06-10T19:37:35.000+0000,2026-06-13T22:14:06.000+0000
a3Mbe000000KHRWEA4,RSC-004047,Qualquer,,,Atendimento,a3Nbe000000Q1A9EAK,a3Kbe000000C4BhEAK,a3Obe000000Ktq2EAC,,true,2026-06-10T19:37:35.000+0000,2026-06-13T22:14:06.000+0000
a3Mbe000000KHRXEA4,RSC-004048,Qualquer,,,Atendimento,a3Nbe000000Q1A9EAK,a3Kbe000000C4BhEAK,a3Obe000000Ktq4EAC,,true,2026-06-10T19:37:35.000+0000,2026-06-13T22:14:06.000+0000
a3Mbe000000KHRYEA4,RSC-004049,Qualquer,,,Atendimento,a3Nbe000000Q1A9EAK,a3Kbe000000ByaiEAC,a3Obe000000KtpzEAC,,true,2026-06-10T19:37:35.000+0000,2026-06-13T22:14:06.000+0000
a3Mbe000000KHRZEA4,RSC-004050,Qualquer,,,Atendimento,a3Nbe000000Q1A9EAK,a3Kbe000000ByaiEAC,a3Obe000000Ktq0EAC,,true,2026-06-10T19:37:35.000+0000,2026-06-13T22:14:06.000+0000
a3Mbe000000KHRaEAO,RSC-004051,Qualquer,,,Atendimento,a3Nbe000000Q1A9EAK,a3Kbe000000ByaiEAC,a3Obe000000Ktq1EAC,,true,2026-06-10T19:37:35.000+0000,2026-06-13T22:14:06.000+0000
a3Mbe000000KHRbEAO,RSC-004052,Qualquer,,,Atendimento,a3Nbe000000Q1A9EAK,a3Kbe000000ByaiEAC,a3Obe000000Ktq2EAC,,true,2026-06-10T19:37:35.000+0000,2026-06-13T22:14:06.000+0000
a3Mbe000000KHRcEAO,RSC-004053,Qualquer,,,Atendimento,a3Nbe000000Q1A9EAK,a3Kbe000000ByaiEAC,a3Obe000000Ktq4EAC,,true,2026-06-10T19:37:35.000+0000,2026-06-13T22:14:06.000+0000
a3Mbe000000KHRdEAO,RSC-004054,Qualquer,,,Atendimento,a3Nbe000000Q1A9EAK,a3Kbe000000ByajEAC,a3Obe000000KtpzEAC,,true,2026-06-10T19:37:35.000+0000,2026-06-13T22:14:06.000+0000
a3Mbe000000KHReEAO,RSC-004055,Qualquer,,,Atendimento,a3Nbe000000Q1A9EAK,a3Kbe000000ByajEAC,a3Obe000000Ktq0EAC,,true,2026-06-10T19:37:35.000+0000,2026-06-13T22:14:06.000+0000
a3Mbe000000KHRfEAO,RSC-004056,Qualquer,,,Atendimento,a3Nbe000000Q1A9EAK,a3Kbe000000ByajEAC,a3Obe000000Ktq1EAC,,true,2026-06-10T19:37:35.000+0000,2026-06-13T22:14:06.000+0000
a3Mbe000000KHRgEAO,RSC-004057,Qualquer,,,Atendimento,a3Nbe000000Q1A9EAK,a3Kbe000000ByajEAC,a3Obe000000Ktq2EAC,,true,2026-06-10T19:37:35.000+0000,2026-06-13T22:14:06.000+0000
a3Mbe000000KHRhEAO,RSC-004058,Qualquer,,,Atendimento,a3Nbe000000Q1A9EAK,a3Kbe000000ByajEAC,a3Obe000000Ktq4EAC,,true,2026-06-10T19:37:35.000+0000,2026-06-13T22:14:06.000+0000
a3Mbe000000KHRiEAO,RSC-004059,Qualquer,,,Atendimento,a3Nbe000000Q1A9EAK,a3Kbe000000C4BiEAK,a3Obe000000KtpzEAC,,true,2026-06-10T19:37:35.000+0000,2026-06-13T22:14:06.000+0000
a3Mbe000000KHRjEAO,RSC-004060,Qualquer,,,Atendimento,a3Nbe000000Q1A9EAK,a3Kbe000000C4BiEAK,a3Obe000000Ktq0EAC,,true,2026-06-10T19:37:35.000+0000,2026-06-13T22:14:06.000+0000
a3Mbe000000KHRkEAO,RSC-004061,Qualquer,,,Atendimento,a3Nbe000000Q1A9EAK,a3Kbe000000C4BiEAK,a3Obe000000Ktq1EAC,,true,2026-06-10T19:37:35.000+0000,2026-06-13T22:14:06.000+0000
a3Mbe000000KHRlEAO,RSC-004062,Qualquer,,,Atendimento,a3Nbe000000Q1A9EAK,a3Kbe000000C4BiEAK,a3Obe000000Ktq2EAC,,true,2026-06-10T19:37:35.000+0000,2026-06-13T22:14:06.000+0000
a3Mbe000000KHRmEAO,RSC-004063,Qualquer,,,Atendimento,a3Nbe000000Q1A9EAK,a3Kbe000000C4BiEAK,a3Obe000000Ktq4EAC,,true,2026-06-10T19:37:35.000+0000,2026-06-13T22:14:06.000+0000
a3Mbe000000KHRnEAO,RSC-004064,Qualquer,,,Atendimento,a3Nbe000000Q1A9EAK,a3Kbe000000C4BjEAK,a3Obe000000KtpzEAC,,true,2026-06-10T19:37:35.000+0000,2026-06-13T22:14:06.000+0000
a3Mbe000000KHRoEAO,RSC-004065,Qualquer,,,Atendimento,a3Nbe000000Q1A9EAK,a3Kbe000000C4BjEAK,a3Obe000000Ktq0EAC,,true,2026-06-10T19:37:35.000+0000,2026-06-13T22:14:06.000+0000
a3Mbe000000KHRpEAO,RSC-004066,Qualquer,,,Atendimento,a3Nbe000000Q1A9EAK,a3Kbe000000C4BjEAK,a3Obe000000Ktq1EAC,,true,2026-06-10T19:37:35.000+0000,2026-06-13T22:14:06.000+0000
a3Mbe000000KHRqEAO,RSC-004067,Qualquer,,,Atendimento,a3Nbe000000Q1A9EAK,a3Kbe000000C4BjEAK,a3Obe000000Ktq2EAC,,true,2026-06-10T19:37:35.000+0000,2026-06-13T22:14:06.000+0000
a3Mbe000000KHRrEAO,RSC-004068,Qualquer,,,Atendimento,a3Nbe000000Q1A9EAK,a3Kbe000000C4BjEAK,a3Obe000000Ktq4EAC,,true,2026-06-10T19:37:35.000+0000,2026-06-13T22:14:06.000+0000
a3Mbe000000KHRsEAO,RSC-004069,Qualquer,,,Atendimento,a3Nbe000000Q1A9EAK,a3Kbe000000C4BkEAK,a3Obe000000KtpzEAC,,true,2026-06-10T19:37:35.000+0000,2026-06-13T22:14:06.000+0000
a3Mbe000000KHRtEAO,RSC-004070,Qualquer,,,Atendimento,a3Nbe000000Q1A9EAK,a3Kbe000000C4BkEAK,a3Obe000000Ktq0EAC,,true,2026-06-10T19:37:35.000+0000,2026-06-13T22:14:06.000+0000
a3Mbe000000KHRuEAO,RSC-004071,Qualquer,,,Atendimento,a3Nbe000000Q1A9EAK,a3Kbe000000C4BkEAK,a3Obe000000Ktq1EAC,,true,2026-06-10T19:37:35.000+0000,2026-06-13T22:14:06.000+0000
a3Mbe000000KHRvEAO,RSC-004072,Qualquer,,,Atendimento,a3Nbe000000Q1A9EAK,a3Kbe000000C4BkEAK,a3Obe000000Ktq2EAC,,true,2026-06-10T19:37:35.000+0000,2026-06-13T22:14:06.000+0000
a3Mbe000000KHRwEAO,RSC-004073,Qualquer,,,Atendimento,a3Nbe000000Q1A9EAK,a3Kbe000000C4BkEAK,a3Obe000000Ktq4EAC,,true,2026-06-10T19:37:35.000+0000,2026-06-13T22:14:06.000+0000
a3Mbe000000KHRxEAO,RSC-004074,Qualquer,,,Atendimento,a3Nbe000000Q1A9EAK,a3Kbe000000C4BlEAK,a3Obe000000KtpzEAC,,true,2026-06-10T19:37:35.000+0000,2026-06-13T22:14:06.000+0000
a3Mbe000000KHRyEAO,RSC-004075,Qualquer,,,Atendimento,a3Nbe000000Q1A9EAK,a3Kbe000000C4BlEAK,a3Obe000000Ktq0EAC,,true,2026-06-10T19:37:35.000+0000,2026-06-13T22:14:06.000+0000
a3Mbe000000KHRzEAO,RSC-004076,Qualquer,,,Atendimento,a3Nbe000000Q1A9EAK,a3Kbe000000C4BlEAK,a3Obe000000Ktq1EAC,,true,2026-06-10T19:37:35.000+0000,2026-06-13T22:14:06.000+0000
a3Mbe000000KHS0EAO,RSC-004077,Qualquer,,,Atendimento,a3Nbe000000Q1A9EAK,a3Kbe000000C4BlEAK,a3Obe000000Ktq2EAC,,true,2026-06-10T19:37:35.000+0000,2026-06-13T22:14:06.000+0000
a3Mbe000000KHS1EAO,RSC-004078,Qualquer,,,Atendimento,a3Nbe000000Q1A9EAK,a3Kbe000000C4BlEAK,a3Obe000000Ktq4EAC,,true,2026-06-10T19:37:35.000+0000,2026-06-13T22:14:06.000+0000
a3Mbe000000KHS2EAO,RSC-004079,Qualquer,,,Atendimento,a3Nbe000000Q1A9EAK,a3Kbe000000C4BmEAK,a3Obe000000KtpzEAC,,true,2026-06-10T19:37:35.000+0000,2026-06-13T22:14:06.000+0000
a3Mbe000000KHS3EAO,RSC-004080,Qualquer,,,Atendimento,a3Nbe000000Q1A9EAK,a3Kbe000000C4BmEAK,a3Obe000000Ktq0EAC,,true,2026-06-10T19:37:35.000+0000,2026-06-13T22:14:06.000+0000
a3Mbe000000KHS4EAO,RSC-004081,Qualquer,,,Atendimento,a3Nbe000000Q1A9EAK,a3Kbe000000C4BmEAK,a3Obe000000Ktq1EAC,,true,2026-06-10T19:37:35.000+0000,2026-06-13T22:14:06.000+0000
a3Mbe000000KHS5EAO,RSC-004082,Qualquer,,,Atendimento,a3Nbe000000Q1A9EAK,a3Kbe000000C4BmEAK,a3Obe000000Ktq2EAC,,true,2026-06-10T19:37:35.000+0000,2026-06-13T22:14:06.000+0000
a3Mbe000000KHS6EAO,RSC-004083,Qualquer,,,Atendimento,a3Nbe000000Q1A9EAK,a3Kbe000000C4BmEAK,a3Obe000000Ktq4EAC,,true,2026-06-10T19:37:35.000+0000,2026-06-13T22:14:06.000+0000
a3Mbe000000KHS7EAO,RSC-004084,Qualquer,,,Atendimento,a3Nbe000000Q1A9EAK,a3Kbe000000ByalEAC,a3Obe000000KtpzEAC,,true,2026-06-10T19:37:35.000+0000,2026-06-13T22:14:06.000+0000
a3Mbe000000KHS8EAO,RSC-004085,Qualquer,,,Atendimento,a3Nbe000000Q1A9EAK,a3Kbe000000ByalEAC,a3Obe000000Ktq0EAC,,true,2026-06-10T19:37:35.000+0000,2026-06-13T22:14:06.000+0000
a3Mbe000000KHS9EAO,RSC-004086,Qualquer,,,Atendimento,a3Nbe000000Q1A9EAK,a3Kbe000000ByalEAC,a3Obe000000Ktq1EAC,,true,2026-06-10T19:37:35.000+0000,2026-06-13T22:14:06.000+0000
a3Mbe000000KHSAEA4,RSC-004087,Qualquer,,,Atendimento,a3Nbe000000Q1A9EAK,a3Kbe000000ByalEAC,a3Obe000000Ktq2EAC,,true,2026-06-10T19:37:35.000+0000,2026-06-13T22:14:06.000+0000
a3Mbe000000KHSBEA4,RSC-004088,Qualquer,,,Atendimento,a3Nbe000000Q1A9EAK,a3Kbe000000ByalEAC,a3Obe000000Ktq4EAC,,true,2026-06-10T19:37:35.000+0000,2026-06-13T22:14:06.000+0000
a3Mbe000000KHSCEA4,RSC-004089,Qualquer,,,Atendimento,a3Nbe000000Q1A9EAK,a3Kbe000000ByakEAC,a3Obe000000KtpzEAC,,true,2026-06-10T19:37:35.000+0000,2026-06-13T22:14:06.000+0000
a3Mbe000000KHSDEA4,RSC-004090,Qualquer,,,Atendimento,a3Nbe000000Q1A9EAK,a3Kbe000000ByakEAC,a3Obe000000Ktq0EAC,,true,2026-06-10T19:37:35.000+0000,2026-06-13T22:14:06.000+0000
a3Mbe000000KHSEEA4,RSC-004091,Qualquer,,,Atendimento,a3Nbe000000Q1A9EAK,a3Kbe000000ByakEAC,a3Obe000000Ktq1EAC,,true,2026-06-10T19:37:35.000+0000,2026-06-13T22:14:06.000+0000
a3Mbe000000KHSFEA4,RSC-004092,Qualquer,,,Atendimento,a3Nbe000000Q1A9EAK,a3Kbe000000ByakEAC,a3Obe000000Ktq2EAC,,true,2026-06-10T19:37:35.000+0000,2026-06-13T22:14:06.000+0000
a3Mbe000000KHSGEA4,RSC-004093,Qualquer,,,Atendimento,a3Nbe000000Q1A9EAK,a3Kbe000000ByakEAC,a3Obe000000Ktq4EAC,,true,2026-06-10T19:37:35.000+0000,2026-06-13T22:14:06.000+0000
a3Mbe000000KHSHEA4,RSC-004094,Qualquer,,,Atendimento,a3Nbe000000Q1A9EAK,a3Kbe000000C4BnEAK,a3Obe000000KtpzEAC,,true,2026-06-10T19:37:35.000+0000,2026-06-13T22:14:06.000+0000
a3Mbe000000KHSIEA4,RSC-004095,Qualquer,,,Atendimento,a3Nbe000000Q1A9EAK,a3Kbe000000C4BnEAK,a3Obe000000Ktq0EAC,,true,2026-06-10T19:37:35.000+0000,2026-06-13T22:14:06.000+0000
a3Mbe000000KHSJEA4,RSC-004096,Qualquer,,,Atendimento,a3Nbe000000Q1A9EAK,a3Kbe000000C4BnEAK,a3Obe000000Ktq1EAC,,true,2026-06-10T19:37:35.000+0000,2026-06-13T22:14:06.000+0000
a3Mbe000000KHSKEA4,RSC-004097,Qualquer,,,Atendimento,a3Nbe000000Q1A9EAK,a3Kbe000000C4BnEAK,a3Obe000000Ktq2EAC,,true,2026-06-10T19:37:35.000+0000,2026-06-13T22:14:06.000+0000
a3Mbe000000KHSLEA4,RSC-004098,Qualquer,,,Atendimento,a3Nbe000000Q1A9EAK,a3Kbe000000C4BnEAK,a3Obe000000Ktq4EAC,,true,2026-06-10T19:37:35.000+0000,2026-06-13T22:14:06.000+0000
a3Mbe000000KHSMEA4,RSC-004099,Qualquer,,,Atendimento,a3Nbe000000Q1A9EAK,a3Kbe000000C4BoEAK,a3Obe000000KtpzEAC,,true,2026-06-10T19:37:35.000+0000,2026-06-13T22:14:06.000+0000
a3Mbe000000KHSNEA4,RSC-004100,Qualquer,,,Atendimento,a3Nbe000000Q1A9EAK,a3Kbe000000C4BoEAK,a3Obe000000Ktq0EAC,,true,2026-06-10T19:37:35.000+0000,2026-06-13T22:14:06.000+0000
a3Mbe000000KHSOEA4,RSC-004101,Qualquer,,,Atendimento,a3Nbe000000Q1A9EAK,a3Kbe000000C4BoEAK,a3Obe000000Ktq1EAC,,true,2026-06-10T19:37:35.000+0000,2026-06-13T22:14:06.000+0000
a3Mbe000000KHSPEA4,RSC-004102,Qualquer,,,Atendimento,a3Nbe000000Q1A9EAK,a3Kbe000000C4BoEAK,a3Obe000000Ktq2EAC,,true,2026-06-10T19:37:35.000+0000,2026-06-13T22:14:06.000+0000
a3Mbe000000KHSQEA4,RSC-004103,Qualquer,,,Atendimento,a3Nbe000000Q1A9EAK,a3Kbe000000C4BoEAK,a3Obe000000Ktq4EAC,,true,2026-06-10T19:37:35.000+0000,2026-06-13T22:14:06.000+0000
a3Mbe000000KHSREA4,RSC-004104,Qualquer,,,Atendimento,a3Nbe000000Q1A9EAK,a3Kbe000000C4BqEAK,a3Obe000000KtpzEAC,,true,2026-06-10T19:37:35.000+0000,2026-06-13T22:14:06.000+0000
a3Mbe000000KHSSEA4,RSC-004105,Qualquer,,,Atendimento,a3Nbe000000Q1A9EAK,a3Kbe000000C4BqEAK,a3Obe000000Ktq0EAC,,true,2026-06-10T19:37:35.000+0000,2026-06-13T22:14:06.000+0000
a3Mbe000000KHSTEA4,RSC-004106,Qualquer,,,Atendimento,a3Nbe000000Q1A9EAK,a3Kbe000000C4BqEAK,a3Obe000000Ktq1EAC,,true,2026-06-10T19:37:35.000+0000,2026-06-13T22:14:06.000+0000
a3Mbe000000KHSUEA4,RSC-004107,Qualquer,,,Atendimento,a3Nbe000000Q1A9EAK,a3Kbe000000C4BqEAK,a3Obe000000Ktq2EAC,,true,2026-06-10T19:37:35.000+0000,2026-06-13T22:14:06.000+0000
a3Mbe000000KHSVEA4,RSC-004108,Qualquer,,,Atendimento,a3Nbe000000Q1A9EAK,a3Kbe000000C4BqEAK,a3Obe000000Ktq4EAC,,true,2026-06-10T19:37:35.000+0000,2026-06-13T22:14:06.000+0000
a3Mbe000000KHSWEA4,RSC-004109,Qualquer,,,Atendimento,a3Nbe000000Q1A9EAK,a3Kbe000000C4BrEAK,a3Obe000000KtpzEAC,,true,2026-06-10T19:37:35.000+0000,2026-06-13T22:14:06.000+0000
a3Mbe000000KHSXEA4,RSC-004110,Qualquer,,,Atendimento,a3Nbe000000Q1A9EAK,a3Kbe000000C4BrEAK,a3Obe000000Ktq0EAC,,true,2026-06-10T19:37:35.000+0000,2026-06-13T22:14:06.000+0000
a3Mbe000000KHSYEA4,RSC-004111,Qualquer,,,Atendimento,a3Nbe000000Q1A9EAK,a3Kbe000000C4BrEAK,a3Obe000000Ktq1EAC,,true,2026-06-10T19:37:35.000+0000,2026-06-13T22:14:06.000+0000
a3Mbe000000KHSZEA4,RSC-004112,Qualquer,,,Atendimento,a3Nbe000000Q1A9EAK,a3Kbe000000C4BrEAK,a3Obe000000Ktq2EAC,,true,2026-06-10T19:37:35.000+0000,2026-06-13T22:14:06.000+0000
a3Mbe000000KHSaEAO,RSC-004113,Qualquer,,,Atendimento,a3Nbe000000Q1A9EAK,a3Kbe000000C4BrEAK,a3Obe000000Ktq4EAC,,true,2026-06-10T19:37:35.000+0000,2026-06-13T22:14:06.000+0000
a3Mbe000000KHSbEAO,RSC-004114,Qualquer,,,Atendimento,a3Nbe000000Q1A9EAK,a3Kbe000000C4BsEAK,a3Obe000000KtpzEAC,,true,2026-06-10T19:37:35.000+0000,2026-06-13T22:14:06.000+0000
a3Mbe000000KHScEAO,RSC-004115,Qualquer,,,Atendimento,a3Nbe000000Q1A9EAK,a3Kbe000000C4BsEAK,a3Obe000000Ktq0EAC,,true,2026-06-10T19:37:35.000+0000,2026-06-13T22:14:06.000+0000
a3Mbe000000KHSdEAO,RSC-004116,Qualquer,,,Atendimento,a3Nbe000000Q1A9EAK,a3Kbe000000C4BsEAK,a3Obe000000Ktq1EAC,,true,2026-06-10T19:37:35.000+0000,2026-06-13T22:14:06.000+0000
a3Mbe000000KHSeEAO,RSC-004117,Qualquer,,,Atendimento,a3Nbe000000Q1A9EAK,a3Kbe000000C4BsEAK,a3Obe000000Ktq2EAC,,true,2026-06-10T19:37:35.000+0000,2026-06-13T22:14:06.000+0000
a3Mbe000000KHSfEAO,RSC-004118,Qualquer,,,Atendimento,a3Nbe000000Q1A9EAK,a3Kbe000000C4BsEAK,a3Obe000000Ktq4EAC,,true,2026-06-10T19:37:35.000+0000,2026-06-13T22:14:06.000+0000
a3Mbe000000KHSgEAO,RSC-004119,Qualquer,,,Atendimento,a3Nbe000000Q1A9EAK,a3Kbe000000C4BtEAK,a3Obe000000KtpzEAC,,true,2026-06-10T19:37:35.000+0000,2026-06-13T22:14:06.000+0000
a3Mbe000000KHShEAO,RSC-004120,Qualquer,,,Atendimento,a3Nbe000000Q1A9EAK,a3Kbe000000C4BtEAK,a3Obe000000Ktq0EAC,,true,2026-06-10T19:37:35.000+0000,2026-06-13T22:14:06.000+0000
a3Mbe000000KHSiEAO,RSC-004121,Qualquer,,,Atendimento,a3Nbe000000Q1A9EAK,a3Kbe000000C4BtEAK,a3Obe000000Ktq1EAC,,true,2026-06-10T19:37:35.000+0000,2026-06-13T22:14:06.000+0000
a3Mbe000000KHSjEAO,RSC-004122,Qualquer,,,Atendimento,a3Nbe000000Q1A9EAK,a3Kbe000000C4BtEAK,a3Obe000000Ktq2EAC,,true,2026-06-10T19:37:35.000+0000,2026-06-13T22:14:06.000+0000
a3Mbe000000KHSkEAO,RSC-004123,Qualquer,,,Atendimento,a3Nbe000000Q1A9EAK,a3Kbe000000C4BtEAK,a3Obe000000Ktq4EAC,,true,2026-06-10T19:37:35.000+0000,2026-06-13T22:14:06.000+0000
a3Mbe000000KHSlEAO,RSC-004124,Qualquer,,,Atendimento,a3Nbe000000Q1A9EAK,a3Kbe000000C4BuEAK,a3Obe000000KtpzEAC,,true,2026-06-10T19:37:35.000+0000,2026-06-13T22:14:06.000+0000
a3Mbe000000KHSmEAO,RSC-004125,Qualquer,,,Atendimento,a3Nbe000000Q1A9EAK,a3Kbe000000C4BuEAK,a3Obe000000Ktq0EAC,,true,2026-06-10T19:37:35.000+0000,2026-06-13T22:14:06.000+0000
a3Mbe000000KHSnEAO,RSC-004126,Qualquer,,,Atendimento,a3Nbe000000Q1A9EAK,a3Kbe000000C4BuEAK,a3Obe000000Ktq1EAC,,true,2026-06-10T19:37:35.000+0000,2026-06-13T22:14:06.000+0000
a3Mbe000000KHSoEAO,RSC-004127,Qualquer,,,Atendimento,a3Nbe000000Q1A9EAK,a3Kbe000000C4BuEAK,a3Obe000000Ktq2EAC,,true,2026-06-10T19:37:35.000+0000,2026-06-13T22:14:06.000+0000
a3Mbe000000KHSpEAO,RSC-004128,Qualquer,,,Atendimento,a3Nbe000000Q1A9EAK,a3Kbe000000C4BuEAK,a3Obe000000Ktq4EAC,,true,2026-06-10T19:37:35.000+0000,2026-06-13T22:14:06.000+0000
a3Mbe000000KHSqEAO,RSC-004129,Qualquer,,,Atendimento,a3Nbe000000Q1A9EAK,a3Kbe000000C4BvEAK,a3Obe000000KtpzEAC,,true,2026-06-10T19:37:35.000+0000,2026-06-13T22:14:06.000+0000
a3Mbe000000KHSrEAO,RSC-004130,Qualquer,,,Atendimento,a3Nbe000000Q1A9EAK,a3Kbe000000C4BvEAK,a3Obe000000Ktq0EAC,,true,2026-06-10T19:37:35.000+0000,2026-06-13T22:14:06.000+0000
a3Mbe000000KHSsEAO,RSC-004131,Qualquer,,,Atendimento,a3Nbe000000Q1A9EAK,a3Kbe000000C4BvEAK,a3Obe000000Ktq1EAC,,true,2026-06-10T19:37:35.000+0000,2026-06-13T22:14:06.000+0000
a3Mbe000000KHStEAO,RSC-004132,Qualquer,,,Atendimento,a3Nbe000000Q1A9EAK,a3Kbe000000C4BvEAK,a3Obe000000Ktq2EAC,,true,2026-06-10T19:37:35.000+0000,2026-06-13T22:14:06.000+0000
a3Mbe000000KHSuEAO,RSC-004133,Qualquer,,,Atendimento,a3Nbe000000Q1A9EAK,a3Kbe000000C4BvEAK,a3Obe000000Ktq4EAC,,true,2026-06-10T19:37:35.000+0000,2026-06-13T22:14:06.000+0000
a3Mbe000000KHSvEAO,RSC-004134,Qualquer,,,Atendimento,a3Nbe000000Q1A9EAK,a3Kbe000000C4BwEAK,a3Obe000000KtpzEAC,,true,2026-06-10T19:37:35.000+0000,2026-06-13T22:14:06.000+0000
a3Mbe000000KHSwEAO,RSC-004135,Qualquer,,,Atendimento,a3Nbe000000Q1A9EAK,a3Kbe000000C4BwEAK,a3Obe000000Ktq0EAC,,true,2026-06-10T19:37:35.000+0000,2026-06-13T22:14:06.000+0000
a3Mbe000000KHSxEAO,RSC-004136,Qualquer,,,Atendimento,a3Nbe000000Q1A9EAK,a3Kbe000000C4BwEAK,a3Obe000000Ktq1EAC,,true,2026-06-10T19:37:35.000+0000,2026-06-13T22:14:06.000+0000
a3Mbe000000KHSyEAO,RSC-004137,Qualquer,,,Atendimento,a3Nbe000000Q1A9EAK,a3Kbe000000C4BwEAK,a3Obe000000Ktq2EAC,,true,2026-06-10T19:37:35.000+0000,2026-06-13T22:14:06.000+0000
a3Mbe000000KHSzEAO,RSC-004138,Qualquer,,,Atendimento,a3Nbe000000Q1A9EAK,a3Kbe000000C4BwEAK,a3Obe000000Ktq4EAC,,true,2026-06-10T19:37:35.000+0000,2026-06-13T22:14:06.000+0000
a3Mbe000000KHT0EAO,RSC-004139,Qualquer,,,Atendimento,a3Nbe000000Q1A9EAK,a3Kbe000000BybNEAS,a3Obe000000KtpzEAC,,true,2026-06-10T19:37:35.000+0000,2026-06-13T22:14:06.000+0000
a3Mbe000000KHT1EAO,RSC-004140,Qualquer,,,Atendimento,a3Nbe000000Q1A9EAK,a3Kbe000000BybNEAS,a3Obe000000Ktq0EAC,,true,2026-06-10T19:37:35.000+0000,2026-06-13T22:14:06.000+0000
a3Mbe000000KHT2EAO,RSC-004141,Qualquer,,,Atendimento,a3Nbe000000Q1A9EAK,a3Kbe000000BybNEAS,a3Obe000000Ktq1EAC,,true,2026-06-10T19:37:35.000+0000,2026-06-13T22:14:06.000+0000
a3Mbe000000KHT3EAO,RSC-004142,Qualquer,,,Atendimento,a3Nbe000000Q1A9EAK,a3Kbe000000BybNEAS,a3Obe000000Ktq2EAC,,true,2026-06-10T19:37:35.000+0000,2026-06-13T22:14:06.000+0000
a3Mbe000000KHT4EAO,RSC-004143,Qualquer,,,Atendimento,a3Nbe000000Q1A9EAK,a3Kbe000000BybNEAS,a3Obe000000Ktq4EAC,,true,2026-06-10T19:37:35.000+0000,2026-06-13T22:14:06.000+0000
a3Mbe000000KHT5EAO,RSC-004144,Qualquer,,,Atendimento,a3Nbe000000Q1A9EAK,a3Kbe000000BybMEAS,a3Obe000000KtpzEAC,,true,2026-06-10T19:37:35.000+0000,2026-06-13T22:14:06.000+0000
a3Mbe000000KHT6EAO,RSC-004145,Qualquer,,,Atendimento,a3Nbe000000Q1A9EAK,a3Kbe000000BybMEAS,a3Obe000000Ktq0EAC,,true,2026-06-10T19:37:35.000+0000,2026-06-13T22:14:06.000+0000
a3Mbe000000KHT7EAO,RSC-004146,Qualquer,,,Atendimento,a3Nbe000000Q1A9EAK,a3Kbe000000BybMEAS,a3Obe000000Ktq1EAC,,true,2026-06-10T19:37:35.000+0000,2026-06-13T22:14:06.000+0000
a3Mbe000000KHT8EAO,RSC-004147,Qualquer,,,Atendimento,a3Nbe000000Q1A9EAK,a3Kbe000000BybMEAS,a3Obe000000Ktq2EAC,,true,2026-06-10T19:37:35.000+0000,2026-06-13T22:14:06.000+0000
a3Mbe000000KHT9EAO,RSC-004148,Qualquer,,,Atendimento,a3Nbe000000Q1A9EAK,a3Kbe000000BybMEAS,a3Obe000000Ktq4EAC,,true,2026-06-10T19:37:35.000+0000,2026-06-13T22:14:06.000+0000
a3Mbe000000KHTAEA4,RSC-004149,Qualquer,,,Atendimento,a3Nbe000000Q1A9EAK,a3Kbe000000BybOEAS,a3Obe000000KtpzEAC,,true,2026-06-10T19:37:35.000+0000,2026-06-13T22:14:06.000+0000
a3Mbe000000KHTBEA4,RSC-004150,Qualquer,,,Atendimento,a3Nbe000000Q1A9EAK,a3Kbe000000BybOEAS,a3Obe000000Ktq0EAC,,true,2026-06-10T19:37:35.000+0000,2026-06-13T22:14:06.000+0000
a3Mbe000000KHTCEA4,RSC-004151,Qualquer,,,Atendimento,a3Nbe000000Q1A9EAK,a3Kbe000000BybOEAS,a3Obe000000Ktq1EAC,,true,2026-06-10T19:37:35.000+0000,2026-06-13T22:14:06.000+0000
a3Mbe000000KHTDEA4,RSC-004152,Qualquer,,,Atendimento,a3Nbe000000Q1A9EAK,a3Kbe000000BybOEAS,a3Obe000000Ktq2EAC,,true,2026-06-10T19:37:35.000+0000,2026-06-13T22:14:06.000+0000
a3Mbe000000KHTEEA4,RSC-004153,Qualquer,,,Atendimento,a3Nbe000000Q1A9EAK,a3Kbe000000BybOEAS,a3Obe000000Ktq4EAC,,true,2026-06-10T19:37:35.000+0000,2026-06-13T22:14:06.000+0000
a3Mbe000000KHTFEA4,RSC-004154,Qualquer,,,Atendimento,a3Nbe000000Q1A9EAK,a3Kbe000000BybPEAS,a3Obe000000KtpzEAC,,true,2026-06-10T19:37:35.000+0000,2026-06-13T22:14:06.000+0000
a3Mbe000000KHTGEA4,RSC-004155,Qualquer,,,Atendimento,a3Nbe000000Q1A9EAK,a3Kbe000000BybPEAS,a3Obe000000Ktq0EAC,,true,2026-06-10T19:37:35.000+0000,2026-06-13T22:14:06.000+0000
a3Mbe000000KHTHEA4,RSC-004156,Qualquer,,,Atendimento,a3Nbe000000Q1A9EAK,a3Kbe000000BybPEAS,a3Obe000000Ktq1EAC,,true,2026-06-10T19:37:35.000+0000,2026-06-13T22:14:06.000+0000
a3Mbe000000KHTIEA4,RSC-004157,Qualquer,,,Atendimento,a3Nbe000000Q1A9EAK,a3Kbe000000BybPEAS,a3Obe000000Ktq2EAC,,true,2026-06-10T19:37:35.000+0000,2026-06-13T22:14:06.000+0000
a3Mbe000000KHTJEA4,RSC-004158,Qualquer,,,Atendimento,a3Nbe000000Q1A9EAK,a3Kbe000000BybPEAS,a3Obe000000Ktq4EAC,,true,2026-06-10T19:37:35.000+0000,2026-06-13T22:14:06.000+0000
a3Mbe000000KHTKEA4,RSC-004159,Qualquer,,,Atendimento,a3Nbe000000Q1A9EAK,a3Kbe000000BybQEAS,a3Obe000000KtpzEAC,,true,2026-06-10T19:37:35.000+0000,2026-06-13T22:14:06.000+0000
a3Mbe000000KHTLEA4,RSC-004160,Qualquer,,,Atendimento,a3Nbe000000Q1A9EAK,a3Kbe000000BybQEAS,a3Obe000000Ktq0EAC,,true,2026-06-10T19:37:35.000+0000,2026-06-13T22:14:06.000+0000
a3Mbe000000KHTMEA4,RSC-004161,Qualquer,,,Atendimento,a3Nbe000000Q1A9EAK,a3Kbe000000BybQEAS,a3Obe000000Ktq1EAC,,true,2026-06-10T19:37:35.000+0000,2026-06-13T22:14:06.000+0000
a3Mbe000000KHTNEA4,RSC-004162,Qualquer,,,Atendimento,a3Nbe000000Q1A9EAK,a3Kbe000000BybQEAS,a3Obe000000Ktq2EAC,,true,2026-06-10T19:37:35.000+0000,2026-06-13T22:14:06.000+0000
a3Mbe000000KHTOEA4,RSC-004163,Qualquer,,,Atendimento,a3Nbe000000Q1A9EAK,a3Kbe000000BybQEAS,a3Obe000000Ktq4EAC,,true,2026-06-10T19:37:35.000+0000,2026-06-13T22:14:06.000+0000
a3Mbe000000KHTPEA4,RSC-004164,Qualquer,,,Atendimento,a3Nbe000000Q1A9EAK,a3Kbe000000ByfDEAS,a3Obe000000KtpzEAC,,true,2026-06-10T19:37:35.000+0000,2026-06-13T22:14:06.000+0000
a3Mbe000000KHTQEA4,RSC-004165,Qualquer,,,Atendimento,a3Nbe000000Q1A9EAK,a3Kbe000000ByfDEAS,a3Obe000000Ktq0EAC,,true,2026-06-10T19:37:35.000+0000,2026-06-13T22:14:06.000+0000
a3Mbe000000KHTREA4,RSC-004166,Qualquer,,,Atendimento,a3Nbe000000Q1A9EAK,a3Kbe000000ByfDEAS,a3Obe000000Ktq1EAC,,true,2026-06-10T19:37:35.000+0000,2026-06-13T22:14:06.000+0000
a3Mbe000000KHTSEA4,RSC-004167,Qualquer,,,Atendimento,a3Nbe000000Q1A9EAK,a3Kbe000000ByfDEAS,a3Obe000000Ktq2EAC,,true,2026-06-10T19:37:35.000+0000,2026-06-13T22:14:06.000+0000
a3Mbe000000KHTTEA4,RSC-004168,Qualquer,,,Atendimento,a3Nbe000000Q1A9EAK,a3Kbe000000ByfDEAS,a3Obe000000Ktq4EAC,,true,2026-06-10T19:37:35.000+0000,2026-06-13T22:14:06.000+0000
a3Mbe000000KHTUEA4,RSC-004169,Qualquer,,,Atendimento,a3Nbe000000Q1A9EAK,a3Kbe000000ByepEAC,a3Obe000000KtpzEAC,,true,2026-06-10T19:37:35.000+0000,2026-06-13T22:14:06.000+0000
a3Mbe000000KHTVEA4,RSC-004170,Qualquer,,,Atendimento,a3Nbe000000Q1A9EAK,a3Kbe000000ByepEAC,a3Obe000000Ktq0EAC,,true,2026-06-10T19:37:35.000+0000,2026-06-13T22:14:06.000+0000
a3Mbe000000KHTWEA4,RSC-004171,Qualquer,,,Atendimento,a3Nbe000000Q1A9EAK,a3Kbe000000ByepEAC,a3Obe000000Ktq1EAC,,true,2026-06-10T19:37:35.000+0000,2026-06-13T22:14:06.000+0000
a3Mbe000000KHTXEA4,RSC-004172,Qualquer,,,Atendimento,a3Nbe000000Q1A9EAK,a3Kbe000000ByepEAC,a3Obe000000Ktq2EAC,,true,2026-06-10T19:37:35.000+0000,2026-06-13T22:14:06.000+0000
a3Mbe000000KHTYEA4,RSC-004173,Qualquer,,,Atendimento,a3Nbe000000Q1A9EAK,a3Kbe000000ByepEAC,a3Obe000000Ktq4EAC,,true,2026-06-10T19:37:35.000+0000,2026-06-13T22:14:06.000+0000
a3Mbe000000KHTZEA4,RSC-004174,Qualquer,,,Atendimento,a3Nbe000000Q1A9EAK,a3Kbe000000ByeqEAC,a3Obe000000KtpzEAC,,true,2026-06-10T19:37:35.000+0000,2026-06-13T22:14:06.000+0000
a3Mbe000000KHTaEAO,RSC-004175,Qualquer,,,Atendimento,a3Nbe000000Q1A9EAK,a3Kbe000000ByeqEAC,a3Obe000000Ktq0EAC,,true,2026-06-10T19:37:35.000+0000,2026-06-13T22:14:06.000+0000
a3Mbe000000KHTbEAO,RSC-004176,Qualquer,,,Atendimento,a3Nbe000000Q1A9EAK,a3Kbe000000ByeqEAC,a3Obe000000Ktq1EAC,,true,2026-06-10T19:37:35.000+0000,2026-06-13T22:14:06.000+0000
a3Mbe000000KHTcEAO,RSC-004177,Qualquer,,,Atendimento,a3Nbe000000Q1A9EAK,a3Kbe000000ByeqEAC,a3Obe000000Ktq2EAC,,true,2026-06-10T19:37:35.000+0000,2026-06-13T22:14:06.000+0000
a3Mbe000000KHTdEAO,RSC-004178,Qualquer,,,Atendimento,a3Nbe000000Q1A9EAK,a3Kbe000000ByeqEAC,a3Obe000000Ktq4EAC,,true,2026-06-10T19:37:35.000+0000,2026-06-13T22:14:06.000+0000
a3Mbe000000KHTeEAO,RSC-004179,Qualquer,,,Atendimento,a3Nbe000000Q1A9EAK,a3Kbe000000ByeoEAC,a3Obe000000KtpzEAC,,true,2026-06-10T19:37:35.000+0000,2026-06-13T22:14:06.000+0000
a3Mbe000000KHTfEAO,RSC-004180,Qualquer,,,Atendimento,a3Nbe000000Q1A9EAK,a3Kbe000000ByeoEAC,a3Obe000000Ktq0EAC,,true,2026-06-10T19:37:35.000+0000,2026-06-13T22:14:06.000+0000
a3Mbe000000KHTgEAO,RSC-004181,Qualquer,,,Atendimento,a3Nbe000000Q1A9EAK,a3Kbe000000ByeoEAC,a3Obe000000Ktq1EAC,,true,2026-06-10T19:37:35.000+0000,2026-06-13T22:14:06.000+0000
a3Mbe000000KHThEAO,RSC-004182,Qualquer,,,Atendimento,a3Nbe000000Q1A9EAK,a3Kbe000000ByeoEAC,a3Obe000000Ktq2EAC,,true,2026-06-10T19:37:35.000+0000,2026-06-13T22:14:06.000+0000
a3Mbe000000KHTiEAO,RSC-004183,Qualquer,,,Atendimento,a3Nbe000000Q1A9EAK,a3Kbe000000ByeoEAC,a3Obe000000Ktq4EAC,,true,2026-06-10T19:37:35.000+0000,2026-06-13T22:14:06.000+0000
a3Mbe000000KHTjEAO,RSC-004184,Qualquer,,,Atendimento,a3Nbe000000Q1A9EAK,a3Kbe000000C4BxEAK,a3Obe000000KtpzEAC,,true,2026-06-10T19:37:35.000+0000,2026-06-13T22:14:06.000+0000
a3Mbe000000KHTkEAO,RSC-004185,Qualquer,,,Atendimento,a3Nbe000000Q1A9EAK,a3Kbe000000C4BxEAK,a3Obe000000Ktq0EAC,,true,2026-06-10T19:37:35.000+0000,2026-06-13T22:14:06.000+0000
a3Mbe000000KHTlEAO,RSC-004186,Qualquer,,,Atendimento,a3Nbe000000Q1A9EAK,a3Kbe000000C4BxEAK,a3Obe000000Ktq1EAC,,true,2026-06-10T19:37:35.000+0000,2026-06-13T22:14:06.000+0000
a3Mbe000000KHTmEAO,RSC-004187,Qualquer,,,Atendimento,a3Nbe000000Q1A9EAK,a3Kbe000000C4BxEAK,a3Obe000000Ktq2EAC,,true,2026-06-10T19:37:35.000+0000,2026-06-13T22:14:06.000+0000
a3Mbe000000KHTnEAO,RSC-004188,Qualquer,,,Atendimento,a3Nbe000000Q1A9EAK,a3Kbe000000C4BxEAK,a3Obe000000Ktq4EAC,,true,2026-06-10T19:37:35.000+0000,2026-06-13T22:14:06.000+0000
a3Mbe000000KHToEAO,RSC-004189,Qualquer,,,Atendimento,a3Nbe000000Q1A9EAK,a3Kbe000000C4ByEAK,a3Obe000000KtpzEAC,,true,2026-06-10T19:37:35.000+0000,2026-06-13T22:14:06.000+0000
a3Mbe000000KHTpEAO,RSC-004190,Qualquer,,,Atendimento,a3Nbe000000Q1A9EAK,a3Kbe000000C4ByEAK,a3Obe000000Ktq0EAC,,true,2026-06-10T19:37:35.000+0000,2026-06-13T22:14:06.000+0000
a3Mbe000000KHTqEAO,RSC-004191,Qualquer,,,Atendimento,a3Nbe000000Q1A9EAK,a3Kbe000000C4ByEAK,a3Obe000000Ktq1EAC,,true,2026-06-10T19:37:35.000+0000,2026-06-13T22:14:06.000+0000
a3Mbe000000KHTrEAO,RSC-004192,Qualquer,,,Atendimento,a3Nbe000000Q1A9EAK,a3Kbe000000C4ByEAK,a3Obe000000Ktq2EAC,,true,2026-06-10T19:37:35.000+0000,2026-06-13T22:14:06.000+0000
a3Mbe000000KHTsEAO,RSC-004193,Qualquer,,,Atendimento,a3Nbe000000Q1A9EAK,a3Kbe000000C4ByEAK,a3Obe000000Ktq4EAC,,true,2026-06-10T19:37:35.000+0000,2026-06-13T22:14:06.000+0000
a3Mbe000000KHTtEAO,RSC-004194,Qualquer,,,Atendimento,a3Nbe000000Q1A9EAK,a3Kbe000000C4BzEAK,a3Obe000000KtpzEAC,,true,2026-06-10T19:37:35.000+0000,2026-06-13T22:14:06.000+0000
a3Mbe000000KHTuEAO,RSC-004195,Qualquer,,,Atendimento,a3Nbe000000Q1A9EAK,a3Kbe000000C4BzEAK,a3Obe000000Ktq0EAC,,true,2026-06-10T19:37:35.000+0000,2026-06-13T22:14:06.000+0000
a3Mbe000000KHTvEAO,RSC-004196,Qualquer,,,Atendimento,a3Nbe000000Q1A9EAK,a3Kbe000000C4BzEAK,a3Obe000000Ktq1EAC,,true,2026-06-10T19:37:35.000+0000,2026-06-13T22:14:06.000+0000
a3Mbe000000KHTwEAO,RSC-004197,Qualquer,,,Atendimento,a3Nbe000000Q1A9EAK,a3Kbe000000C4BzEAK,a3Obe000000Ktq2EAC,,true,2026-06-10T19:37:35.000+0000,2026-06-13T22:14:06.000+0000
a3Mbe000000KHTxEAO,RSC-004198,Qualquer,,,Atendimento,a3Nbe000000Q1A9EAK,a3Kbe000000C4BzEAK,a3Obe000000Ktq4EAC,,true,2026-06-10T19:37:35.000+0000,2026-06-13T22:14:06.000+0000
a3Mbe000000KHTyEAO,RSC-004199,Qualquer,,,Atendimento,a3Nbe000000Q1A9EAK,a3Kbe000000C4C0EAK,a3Obe000000KtpzEAC,,true,2026-06-10T19:37:35.000+0000,2026-06-13T22:14:06.000+0000
a3Mbe000000KHTzEAO,RSC-004200,Qualquer,,,Atendimento,a3Nbe000000Q1A9EAK,a3Kbe000000C4C0EAK,a3Obe000000Ktq0EAC,,true,2026-06-10T19:37:35.000+0000,2026-06-13T22:14:06.000+0000
a3Mbe000000KHU0EAO,RSC-004201,Qualquer,,,Atendimento,a3Nbe000000Q1A9EAK,a3Kbe000000C4C0EAK,a3Obe000000Ktq1EAC,,true,2026-06-10T19:37:35.000+0000,2026-06-13T22:14:06.000+0000
a3Mbe000000KHU1EAO,RSC-004202,Qualquer,,,Atendimento,a3Nbe000000Q1A9EAK,a3Kbe000000C4C0EAK,a3Obe000000Ktq2EAC,,true,2026-06-10T19:37:35.000+0000,2026-06-13T22:14:06.000+0000
a3Mbe000000KHU2EAO,RSC-004203,Qualquer,,,Atendimento,a3Nbe000000Q1A9EAK,a3Kbe000000C4C0EAK,a3Obe000000Ktq4EAC,,true,2026-06-10T19:37:35.000+0000,2026-06-13T22:14:06.000+0000
a3Mbe000000KHU3EAO,RSC-004204,Qualquer,,,Atendimento,a3Nbe000000Q1A9EAK,a3Kbe000000C4C1EAK,a3Obe000000KtpzEAC,,true,2026-06-10T19:37:35.000+0000,2026-06-13T22:14:06.000+0000
a3Mbe000000KHU4EAO,RSC-004205,Qualquer,,,Atendimento,a3Nbe000000Q1A9EAK,a3Kbe000000C4C1EAK,a3Obe000000Ktq0EAC,,true,2026-06-10T19:37:35.000+0000,2026-06-13T22:14:06.000+0000
a3Mbe000000KHU5EAO,RSC-004206,Qualquer,,,Atendimento,a3Nbe000000Q1A9EAK,a3Kbe000000C4C1EAK,a3Obe000000Ktq1EAC,,true,2026-06-10T19:37:35.000+0000,2026-06-13T22:14:06.000+0000
a3Mbe000000KHU6EAO,RSC-004207,Qualquer,,,Atendimento,a3Nbe000000Q1A9EAK,a3Kbe000000C4C1EAK,a3Obe000000Ktq2EAC,,true,2026-06-10T19:37:35.000+0000,2026-06-13T22:14:06.000+0000
a3Mbe000000KHU7EAO,RSC-004208,Qualquer,,,Atendimento,a3Nbe000000Q1A9EAK,a3Kbe000000C4C1EAK,a3Obe000000Ktq4EAC,,true,2026-06-10T19:37:35.000+0000,2026-06-13T22:14:06.000+0000
a3Mbe000000KHU8EAO,RSC-004209,Qualquer,,,Atendimento,a3Nbe000000Q1A9EAK,a3Kbe000000C4C2EAK,a3Obe000000KtpzEAC,,true,2026-06-10T19:37:35.000+0000,2026-06-13T22:14:06.000+0000
a3Mbe000000KHU9EAO,RSC-004210,Qualquer,,,Atendimento,a3Nbe000000Q1A9EAK,a3Kbe000000C4C2EAK,a3Obe000000Ktq0EAC,,true,2026-06-10T19:37:35.000+0000,2026-06-13T22:14:06.000+0000
a3Mbe000000KHUAEA4,RSC-004211,Qualquer,,,Atendimento,a3Nbe000000Q1A9EAK,a3Kbe000000C4C2EAK,a3Obe000000Ktq1EAC,,true,2026-06-10T19:37:35.000+0000,2026-06-13T22:14:06.000+0000
a3Mbe000000KHUBEA4,RSC-004212,Qualquer,,,Atendimento,a3Nbe000000Q1A9EAK,a3Kbe000000C4C2EAK,a3Obe000000Ktq2EAC,,true,2026-06-10T19:37:35.000+0000,2026-06-13T22:14:06.000+0000
a3Mbe000000KHUCEA4,RSC-004213,Qualquer,,,Atendimento,a3Nbe000000Q1A9EAK,a3Kbe000000C4C2EAK,a3Obe000000Ktq4EAC,,true,2026-06-10T19:37:35.000+0000,2026-06-13T22:14:06.000+0000
a3Mbe000000KHUDEA4,RSC-004214,Qualquer,,,Atendimento,a3Nbe000000Q1A9EAK,a3Kbe000000C4C3EAK,a3Obe000000KtpzEAC,,true,2026-06-10T19:37:35.000+0000,2026-06-13T22:14:06.000+0000
a3Mbe000000KHUEEA4,RSC-004215,Qualquer,,,Atendimento,a3Nbe000000Q1A9EAK,a3Kbe000000C4C3EAK,a3Obe000000Ktq0EAC,,true,2026-06-10T19:37:35.000+0000,2026-06-13T22:14:06.000+0000
a3Mbe000000KHUFEA4,RSC-004216,Qualquer,,,Atendimento,a3Nbe000000Q1A9EAK,a3Kbe000000C4C3EAK,a3Obe000000Ktq1EAC,,true,2026-06-10T19:37:35.000+0000,2026-06-13T22:14:06.000+0000
a3Mbe000000KHUGEA4,RSC-004217,Qualquer,,,Atendimento,a3Nbe000000Q1A9EAK,a3Kbe000000C4C3EAK,a3Obe000000Ktq2EAC,,true,2026-06-10T19:37:35.000+0000,2026-06-13T22:14:06.000+0000
a3Mbe000000KHUHEA4,RSC-004218,Qualquer,,,Atendimento,a3Nbe000000Q1A9EAK,a3Kbe000000C4C3EAK,a3Obe000000Ktq4EAC,,true,2026-06-10T19:37:35.000+0000,2026-06-13T22:14:06.000+0000
a3Mbe000000KHUIEA4,RSC-004219,Qualquer,,,Atendimento,a3Nbe000000Q1A9EAK,a3Kbe000000C4C4EAK,a3Obe000000KtpzEAC,,true,2026-06-10T19:37:35.000+0000,2026-06-13T22:14:06.000+0000
a3Mbe000000KHUJEA4,RSC-004220,Qualquer,,,Atendimento,a3Nbe000000Q1A9EAK,a3Kbe000000C4C4EAK,a3Obe000000Ktq0EAC,,true,2026-06-10T19:37:35.000+0000,2026-06-13T22:14:06.000+0000
a3Mbe000000KHUKEA4,RSC-004221,Qualquer,,,Atendimento,a3Nbe000000Q1A9EAK,a3Kbe000000C4C4EAK,a3Obe000000Ktq1EAC,,true,2026-06-10T19:37:35.000+0000,2026-06-13T22:14:06.000+0000
a3Mbe000000KHULEA4,RSC-004222,Qualquer,,,Atendimento,a3Nbe000000Q1A9EAK,a3Kbe000000C4C4EAK,a3Obe000000Ktq2EAC,,true,2026-06-10T19:37:35.000+0000,2026-06-13T22:14:06.000+0000
a3Mbe000000KHUMEA4,RSC-004223,Qualquer,,,Atendimento,a3Nbe000000Q1A9EAK,a3Kbe000000C4C4EAK,a3Obe000000Ktq4EAC,,true,2026-06-10T19:37:35.000+0000,2026-06-13T22:14:06.000+0000
a3Mbe000000KHUNEA4,RSC-004224,Qualquer,,,Atendimento,a3Nbe000000Q1A9EAK,a3Kbe000000C4C5EAK,a3Obe000000KtpzEAC,,true,2026-06-10T19:37:35.000+0000,2026-06-13T22:14:06.000+0000
a3Mbe000000KHUOEA4,RSC-004225,Qualquer,,,Atendimento,a3Nbe000000Q1A9EAK,a3Kbe000000C4C5EAK,a3Obe000000Ktq0EAC,,true,2026-06-10T19:37:35.000+0000,2026-06-13T22:14:06.000+0000
a3Mbe000000KHUPEA4,RSC-004226,Qualquer,,,Atendimento,a3Nbe000000Q1A9EAK,a3Kbe000000C4C5EAK,a3Obe000000Ktq1EAC,,true,2026-06-10T19:37:35.000+0000,2026-06-13T22:14:06.000+0000
a3Mbe000000KHUQEA4,RSC-004227,Qualquer,,,Atendimento,a3Nbe000000Q1A9EAK,a3Kbe000000C4C5EAK,a3Obe000000Ktq2EAC,,true,2026-06-10T19:37:35.000+0000,2026-06-13T22:14:06.000+0000
a3Mbe000000KHUREA4,RSC-004228,Qualquer,,,Atendimento,a3Nbe000000Q1A9EAK,a3Kbe000000C4C5EAK,a3Obe000000Ktq4EAC,,true,2026-06-10T19:37:35.000+0000,2026-06-13T22:14:06.000+0000
a3Mbe000000KHUSEA4,RSC-004229,Qualquer,,,Atendimento,a3Nbe000000Q1A9EAK,a3Kbe000000C4C6EAK,a3Obe000000KtpzEAC,,true,2026-06-10T19:37:35.000+0000,2026-06-13T22:14:06.000+0000
a3Mbe000000KHUTEA4,RSC-004230,Qualquer,,,Atendimento,a3Nbe000000Q1A9EAK,a3Kbe000000C4C6EAK,a3Obe000000Ktq0EAC,,true,2026-06-10T19:37:35.000+0000,2026-06-13T22:14:06.000+0000
a3Mbe000000KHUUEA4,RSC-004231,Qualquer,,,Atendimento,a3Nbe000000Q1A9EAK,a3Kbe000000C4C6EAK,a3Obe000000Ktq1EAC,,true,2026-06-10T19:37:35.000+0000,2026-06-13T22:14:06.000+0000
a3Mbe000000KHUVEA4,RSC-004232,Qualquer,,,Atendimento,a3Nbe000000Q1A9EAK,a3Kbe000000C4C6EAK,a3Obe000000Ktq2EAC,,true,2026-06-10T19:37:35.000+0000,2026-06-13T22:14:06.000+0000
a3Mbe000000KHUWEA4,RSC-004233,Qualquer,,,Atendimento,a3Nbe000000Q1A9EAK,a3Kbe000000C4C6EAK,a3Obe000000Ktq4EAC,,true,2026-06-10T19:37:35.000+0000,2026-06-13T22:14:06.000+0000
a3Mbe000000KHUXEA4,RSC-004234,Qualquer,,,Atendimento,a3Nbe000000Q1A9EAK,a3Kbe000000C4C7EAK,a3Obe000000KtpzEAC,,true,2026-06-10T19:37:35.000+0000,2026-06-13T22:14:06.000+0000
a3Mbe000000KHUYEA4,RSC-004235,Qualquer,,,Atendimento,a3Nbe000000Q1A9EAK,a3Kbe000000C4C7EAK,a3Obe000000Ktq0EAC,,true,2026-06-10T19:37:35.000+0000,2026-06-13T22:14:06.000+0000
a3Mbe000000KHUZEA4,RSC-004236,Qualquer,,,Atendimento,a3Nbe000000Q1A9EAK,a3Kbe000000C4C7EAK,a3Obe000000Ktq1EAC,,true,2026-06-10T19:37:35.000+0000,2026-06-13T22:14:06.000+0000
a3Mbe000000KHUaEAO,RSC-004237,Qualquer,,,Atendimento,a3Nbe000000Q1A9EAK,a3Kbe000000C4C7EAK,a3Obe000000Ktq2EAC,,true,2026-06-10T19:37:35.000+0000,2026-06-13T22:14:06.000+0000
a3Mbe000000KHUbEAO,RSC-004238,Qualquer,,,Atendimento,a3Nbe000000Q1A9EAK,a3Kbe000000C4C7EAK,a3Obe000000Ktq4EAC,,true,2026-06-10T19:37:35.000+0000,2026-06-13T22:14:06.000+0000
a3Mbe000000KHUcEAO,RSC-004239,Qualquer,,,Atendimento,a3Nbe000000Q1A9EAK,a3Kbe000000C4C8EAK,a3Obe000000KtpzEAC,,true,2026-06-10T19:37:35.000+0000,2026-06-13T22:14:06.000+0000
a3Mbe000000KHUdEAO,RSC-004240,Qualquer,,,Atendimento,a3Nbe000000Q1A9EAK,a3Kbe000000C4C8EAK,a3Obe000000Ktq0EAC,,true,2026-06-10T19:37:35.000+0000,2026-06-13T22:14:06.000+0000
a3Mbe000000KHUeEAO,RSC-004241,Qualquer,,,Atendimento,a3Nbe000000Q1A9EAK,a3Kbe000000C4C8EAK,a3Obe000000Ktq1EAC,,true,2026-06-10T19:37:35.000+0000,2026-06-13T22:14:06.000+0000
a3Mbe000000KHUfEAO,RSC-004242,Qualquer,,,Atendimento,a3Nbe000000Q1A9EAK,a3Kbe000000C4C8EAK,a3Obe000000Ktq2EAC,,true,2026-06-10T19:37:35.000+0000,2026-06-13T22:14:06.000+0000
a3Mbe000000KHUgEAO,RSC-004243,Qualquer,,,Atendimento,a3Nbe000000Q1A9EAK,a3Kbe000000C4C8EAK,a3Obe000000Ktq4EAC,,true,2026-06-10T19:37:35.000+0000,2026-06-13T22:14:06.000+0000
a3Mbe000000KHUhEAO,RSC-004244,Qualquer,,,Atendimento,a3Nbe000000Q1A9EAK,a3Kbe000000C4C9EAK,a3Obe000000KtpzEAC,,true,2026-06-10T19:37:35.000+0000,2026-06-13T22:14:06.000+0000
a3Mbe000000KHUiEAO,RSC-004245,Qualquer,,,Atendimento,a3Nbe000000Q1A9EAK,a3Kbe000000C4C9EAK,a3Obe000000Ktq0EAC,,true,2026-06-10T19:37:35.000+0000,2026-06-13T22:14:06.000+0000
a3Mbe000000KHUjEAO,RSC-004246,Qualquer,,,Atendimento,a3Nbe000000Q1A9EAK,a3Kbe000000C4C9EAK,a3Obe000000Ktq1EAC,,true,2026-06-10T19:37:35.000+0000,2026-06-13T22:14:06.000+0000
a3Mbe000000KHUkEAO,RSC-004247,Qualquer,,,Atendimento,a3Nbe000000Q1A9EAK,a3Kbe000000C4C9EAK,a3Obe000000Ktq2EAC,,true,2026-06-10T19:37:35.000+0000,2026-06-13T22:14:06.000+0000
a3Mbe000000KHUlEAO,RSC-004248,Qualquer,,,Atendimento,a3Nbe000000Q1A9EAK,a3Kbe000000C4C9EAK,a3Obe000000Ktq4EAC,,true,2026-06-10T19:37:35.000+0000,2026-06-13T22:14:06.000+0000
a3Mbe000000KHUmEAO,RSC-004249,Qualquer,,,Atendimento,a3Nbe000000Q1A9EAK,a3Kbe000000ByeuEAC,a3Obe000000KtpzEAC,,true,2026-06-10T19:37:35.000+0000,2026-06-13T22:14:06.000+0000
a3Mbe000000KHUnEAO,RSC-004250,Qualquer,,,Atendimento,a3Nbe000000Q1A9EAK,a3Kbe000000ByeuEAC,a3Obe000000Ktq0EAC,,true,2026-06-10T19:37:35.000+0000,2026-06-13T22:14:06.000+0000
a3Mbe000000KHUoEAO,RSC-004251,Qualquer,,,Atendimento,a3Nbe000000Q1A9EAK,a3Kbe000000ByeuEAC,a3Obe000000Ktq1EAC,,true,2026-06-10T19:37:35.000+0000,2026-06-13T22:14:06.000+0000
a3Mbe000000KHUpEAO,RSC-004252,Qualquer,,,Atendimento,a3Nbe000000Q1A9EAK,a3Kbe000000ByeuEAC,a3Obe000000Ktq2EAC,,true,2026-06-10T19:37:35.000+0000,2026-06-13T22:14:06.000+0000
a3Mbe000000KHUqEAO,RSC-004253,Qualquer,,,Atendimento,a3Nbe000000Q1A9EAK,a3Kbe000000ByeuEAC,a3Obe000000Ktq4EAC,,true,2026-06-10T19:37:35.000+0000,2026-06-13T22:14:06.000+0000
a3Mbe000000KHUrEAO,RSC-004254,Qualquer,,,Atendimento,a3Nbe000000Q1A9EAK,a3Kbe000000ByerEAC,a3Obe000000KtpzEAC,,true,2026-06-10T19:37:35.000+0000,2026-06-13T22:14:06.000+0000
a3Mbe000000KHUsEAO,RSC-004255,Qualquer,,,Atendimento,a3Nbe000000Q1A9EAK,a3Kbe000000ByerEAC,a3Obe000000Ktq0EAC,,true,2026-06-10T19:37:35.000+0000,2026-06-13T22:14:06.000+0000
a3Mbe000000KHUtEAO,RSC-004256,Qualquer,,,Atendimento,a3Nbe000000Q1A9EAK,a3Kbe000000ByerEAC,a3Obe000000Ktq1EAC,,true,2026-06-10T19:37:35.000+0000,2026-06-13T22:14:06.000+0000
a3Mbe000000KHUuEAO,RSC-004257,Qualquer,,,Atendimento,a3Nbe000000Q1A9EAK,a3Kbe000000ByerEAC,a3Obe000000Ktq2EAC,,true,2026-06-10T19:37:35.000+0000,2026-06-13T22:14:06.000+0000
a3Mbe000000KHUvEAO,RSC-004258,Qualquer,,,Atendimento,a3Nbe000000Q1A9EAK,a3Kbe000000ByerEAC,a3Obe000000Ktq4EAC,,true,2026-06-10T19:37:35.000+0000,2026-06-13T22:14:06.000+0000
a3Mbe000000KHUwEAO,RSC-004259,Qualquer,,,Atendimento,a3Nbe000000Q1A9EAK,a3Kbe000000ByewEAC,a3Obe000000KtpzEAC,,true,2026-06-10T19:37:35.000+0000,2026-06-13T22:14:06.000+0000
a3Mbe000000KHUxEAO,RSC-004260,Qualquer,,,Atendimento,a3Nbe000000Q1A9EAK,a3Kbe000000ByewEAC,a3Obe000000Ktq0EAC,,true,2026-06-10T19:37:35.000+0000,2026-06-13T22:14:06.000+0000
a3Mbe000000KHUyEAO,RSC-004261,Qualquer,,,Atendimento,a3Nbe000000Q1A9EAK,a3Kbe000000ByewEAC,a3Obe000000Ktq1EAC,,true,2026-06-10T19:37:35.000+0000,2026-06-13T22:14:06.000+0000
a3Mbe000000KHUzEAO,RSC-004262,Qualquer,,,Atendimento,a3Nbe000000Q1A9EAK,a3Kbe000000ByewEAC,a3Obe000000Ktq2EAC,,true,2026-06-10T19:37:35.000+0000,2026-06-13T22:14:06.000+0000
a3Mbe000000KHV0EAO,RSC-004263,Qualquer,,,Atendimento,a3Nbe000000Q1A9EAK,a3Kbe000000ByewEAC,a3Obe000000Ktq4EAC,,true,2026-06-10T19:37:35.000+0000,2026-06-13T22:14:06.000+0000
a3Mbe000000KHV1EAO,RSC-004264,Qualquer,,,Atendimento,a3Nbe000000Q1A9EAK,a3Kbe000000ByesEAC,a3Obe000000KtpzEAC,,true,2026-06-10T19:37:35.000+0000,2026-06-13T22:14:06.000+0000
a3Mbe000000KHV2EAO,RSC-004265,Qualquer,,,Atendimento,a3Nbe000000Q1A9EAK,a3Kbe000000ByesEAC,a3Obe000000Ktq0EAC,,true,2026-06-10T19:37:35.000+0000,2026-06-13T22:14:06.000+0000
a3Mbe000000KHV3EAO,RSC-004266,Qualquer,,,Atendimento,a3Nbe000000Q1A9EAK,a3Kbe000000ByesEAC,a3Obe000000Ktq1EAC,,true,2026-06-10T19:37:35.000+0000,2026-06-13T22:14:06.000+0000
a3Mbe000000KHV4EAO,RSC-004267,Qualquer,,,Atendimento,a3Nbe000000Q1A9EAK,a3Kbe000000ByesEAC,a3Obe000000Ktq2EAC,,true,2026-06-10T19:37:35.000+0000,2026-06-13T22:14:06.000+0000
a3Mbe000000KHV5EAO,RSC-004268,Qualquer,,,Atendimento,a3Nbe000000Q1A9EAK,a3Kbe000000ByesEAC,a3Obe000000Ktq4EAC,,true,2026-06-10T19:37:35.000+0000,2026-06-13T22:14:06.000+0000
a3Mbe000000KHV6EAO,RSC-004269,Qualquer,,,Atendimento,a3Nbe000000Q1A9EAK,a3Kbe000000ByetEAC,a3Obe000000KtpzEAC,,true,2026-06-10T19:37:35.000+0000,2026-06-13T22:14:06.000+0000
a3Mbe000000KHV7EAO,RSC-004270,Qualquer,,,Atendimento,a3Nbe000000Q1A9EAK,a3Kbe000000ByetEAC,a3Obe000000Ktq0EAC,,true,2026-06-10T19:37:35.000+0000,2026-06-13T22:14:06.000+0000
a3Mbe000000KHV8EAO,RSC-004271,Qualquer,,,Atendimento,a3Nbe000000Q1A9EAK,a3Kbe000000ByetEAC,a3Obe000000Ktq1EAC,,true,2026-06-10T19:37:35.000+0000,2026-06-13T22:14:06.000+0000
a3Mbe000000KHV9EAO,RSC-004272,Qualquer,,,Atendimento,a3Nbe000000Q1A9EAK,a3Kbe000000ByetEAC,a3Obe000000Ktq2EAC,,true,2026-06-10T19:37:35.000+0000,2026-06-13T22:14:06.000+0000
a3Mbe000000KHVAEA4,RSC-004273,Qualquer,,,Atendimento,a3Nbe000000Q1A9EAK,a3Kbe000000ByetEAC,a3Obe000000Ktq4EAC,,true,2026-06-10T19:37:35.000+0000,2026-06-13T22:14:06.000+0000
a3Mbe000000KHVBEA4,RSC-004274,Qualquer,,,Atendimento,a3Nbe000000Q1A9EAK,a3Kbe000000ByevEAC,a3Obe000000KtpzEAC,,true,2026-06-10T19:37:35.000+0000,2026-06-13T22:14:06.000+0000
a3Mbe000000KHVCEA4,RSC-004275,Qualquer,,,Atendimento,a3Nbe000000Q1A9EAK,a3Kbe000000ByevEAC,a3Obe000000Ktq0EAC,,true,2026-06-10T19:37:35.000+0000,2026-06-13T22:14:06.000+0000
a3Mbe000000KHVDEA4,RSC-004276,Qualquer,,,Atendimento,a3Nbe000000Q1A9EAK,a3Kbe000000ByevEAC,a3Obe000000Ktq1EAC,,true,2026-06-10T19:37:35.000+0000,2026-06-13T22:14:06.000+0000
a3Mbe000000KHVEEA4,RSC-004277,Qualquer,,,Atendimento,a3Nbe000000Q1A9EAK,a3Kbe000000ByevEAC,a3Obe000000Ktq2EAC,,true,2026-06-10T19:37:35.000+0000,2026-06-13T22:14:06.000+0000
a3Mbe000000KHVFEA4,RSC-004278,Qualquer,,,Atendimento,a3Nbe000000Q1A9EAK,a3Kbe000000ByevEAC,a3Obe000000Ktq4EAC,,true,2026-06-10T19:37:35.000+0000,2026-06-13T22:14:06.000+0000
a3Mbe000000KHVGEA4,RSC-004279,Qualquer,,,Atendimento,a3Nbe000000Q1A9EAK,a3Kbe000000ByfEEAS,a3Obe000000KtpzEAC,,true,2026-06-10T19:37:35.000+0000,2026-06-13T22:14:06.000+0000
a3Mbe000000KHVHEA4,RSC-004280,Qualquer,,,Atendimento,a3Nbe000000Q1A9EAK,a3Kbe000000ByfEEAS,a3Obe000000Ktq0EAC,,true,2026-06-10T19:37:35.000+0000,2026-06-13T22:14:06.000+0000
a3Mbe000000KHVIEA4,RSC-004281,Qualquer,,,Atendimento,a3Nbe000000Q1A9EAK,a3Kbe000000ByfEEAS,a3Obe000000Ktq1EAC,,true,2026-06-10T19:37:35.000+0000,2026-06-13T22:14:06.000+0000
a3Mbe000000KHVJEA4,RSC-004282,Qualquer,,,Atendimento,a3Nbe000000Q1A9EAK,a3Kbe000000ByfEEAS,a3Obe000000Ktq2EAC,,true,2026-06-10T19:37:35.000+0000,2026-06-13T22:14:06.000+0000
a3Mbe000000KHVKEA4,RSC-004283,Qualquer,,,Atendimento,a3Nbe000000Q1A9EAK,a3Kbe000000ByfEEAS,a3Obe000000Ktq4EAC,,true,2026-06-10T19:37:35.000+0000,2026-06-13T22:14:06.000+0000
a3Mbe000000KHVLEA4,RSC-004284,Qualquer,,,Atendimento,a3Nbe000000Q1A9EAK,a3Kbe000000BybREAS,a3Obe000000KtpzEAC,,true,2026-06-10T19:37:35.000+0000,2026-06-13T22:14:06.000+0000
a3Mbe000000KHVMEA4,RSC-004285,Qualquer,,,Atendimento,a3Nbe000000Q1A9EAK,a3Kbe000000BybREAS,a3Obe000000Ktq0EAC,,true,2026-06-10T19:37:35.000+0000,2026-06-13T22:14:06.000+0000
a3Mbe000000KHVNEA4,RSC-004286,Qualquer,,,Atendimento,a3Nbe000000Q1A9EAK,a3Kbe000000BybREAS,a3Obe000000Ktq1EAC,,true,2026-06-10T19:37:35.000+0000,2026-06-13T22:14:06.000+0000
a3Mbe000000KHVOEA4,RSC-004287,Qualquer,,,Atendimento,a3Nbe000000Q1A9EAK,a3Kbe000000BybREAS,a3Obe000000Ktq2EAC,,true,2026-06-10T19:37:35.000+0000,2026-06-13T22:14:06.000+0000
a3Mbe000000KHVPEA4,RSC-004288,Qualquer,,,Atendimento,a3Nbe000000Q1A9EAK,a3Kbe000000BybREAS,a3Obe000000Ktq4EAC,,true,2026-06-10T19:37:35.000+0000,2026-06-13T22:14:06.000+0000
a3Mbe000000KHVQEA4,RSC-004289,Qualquer,,,Atendimento,a3Nbe000000Q1A9EAK,a3Kbe000000C4CAEA0,a3Obe000000KtpzEAC,,true,2026-06-10T19:37:35.000+0000,2026-06-13T22:14:06.000+0000
a3Mbe000000KHVREA4,RSC-004290,Qualquer,,,Atendimento,a3Nbe000000Q1A9EAK,a3Kbe000000C4CAEA0,a3Obe000000Ktq0EAC,,true,2026-06-10T19:37:35.000+0000,2026-06-13T22:14:06.000+0000
a3Mbe000000KHVSEA4,RSC-004291,Qualquer,,,Atendimento,a3Nbe000000Q1A9EAK,a3Kbe000000C4CAEA0,a3Obe000000Ktq1EAC,,true,2026-06-10T19:37:35.000+0000,2026-06-13T22:14:06.000+0000
a3Mbe000000KHVTEA4,RSC-004292,Qualquer,,,Atendimento,a3Nbe000000Q1A9EAK,a3Kbe000000C4CAEA0,a3Obe000000Ktq2EAC,,true,2026-06-10T19:37:35.000+0000,2026-06-13T22:14:06.000+0000
a3Mbe000000KHVUEA4,RSC-004293,Qualquer,,,Atendimento,a3Nbe000000Q1A9EAK,a3Kbe000000C4CAEA0,a3Obe000000Ktq4EAC,,true,2026-06-10T19:37:35.000+0000,2026-06-13T22:14:06.000+0000
a3Mbe000000KHVVEA4,RSC-004294,Qualquer,,,Atendimento,a3Nbe000000Q1A9EAK,a3Kbe000000C4CBEA0,a3Obe000000KtpzEAC,,true,2026-06-10T19:37:35.000+0000,2026-06-13T22:14:06.000+0000
a3Mbe000000KHVWEA4,RSC-004295,Qualquer,,,Atendimento,a3Nbe000000Q1A9EAK,a3Kbe000000C4CBEA0,a3Obe000000Ktq0EAC,,true,2026-06-10T19:37:35.000+0000,2026-06-13T22:14:06.000+0000
a3Mbe000000KHVXEA4,RSC-004296,Qualquer,,,Atendimento,a3Nbe000000Q1A9EAK,a3Kbe000000C4CBEA0,a3Obe000000Ktq1EAC,,true,2026-06-10T19:37:35.000+0000,2026-06-13T22:14:06.000+0000
a3Mbe000000KHVYEA4,RSC-004297,Qualquer,,,Atendimento,a3Nbe000000Q1A9EAK,a3Kbe000000C4CBEA0,a3Obe000000Ktq2EAC,,true,2026-06-10T19:37:35.000+0000,2026-06-13T22:14:06.000+0000
a3Mbe000000KHVZEA4,RSC-004298,Qualquer,,,Atendimento,a3Nbe000000Q1A9EAK,a3Kbe000000C4CBEA0,a3Obe000000Ktq4EAC,,true,2026-06-10T19:37:35.000+0000,2026-06-13T22:14:06.000+0000
a3Mbe000000KHVaEAO,RSC-004299,Qualquer,,,Atendimento,a3Nbe000000Q1A9EAK,a3Kbe000000C4CCEA0,a3Obe000000KtpzEAC,,true,2026-06-10T19:37:35.000+0000,2026-06-13T22:14:06.000+0000
a3Mbe000000KHVbEAO,RSC-004300,Qualquer,,,Atendimento,a3Nbe000000Q1A9EAK,a3Kbe000000C4CCEA0,a3Obe000000Ktq0EAC,,true,2026-06-10T19:37:35.000+0000,2026-06-13T22:14:06.000+0000
a3Mbe000000KHVcEAO,RSC-004301,Qualquer,,,Atendimento,a3Nbe000000Q1A9EAK,a3Kbe000000C4CCEA0,a3Obe000000Ktq1EAC,,true,2026-06-10T19:37:35.000+0000,2026-06-13T22:14:06.000+0000
a3Mbe000000KHVdEAO,RSC-004302,Qualquer,,,Atendimento,a3Nbe000000Q1A9EAK,a3Kbe000000C4CCEA0,a3Obe000000Ktq2EAC,,true,2026-06-10T19:37:35.000+0000,2026-06-13T22:14:06.000+0000
a3Mbe000000KHVeEAO,RSC-004303,Qualquer,,,Atendimento,a3Nbe000000Q1A9EAK,a3Kbe000000C4CCEA0,a3Obe000000Ktq4EAC,,true,2026-06-10T19:37:35.000+0000,2026-06-13T22:14:06.000+0000
a3Mbe000000KHVfEAO,RSC-004304,Qualquer,,,Atendimento,a3Nbe000000Q1A9EAK,a3Kbe000000C4CDEA0,a3Obe000000KtpzEAC,,true,2026-06-10T19:37:35.000+0000,2026-06-13T22:14:06.000+0000
a3Mbe000000KHVgEAO,RSC-004305,Qualquer,,,Atendimento,a3Nbe000000Q1A9EAK,a3Kbe000000C4CDEA0,a3Obe000000Ktq0EAC,,true,2026-06-10T19:37:35.000+0000,2026-06-13T22:14:06.000+0000
a3Mbe000000KHVhEAO,RSC-004306,Qualquer,,,Atendimento,a3Nbe000000Q1A9EAK,a3Kbe000000C4CDEA0,a3Obe000000Ktq1EAC,,true,2026-06-10T19:37:35.000+0000,2026-06-13T22:14:06.000+0000
a3Mbe000000KHViEAO,RSC-004307,Qualquer,,,Atendimento,a3Nbe000000Q1A9EAK,a3Kbe000000C4CDEA0,a3Obe000000Ktq2EAC,,true,2026-06-10T19:37:35.000+0000,2026-06-13T22:14:06.000+0000
a3Mbe000000KHVjEAO,RSC-004308,Qualquer,,,Atendimento,a3Nbe000000Q1A9EAK,a3Kbe000000C4CDEA0,a3Obe000000Ktq4EAC,,true,2026-06-10T19:37:35.000+0000,2026-06-13T22:14:06.000+0000
a3Mbe000000KHVkEAO,RSC-004309,Qualquer,,,Atendimento,a3Nbe000000Q1A9EAK,a3Kbe000000C4CEEA0,a3Obe000000KtpzEAC,,true,2026-06-10T19:37:35.000+0000,2026-06-13T22:14:06.000+0000
a3Mbe000000KHVlEAO,RSC-004310,Qualquer,,,Atendimento,a3Nbe000000Q1A9EAK,a3Kbe000000C4CEEA0,a3Obe000000Ktq0EAC,,true,2026-06-10T19:37:35.000+0000,2026-06-13T22:14:06.000+0000
a3Mbe000000KHVmEAO,RSC-004311,Qualquer,,,Atendimento,a3Nbe000000Q1A9EAK,a3Kbe000000C4CEEA0,a3Obe000000Ktq1EAC,,true,2026-06-10T19:37:35.000+0000,2026-06-13T22:14:06.000+0000
a3Mbe000000KHVnEAO,RSC-004312,Qualquer,,,Atendimento,a3Nbe000000Q1A9EAK,a3Kbe000000C4CEEA0,a3Obe000000Ktq2EAC,,true,2026-06-10T19:37:35.000+0000,2026-06-13T22:14:06.000+0000
a3Mbe000000KHVoEAO,RSC-004313,Qualquer,,,Atendimento,a3Nbe000000Q1A9EAK,a3Kbe000000C4CEEA0,a3Obe000000Ktq4EAC,,true,2026-06-10T19:37:35.000+0000,2026-06-13T22:14:06.000+0000
a3Mbe000000KHVpEAO,RSC-004314,Qualquer,,,Atendimento,a3Nbe000000Q1A9EAK,a3Kbe000000BybfEAC,a3Obe000000KtpzEAC,,true,2026-06-10T19:37:35.000+0000,2026-06-13T22:14:06.000+0000
a3Mbe000000KHVqEAO,RSC-004315,Qualquer,,,Atendimento,a3Nbe000000Q1A9EAK,a3Kbe000000BybfEAC,a3Obe000000Ktq0EAC,,true,2026-06-10T19:37:35.000+0000,2026-06-13T22:14:06.000+0000
a3Mbe000000KHVrEAO,RSC-004316,Qualquer,,,Atendimento,a3Nbe000000Q1A9EAK,a3Kbe000000BybfEAC,a3Obe000000Ktq1EAC,,true,2026-06-10T19:37:35.000+0000,2026-06-13T22:14:06.000+0000
a3Mbe000000KHVsEAO,RSC-004317,Qualquer,,,Atendimento,a3Nbe000000Q1A9EAK,a3Kbe000000BybfEAC,a3Obe000000Ktq2EAC,,true,2026-06-10T19:37:35.000+0000,2026-06-13T22:14:06.000+0000
a3Mbe000000KHVtEAO,RSC-004318,Qualquer,,,Atendimento,a3Nbe000000Q1A9EAK,a3Kbe000000BybfEAC,a3Obe000000Ktq4EAC,,true,2026-06-10T19:37:35.000+0000,2026-06-13T22:14:06.000+0000
a3Mbe000000KHVuEAO,RSC-004319,Qualquer,,,Atendimento,a3Nbe000000Q1A9EAK,a3Kbe000000BybeEAC,a3Obe000000KtpzEAC,,true,2026-06-10T19:37:35.000+0000,2026-06-13T22:14:06.000+0000
a3Mbe000000KHVvEAO,RSC-004320,Qualquer,,,Atendimento,a3Nbe000000Q1A9EAK,a3Kbe000000BybeEAC,a3Obe000000Ktq0EAC,,true,2026-06-10T19:37:35.000+0000,2026-06-13T22:14:06.000+0000
a3Mbe000000KHVwEAO,RSC-004321,Qualquer,,,Atendimento,a3Nbe000000Q1A9EAK,a3Kbe000000BybeEAC,a3Obe000000Ktq1EAC,,true,2026-06-10T19:37:35.000+0000,2026-06-13T22:14:06.000+0000
a3Mbe000000KHVxEAO,RSC-004322,Qualquer,,,Atendimento,a3Nbe000000Q1A9EAK,a3Kbe000000BybeEAC,a3Obe000000Ktq2EAC,,true,2026-06-10T19:37:35.000+0000,2026-06-13T22:14:06.000+0000
a3Mbe000000KHVyEAO,RSC-004323,Qualquer,,,Atendimento,a3Nbe000000Q1A9EAK,a3Kbe000000BybeEAC,a3Obe000000Ktq4EAC,,true,2026-06-10T19:37:35.000+0000,2026-06-13T22:14:06.000+0000
a3Mbe000000KHVzEAO,RSC-004324,Qualquer,,,Atendimento,a3Nbe000000Q1A9EAK,a3Kbe000000C4CFEA0,a3Obe000000KtpzEAC,,true,2026-06-10T19:37:35.000+0000,2026-06-13T22:14:06.000+0000
a3Mbe000000KHW0EAO,RSC-004325,Qualquer,,,Atendimento,a3Nbe000000Q1A9EAK,a3Kbe000000C4CFEA0,a3Obe000000Ktq0EAC,,true,2026-06-10T19:37:35.000+0000,2026-06-13T22:14:06.000+0000
a3Mbe000000KHW1EAO,RSC-004326,Qualquer,,,Atendimento,a3Nbe000000Q1A9EAK,a3Kbe000000C4CFEA0,a3Obe000000Ktq1EAC,,true,2026-06-10T19:37:35.000+0000,2026-06-13T22:14:06.000+0000
a3Mbe000000KHW2EAO,RSC-004327,Qualquer,,,Atendimento,a3Nbe000000Q1A9EAK,a3Kbe000000C4CFEA0,a3Obe000000Ktq2EAC,,true,2026-06-10T19:37:35.000+0000,2026-06-13T22:14:06.000+0000
a3Mbe000000KHW3EAO,RSC-004328,Qualquer,,,Atendimento,a3Nbe000000Q1A9EAK,a3Kbe000000C4CFEA0,a3Obe000000Ktq4EAC,,true,2026-06-10T19:37:35.000+0000,2026-06-13T22:14:06.000+0000
a3Mbe000000KHW4EAO,RSC-004329,Qualquer,,,Atendimento,a3Nbe000000Q1A9EAK,a3Kbe000000C4CGEA0,a3Obe000000KtpzEAC,,true,2026-06-10T19:37:35.000+0000,2026-06-13T22:14:06.000+0000
a3Mbe000000KHW5EAO,RSC-004330,Qualquer,,,Atendimento,a3Nbe000000Q1A9EAK,a3Kbe000000C4CGEA0,a3Obe000000Ktq0EAC,,true,2026-06-10T19:37:35.000+0000,2026-06-13T22:14:06.000+0000
a3Mbe000000KHW6EAO,RSC-004331,Qualquer,,,Atendimento,a3Nbe000000Q1A9EAK,a3Kbe000000C4CGEA0,a3Obe000000Ktq1EAC,,true,2026-06-10T19:37:35.000+0000,2026-06-13T22:14:06.000+0000
a3Mbe000000KHW7EAO,RSC-004332,Qualquer,,,Atendimento,a3Nbe000000Q1A9EAK,a3Kbe000000C4CGEA0,a3Obe000000Ktq2EAC,,true,2026-06-10T19:37:35.000+0000,2026-06-13T22:14:06.000+0000
a3Mbe000000KHW8EAO,RSC-004333,Qualquer,,,Atendimento,a3Nbe000000Q1A9EAK,a3Kbe000000C4CGEA0,a3Obe000000Ktq4EAC,,true,2026-06-10T19:37:35.000+0000,2026-06-13T22:14:06.000+0000
a3Mbe000000KHW9EAO,RSC-004334,Qualquer,,,Atendimento,a3Nbe000000Q1A9EAK,a3Kbe000000C4CHEA0,a3Obe000000KtpzEAC,,true,2026-06-10T19:37:35.000+0000,2026-06-13T22:14:06.000+0000
a3Mbe000000KHWAEA4,RSC-004335,Qualquer,,,Atendimento,a3Nbe000000Q1A9EAK,a3Kbe000000C4CHEA0,a3Obe000000Ktq0EAC,,true,2026-06-10T19:37:35.000+0000,2026-06-13T22:14:06.000+0000
a3Mbe000000KHWBEA4,RSC-004336,Qualquer,,,Atendimento,a3Nbe000000Q1A9EAK,a3Kbe000000C4CHEA0,a3Obe000000Ktq1EAC,,true,2026-06-10T19:37:35.000+0000,2026-06-13T22:14:06.000+0000
a3Mbe000000KHWCEA4,RSC-004337,Qualquer,,,Atendimento,a3Nbe000000Q1A9EAK,a3Kbe000000C4CHEA0,a3Obe000000Ktq2EAC,,true,2026-06-10T19:37:35.000+0000,2026-06-13T22:14:06.000+0000
a3Mbe000000KHWDEA4,RSC-004338,Qualquer,,,Atendimento,a3Nbe000000Q1A9EAK,a3Kbe000000C4CHEA0,a3Obe000000Ktq4EAC,,true,2026-06-10T19:37:35.000+0000,2026-06-13T22:14:06.000+0000
a3Mbe000000KHWEEA4,RSC-004339,Qualquer,,,Atendimento,a3Nbe000000Q1A9EAK,a3Kbe000000C4CIEA0,a3Obe000000KtpzEAC,,true,2026-06-10T19:37:35.000+0000,2026-06-13T22:14:06.000+0000
a3Mbe000000KHWFEA4,RSC-004340,Qualquer,,,Atendimento,a3Nbe000000Q1A9EAK,a3Kbe000000C4CIEA0,a3Obe000000Ktq0EAC,,true,2026-06-10T19:37:35.000+0000,2026-06-13T22:14:06.000+0000
a3Mbe000000KHWGEA4,RSC-004341,Qualquer,,,Atendimento,a3Nbe000000Q1A9EAK,a3Kbe000000C4CIEA0,a3Obe000000Ktq1EAC,,true,2026-06-10T19:37:35.000+0000,2026-06-13T22:14:06.000+0000
a3Mbe000000KHWHEA4,RSC-004342,Qualquer,,,Atendimento,a3Nbe000000Q1A9EAK,a3Kbe000000C4CIEA0,a3Obe000000Ktq2EAC,,true,2026-06-10T19:37:35.000+0000,2026-06-13T22:14:06.000+0000
a3Mbe000000KHWIEA4,RSC-004343,Qualquer,,,Atendimento,a3Nbe000000Q1A9EAK,a3Kbe000000C4CIEA0,a3Obe000000Ktq4EAC,,true,2026-06-10T19:37:35.000+0000,2026-06-13T22:14:06.000+0000
a3Mbe000000KHWJEA4,RSC-004344,Qualquer,,,Atendimento,a3Nbe000000Q1A9EAK,a3Kbe000000C4CJEA0,a3Obe000000KtpzEAC,,true,2026-06-10T19:37:35.000+0000,2026-06-13T22:14:06.000+0000
a3Mbe000000KHWKEA4,RSC-004345,Qualquer,,,Atendimento,a3Nbe000000Q1A9EAK,a3Kbe000000C4CJEA0,a3Obe000000Ktq0EAC,,true,2026-06-10T19:37:35.000+0000,2026-06-13T22:14:06.000+0000
a3Mbe000000KHWLEA4,RSC-004346,Qualquer,,,Atendimento,a3Nbe000000Q1A9EAK,a3Kbe000000C4CJEA0,a3Obe000000Ktq1EAC,,true,2026-06-10T19:37:35.000+0000,2026-06-13T22:14:06.000+0000
a3Mbe000000KHWMEA4,RSC-004347,Qualquer,,,Atendimento,a3Nbe000000Q1A9EAK,a3Kbe000000C4CJEA0,a3Obe000000Ktq2EAC,,true,2026-06-10T19:37:35.000+0000,2026-06-13T22:14:06.000+0000
a3Mbe000000KHWNEA4,RSC-004348,Qualquer,,,Atendimento,a3Nbe000000Q1A9EAK,a3Kbe000000C4CJEA0,a3Obe000000Ktq4EAC,,true,2026-06-10T19:37:35.000+0000,2026-06-13T22:14:06.000+0000
a3Mbe000000KHWOEA4,RSC-004349,Qualquer,,,Atendimento,a3Nbe000000Q1A9EAK,a3Kbe000000C4CKEA0,a3Obe000000KtpzEAC,,true,2026-06-10T19:37:35.000+0000,2026-06-13T22:14:06.000+0000
a3Mbe000000KHWPEA4,RSC-004350,Qualquer,,,Atendimento,a3Nbe000000Q1A9EAK,a3Kbe000000C4CKEA0,a3Obe000000Ktq0EAC,,true,2026-06-10T19:37:35.000+0000,2026-06-13T22:14:06.000+0000
a3Mbe000000KHWQEA4,RSC-004351,Qualquer,,,Atendimento,a3Nbe000000Q1A9EAK,a3Kbe000000C4CKEA0,a3Obe000000Ktq1EAC,,true,2026-06-10T19:37:35.000+0000,2026-06-13T22:14:06.000+0000
a3Mbe000000KHWREA4,RSC-004352,Qualquer,,,Atendimento,a3Nbe000000Q1A9EAK,a3Kbe000000C4CKEA0,a3Obe000000Ktq2EAC,,true,2026-06-10T19:37:35.000+0000,2026-06-13T22:14:06.000+0000
a3Mbe000000KHWSEA4,RSC-004353,Qualquer,,,Atendimento,a3Nbe000000Q1A9EAK,a3Kbe000000C4CKEA0,a3Obe000000Ktq4EAC,,true,2026-06-10T19:37:35.000+0000,2026-06-13T22:14:06.000+0000
a3Mbe000000KHWTEA4,RSC-004354,Qualquer,,,Atendimento,a3Nbe000000Q1A9EAK,a3Kbe000000BybYEAS,a3Obe000000KtpzEAC,,true,2026-06-10T19:37:35.000+0000,2026-06-13T22:14:06.000+0000
a3Mbe000000KHWUEA4,RSC-004355,Qualquer,,,Atendimento,a3Nbe000000Q1A9EAK,a3Kbe000000BybYEAS,a3Obe000000Ktq0EAC,,true,2026-06-10T19:37:35.000+0000,2026-06-13T22:14:06.000+0000
a3Mbe000000KHWVEA4,RSC-004356,Qualquer,,,Atendimento,a3Nbe000000Q1A9EAK,a3Kbe000000BybYEAS,a3Obe000000Ktq1EAC,,true,2026-06-10T19:37:35.000+0000,2026-06-13T22:14:06.000+0000
a3Mbe000000KHWWEA4,RSC-004357,Qualquer,,,Atendimento,a3Nbe000000Q1A9EAK,a3Kbe000000BybYEAS,a3Obe000000Ktq2EAC,,true,2026-06-10T19:37:35.000+0000,2026-06-13T22:14:06.000+0000
a3Mbe000000KHWXEA4,RSC-004358,Qualquer,,,Atendimento,a3Nbe000000Q1A9EAK,a3Kbe000000BybYEAS,a3Obe000000Ktq4EAC,,true,2026-06-10T19:37:35.000+0000,2026-06-13T22:14:06.000+0000
a3Mbe000000KHWYEA4,RSC-004359,Qualquer,,,Atendimento,a3Nbe000000Q1A9EAK,a3Kbe000000C4CLEA0,a3Obe000000KtpzEAC,,true,2026-06-10T19:37:35.000+0000,2026-06-13T22:14:06.000+0000
a3Mbe000000KHWZEA4,RSC-004360,Qualquer,,,Atendimento,a3Nbe000000Q1A9EAK,a3Kbe000000C4CLEA0,a3Obe000000Ktq0EAC,,true,2026-06-10T19:37:35.000+0000,2026-06-13T22:14:06.000+0000
a3Mbe000000KHWaEAO,RSC-004361,Qualquer,,,Atendimento,a3Nbe000000Q1A9EAK,a3Kbe000000C4CLEA0,a3Obe000000Ktq1EAC,,true,2026-06-10T19:37:35.000+0000,2026-06-13T22:14:06.000+0000
a3Mbe000000KHWbEAO,RSC-004362,Qualquer,,,Atendimento,a3Nbe000000Q1A9EAK,a3Kbe000000C4CLEA0,a3Obe000000Ktq2EAC,,true,2026-06-10T19:37:35.000+0000,2026-06-13T22:14:06.000+0000
a3Mbe000000KHWcEAO,RSC-004363,Qualquer,,,Atendimento,a3Nbe000000Q1A9EAK,a3Kbe000000C4CLEA0,a3Obe000000Ktq4EAC,,true,2026-06-10T19:37:35.000+0000,2026-06-13T22:14:06.000+0000
a3Mbe000000KHWdEAO,RSC-004364,Qualquer,,,Atendimento,a3Nbe000000Q1A9EAK,a3Kbe000000BybVEAS,a3Obe000000KtpzEAC,,true,2026-06-10T19:37:35.000+0000,2026-06-13T22:14:06.000+0000
a3Mbe000000KHWeEAO,RSC-004365,Qualquer,,,Atendimento,a3Nbe000000Q1A9EAK,a3Kbe000000BybVEAS,a3Obe000000Ktq0EAC,,true,2026-06-10T19:37:35.000+0000,2026-06-13T22:14:06.000+0000
a3Mbe000000KHWfEAO,RSC-004366,Qualquer,,,Atendimento,a3Nbe000000Q1A9EAK,a3Kbe000000BybVEAS,a3Obe000000Ktq1EAC,,true,2026-06-10T19:37:35.000+0000,2026-06-13T22:14:06.000+0000
a3Mbe000000KHWgEAO,RSC-004367,Qualquer,,,Atendimento,a3Nbe000000Q1A9EAK,a3Kbe000000BybVEAS,a3Obe000000Ktq2EAC,,true,2026-06-10T19:37:35.000+0000,2026-06-13T22:14:06.000+0000
a3Mbe000000KHWhEAO,RSC-004368,Qualquer,,,Atendimento,a3Nbe000000Q1A9EAK,a3Kbe000000BybVEAS,a3Obe000000Ktq4EAC,,true,2026-06-10T19:37:35.000+0000,2026-06-13T22:14:06.000+0000
a3Mbe000000KHWnEAO,RSC-004374,Qualquer,,,Atendimento,a3Nbe000000Q1A9EAK,a3Kbe000000BybbEAC,a3Obe000000KtpzEAC,,true,2026-06-10T19:37:35.000+0000,2026-06-13T22:14:06.000+0000
a3Mbe000000KHWoEAO,RSC-004375,Qualquer,,,Atendimento,a3Nbe000000Q1A9EAK,a3Kbe000000BybbEAC,a3Obe000000Ktq0EAC,,true,2026-06-10T19:37:35.000+0000,2026-06-13T22:14:06.000+0000
a3Mbe000000KHWpEAO,RSC-004376,Qualquer,,,Atendimento,a3Nbe000000Q1A9EAK,a3Kbe000000BybbEAC,a3Obe000000Ktq1EAC,,true,2026-06-10T19:37:35.000+0000,2026-06-13T22:14:06.000+0000
a3Mbe000000KHWqEAO,RSC-004377,Qualquer,,,Atendimento,a3Nbe000000Q1A9EAK,a3Kbe000000BybbEAC,a3Obe000000Ktq2EAC,,true,2026-06-10T19:37:35.000+0000,2026-06-13T22:14:06.000+0000
a3Mbe000000KHWrEAO,RSC-004378,Qualquer,,,Atendimento,a3Nbe000000Q1A9EAK,a3Kbe000000BybbEAC,a3Obe000000Ktq4EAC,,true,2026-06-10T19:37:35.000+0000,2026-06-13T22:14:06.000+0000
a3Mbe000000KHWsEAO,RSC-004379,Qualquer,,,Atendimento,a3Nbe000000Q1A9EAK,a3Kbe000000BybcEAC,a3Obe000000KtpzEAC,,true,2026-06-10T19:37:35.000+0000,2026-06-13T22:14:06.000+0000
a3Mbe000000KHWtEAO,RSC-004380,Qualquer,,,Atendimento,a3Nbe000000Q1A9EAK,a3Kbe000000BybcEAC,a3Obe000000Ktq0EAC,,true,2026-06-10T19:37:35.000+0000,2026-06-13T22:14:06.000+0000
a3Mbe000000KHWuEAO,RSC-004381,Qualquer,,,Atendimento,a3Nbe000000Q1A9EAK,a3Kbe000000BybcEAC,a3Obe000000Ktq1EAC,,true,2026-06-10T19:37:35.000+0000,2026-06-13T22:14:06.000+0000
a3Mbe000000KHWvEAO,RSC-004382,Qualquer,,,Atendimento,a3Nbe000000Q1A9EAK,a3Kbe000000BybcEAC,a3Obe000000Ktq2EAC,,true,2026-06-10T19:37:35.000+0000,2026-06-13T22:14:06.000+0000
a3Mbe000000KHWwEAO,RSC-004383,Qualquer,,,Atendimento,a3Nbe000000Q1A9EAK,a3Kbe000000BybcEAC,a3Obe000000Ktq4EAC,,true,2026-06-10T19:37:35.000+0000,2026-06-13T22:14:06.000+0000
a3Mbe000000KHWxEAO,RSC-004384,Qualquer,,,Atendimento,a3Nbe000000Q1A9EAK,a3Kbe000000ByexEAC,a3Obe000000KtpzEAC,,true,2026-06-10T19:37:35.000+0000,2026-06-13T22:14:06.000+0000
a3Mbe000000KHWyEAO,RSC-004385,Qualquer,,,Atendimento,a3Nbe000000Q1A9EAK,a3Kbe000000ByexEAC,a3Obe000000Ktq0EAC,,true,2026-06-10T19:37:35.000+0000,2026-06-13T22:14:06.000+0000
a3Mbe000000KHWzEAO,RSC-004386,Qualquer,,,Atendimento,a3Nbe000000Q1A9EAK,a3Kbe000000ByexEAC,a3Obe000000Ktq1EAC,,true,2026-06-10T19:37:35.000+0000,2026-06-13T22:14:06.000+0000
a3Mbe000000KHX0EAO,RSC-004387,Qualquer,,,Atendimento,a3Nbe000000Q1A9EAK,a3Kbe000000ByexEAC,a3Obe000000Ktq2EAC,,true,2026-06-10T19:37:35.000+0000,2026-06-13T22:14:06.000+0000
a3Mbe000000KHX1EAO,RSC-004388,Qualquer,,,Atendimento,a3Nbe000000Q1A9EAK,a3Kbe000000ByexEAC,a3Obe000000Ktq4EAC,,true,2026-06-10T19:37:35.000+0000,2026-06-13T22:14:06.000+0000
a3Mbe000000KHX2EAO,RSC-004389,Qualquer,,,Atendimento,a3Nbe000000Q1A9EAK,a3Kbe000000BybdEAC,a3Obe000000KtpzEAC,,true,2026-06-10T19:37:35.000+0000,2026-06-13T22:14:06.000+0000
a3Mbe000000KHX3EAO,RSC-004390,Qualquer,,,Atendimento,a3Nbe000000Q1A9EAK,a3Kbe000000BybdEAC,a3Obe000000Ktq0EAC,,true,2026-06-10T19:37:35.000+0000,2026-06-13T22:14:06.000+0000
a3Mbe000000KHX4EAO,RSC-004391,Qualquer,,,Atendimento,a3Nbe000000Q1A9EAK,a3Kbe000000BybdEAC,a3Obe000000Ktq1EAC,,true,2026-06-10T19:37:35.000+0000,2026-06-13T22:14:06.000+0000
a3Mbe000000KHX5EAO,RSC-004392,Qualquer,,,Atendimento,a3Nbe000000Q1A9EAK,a3Kbe000000BybdEAC,a3Obe000000Ktq2EAC,,true,2026-06-10T19:37:35.000+0000,2026-06-13T22:14:06.000+0000
a3Mbe000000KHX6EAO,RSC-004393,Qualquer,,,Atendimento,a3Nbe000000Q1A9EAK,a3Kbe000000BybdEAC,a3Obe000000Ktq4EAC,,true,2026-06-10T19:37:35.000+0000,2026-06-13T22:14:06.000+0000
a3Mbe000000KHX7EAO,RSC-004394,Qualquer,,,Atendimento,a3Nbe000000Q1A9EAK,a3Kbe000000BybkEAC,a3Obe000000KtpzEAC,,true,2026-06-10T19:37:35.000+0000,2026-06-13T22:14:06.000+0000
a3Mbe000000KHX8EAO,RSC-004395,Qualquer,,,Atendimento,a3Nbe000000Q1A9EAK,a3Kbe000000BybkEAC,a3Obe000000Ktq0EAC,,true,2026-06-10T19:37:35.000+0000,2026-06-13T22:14:06.000+0000
a3Mbe000000KHX9EAO,RSC-004396,Qualquer,,,Atendimento,a3Nbe000000Q1A9EAK,a3Kbe000000BybkEAC,a3Obe000000Ktq1EAC,,true,2026-06-10T19:37:35.000+0000,2026-06-13T22:14:06.000+0000
a3Mbe000000KHXAEA4,RSC-004397,Qualquer,,,Atendimento,a3Nbe000000Q1A9EAK,a3Kbe000000BybkEAC,a3Obe000000Ktq2EAC,,true,2026-06-10T19:37:35.000+0000,2026-06-13T22:14:06.000+0000
a3Mbe000000KHXBEA4,RSC-004398,Qualquer,,,Atendimento,a3Nbe000000Q1A9EAK,a3Kbe000000BybkEAC,a3Obe000000Ktq4EAC,,true,2026-06-10T19:37:35.000+0000,2026-06-13T22:14:06.000+0000
a3Mbe000000KHXCEA4,RSC-004399,Qualquer,,,Atendimento,a3Nbe000000Q1A9EAK,a3Kbe000000BybjEAC,a3Obe000000KtpzEAC,,true,2026-06-10T19:37:35.000+0000,2026-06-13T22:14:06.000+0000
a3Mbe000000KHXDEA4,RSC-004400,Qualquer,,,Atendimento,a3Nbe000000Q1A9EAK,a3Kbe000000BybjEAC,a3Obe000000Ktq0EAC,,true,2026-06-10T19:37:35.000+0000,2026-06-13T22:14:06.000+0000
a3Mbe000000KHXEEA4,RSC-004401,Qualquer,,,Atendimento,a3Nbe000000Q1A9EAK,a3Kbe000000BybjEAC,a3Obe000000Ktq1EAC,,true,2026-06-10T19:37:35.000+0000,2026-06-13T22:14:06.000+0000
a3Mbe000000KHXFEA4,RSC-004402,Qualquer,,,Atendimento,a3Nbe000000Q1A9EAK,a3Kbe000000BybjEAC,a3Obe000000Ktq2EAC,,true,2026-06-10T19:37:35.000+0000,2026-06-13T22:14:06.000+0000
a3Mbe000000KHXGEA4,RSC-004403,Qualquer,,,Atendimento,a3Nbe000000Q1A9EAK,a3Kbe000000BybjEAC,a3Obe000000Ktq4EAC,,true,2026-06-10T19:37:35.000+0000,2026-06-13T22:14:06.000+0000
a3Mbe000000KHXHEA4,RSC-004404,Qualquer,,,Atendimento,a3Nbe000000Q1A9EAK,a3Kbe000000ByblEAC,a3Obe000000KtpzEAC,,true,2026-06-10T19:37:35.000+0000,2026-06-13T22:14:06.000+0000
a3Mbe000000KHXIEA4,RSC-004405,Qualquer,,,Atendimento,a3Nbe000000Q1A9EAK,a3Kbe000000ByblEAC,a3Obe000000Ktq0EAC,,true,2026-06-10T19:37:35.000+0000,2026-06-13T22:14:06.000+0000
a3Mbe000000KHXJEA4,RSC-004406,Qualquer,,,Atendimento,a3Nbe000000Q1A9EAK,a3Kbe000000ByblEAC,a3Obe000000Ktq1EAC,,true,2026-06-10T19:37:35.000+0000,2026-06-13T22:14:06.000+0000
a3Mbe000000KHXKEA4,RSC-004407,Qualquer,,,Atendimento,a3Nbe000000Q1A9EAK,a3Kbe000000ByblEAC,a3Obe000000Ktq2EAC,,true,2026-06-10T19:37:35.000+0000,2026-06-13T22:14:06.000+0000
a3Mbe000000KHXLEA4,RSC-004408,Qualquer,,,Atendimento,a3Nbe000000Q1A9EAK,a3Kbe000000ByblEAC,a3Obe000000Ktq4EAC,,true,2026-06-10T19:37:35.000+0000,2026-06-13T22:14:06.000+0000
a3Mbe000000KHXMEA4,RSC-004409,Qualquer,,,Atendimento,a3Nbe000000Q1A9EAK,a3Kbe000000BybmEAC,a3Obe000000KtpzEAC,,true,2026-06-10T19:37:35.000+0000,2026-06-13T22:14:06.000+0000
a3Mbe000000KHXNEA4,RSC-004410,Qualquer,,,Atendimento,a3Nbe000000Q1A9EAK,a3Kbe000000BybmEAC,a3Obe000000Ktq0EAC,,true,2026-06-10T19:37:35.000+0000,2026-06-13T22:14:06.000+0000
a3Mbe000000KHXOEA4,RSC-004411,Qualquer,,,Atendimento,a3Nbe000000Q1A9EAK,a3Kbe000000BybmEAC,a3Obe000000Ktq1EAC,,true,2026-06-10T19:37:35.000+0000,2026-06-13T22:14:06.000+0000
a3Mbe000000KHXPEA4,RSC-004412,Qualquer,,,Atendimento,a3Nbe000000Q1A9EAK,a3Kbe000000BybmEAC,a3Obe000000Ktq2EAC,,true,2026-06-10T19:37:35.000+0000,2026-06-13T22:14:06.000+0000
a3Mbe000000KHXQEA4,RSC-004413,Qualquer,,,Atendimento,a3Nbe000000Q1A9EAK,a3Kbe000000BybmEAC,a3Obe000000Ktq4EAC,,true,2026-06-10T19:37:35.000+0000,2026-06-13T22:14:06.000+0000
a3Mbe000000KHXREA4,RSC-004414,Qualquer,,,Atendimento,a3Nbe000000Q1A9EAK,a3Kbe000000BybnEAC,a3Obe000000KtpzEAC,,true,2026-06-10T19:37:35.000+0000,2026-06-13T22:14:06.000+0000
a3Mbe000000KHXSEA4,RSC-004415,Qualquer,,,Atendimento,a3Nbe000000Q1A9EAK,a3Kbe000000BybnEAC,a3Obe000000Ktq0EAC,,true,2026-06-10T19:37:35.000+0000,2026-06-13T22:14:06.000+0000
a3Mbe000000KHXTEA4,RSC-004416,Qualquer,,,Atendimento,a3Nbe000000Q1A9EAK,a3Kbe000000BybnEAC,a3Obe000000Ktq1EAC,,true,2026-06-10T19:37:35.000+0000,2026-06-13T22:14:06.000+0000
a3Mbe000000KHXUEA4,RSC-004417,Qualquer,,,Atendimento,a3Nbe000000Q1A9EAK,a3Kbe000000BybnEAC,a3Obe000000Ktq2EAC,,true,2026-06-10T19:37:35.000+0000,2026-06-13T22:14:06.000+0000
a3Mbe000000KHXVEA4,RSC-004418,Qualquer,,,Atendimento,a3Nbe000000Q1A9EAK,a3Kbe000000BybnEAC,a3Obe000000Ktq4EAC,,true,2026-06-10T19:37:35.000+0000,2026-06-13T22:14:06.000+0000
a3Mbe000000KHXWEA4,RSC-004419,Qualquer,,,Atendimento,a3Nbe000000Q1A9EAK,a3Kbe000000ByboEAC,a3Obe000000KtpzEAC,,true,2026-06-10T19:37:35.000+0000,2026-06-13T22:14:06.000+0000
a3Mbe000000KHXXEA4,RSC-004420,Qualquer,,,Atendimento,a3Nbe000000Q1A9EAK,a3Kbe000000ByboEAC,a3Obe000000Ktq0EAC,,true,2026-06-10T19:37:35.000+0000,2026-06-13T22:14:06.000+0000
a3Mbe000000KHXYEA4,RSC-004421,Qualquer,,,Atendimento,a3Nbe000000Q1A9EAK,a3Kbe000000ByboEAC,a3Obe000000Ktq1EAC,,true,2026-06-10T19:37:35.000+0000,2026-06-13T22:14:06.000+0000
a3Mbe000000KHXZEA4,RSC-004422,Qualquer,,,Atendimento,a3Nbe000000Q1A9EAK,a3Kbe000000ByboEAC,a3Obe000000Ktq2EAC,,true,2026-06-10T19:37:35.000+0000,2026-06-13T22:14:06.000+0000
a3Mbe000000KHXaEAO,RSC-004423,Qualquer,,,Atendimento,a3Nbe000000Q1A9EAK,a3Kbe000000ByboEAC,a3Obe000000Ktq4EAC,,true,2026-06-10T19:37:35.000+0000,2026-06-13T22:14:06.000+0000
a3Mbe000000KHXbEAO,RSC-004424,Qualquer,,,Atendimento,a3Nbe000000Q1A9EAK,a3Kbe000000ByeyEAC,a3Obe000000KtpzEAC,,true,2026-06-10T19:37:35.000+0000,2026-06-13T22:14:06.000+0000
a3Mbe000000KHXcEAO,RSC-004425,Qualquer,,,Atendimento,a3Nbe000000Q1A9EAK,a3Kbe000000ByeyEAC,a3Obe000000Ktq0EAC,,true,2026-06-10T19:37:35.000+0000,2026-06-13T22:14:06.000+0000
a3Mbe000000KHXdEAO,RSC-004426,Qualquer,,,Atendimento,a3Nbe000000Q1A9EAK,a3Kbe000000ByeyEAC,a3Obe000000Ktq1EAC,,true,2026-06-10T19:37:35.000+0000,2026-06-13T22:14:06.000+0000
a3Mbe000000KHXeEAO,RSC-004427,Qualquer,,,Atendimento,a3Nbe000000Q1A9EAK,a3Kbe000000ByeyEAC,a3Obe000000Ktq2EAC,,true,2026-06-10T19:37:35.000+0000,2026-06-13T22:14:06.000+0000
a3Mbe000000KHXfEAO,RSC-004428,Qualquer,,,Atendimento,a3Nbe000000Q1A9EAK,a3Kbe000000ByeyEAC,a3Obe000000Ktq4EAC,,true,2026-06-10T19:37:35.000+0000,2026-06-13T22:14:06.000+0000
a3Mbe000000KHXgEAO,RSC-004429,Qualquer,,,Atendimento,a3Nbe000000Q1A9EAK,a3Kbe000000BybpEAC,a3Obe000000KtpzEAC,,true,2026-06-10T19:37:35.000+0000,2026-06-13T22:14:06.000+0000
a3Mbe000000KHXhEAO,RSC-004430,Qualquer,,,Atendimento,a3Nbe000000Q1A9EAK,a3Kbe000000BybpEAC,a3Obe000000Ktq0EAC,,true,2026-06-10T19:37:35.000+0000,2026-06-13T22:14:06.000+0000
a3Mbe000000KHXiEAO,RSC-004431,Qualquer,,,Atendimento,a3Nbe000000Q1A9EAK,a3Kbe000000BybpEAC,a3Obe000000Ktq1EAC,,true,2026-06-10T19:37:35.000+0000,2026-06-13T22:14:06.000+0000
a3Mbe000000KHXjEAO,RSC-004432,Qualquer,,,Atendimento,a3Nbe000000Q1A9EAK,a3Kbe000000BybpEAC,a3Obe000000Ktq2EAC,,true,2026-06-10T19:37:35.000+0000,2026-06-13T22:14:06.000+0000
a3Mbe000000KHXkEAO,RSC-004433,Qualquer,,,Atendimento,a3Nbe000000Q1A9EAK,a3Kbe000000BybpEAC,a3Obe000000Ktq4EAC,,true,2026-06-10T19:37:35.000+0000,2026-06-13T22:14:06.000+0000
a3Mbe000000KHXlEAO,RSC-004434,Qualquer,,,Atendimento,a3Nbe000000Q1A9EAK,a3Kbe000000ByezEAC,a3Obe000000KtpzEAC,,true,2026-06-10T19:37:36.000+0000,2026-06-13T22:14:07.000+0000
a3Mbe000000KHXmEAO,RSC-004435,Qualquer,,,Atendimento,a3Nbe000000Q1A9EAK,a3Kbe000000ByezEAC,a3Obe000000Ktq0EAC,,true,2026-06-10T19:37:36.000+0000,2026-06-13T22:14:07.000+0000
a3Mbe000000KHXnEAO,RSC-004436,Qualquer,,,Atendimento,a3Nbe000000Q1A9EAK,a3Kbe000000ByezEAC,a3Obe000000Ktq1EAC,,true,2026-06-10T19:37:36.000+0000,2026-06-13T22:14:07.000+0000
a3Mbe000000KHXoEAO,RSC-004437,Qualquer,,,Atendimento,a3Nbe000000Q1A9EAK,a3Kbe000000ByezEAC,a3Obe000000Ktq2EAC,,true,2026-06-10T19:37:36.000+0000,2026-06-13T22:14:07.000+0000
a3Mbe000000KHXpEAO,RSC-004438,Qualquer,,,Atendimento,a3Nbe000000Q1A9EAK,a3Kbe000000ByezEAC,a3Obe000000Ktq4EAC,,true,2026-06-10T19:37:36.000+0000,2026-06-13T22:14:07.000+0000
a3Mbe000000KHXqEAO,RSC-004439,Qualquer,,,Atendimento,a3Nbe000000Q1A9EAK,a3Kbe000000Byf0EAC,a3Obe000000KtpzEAC,,true,2026-06-10T19:37:36.000+0000,2026-06-13T22:14:07.000+0000
a3Mbe000000KHXrEAO,RSC-004440,Qualquer,,,Atendimento,a3Nbe000000Q1A9EAK,a3Kbe000000Byf0EAC,a3Obe000000Ktq0EAC,,true,2026-06-10T19:37:36.000+0000,2026-06-13T22:14:07.000+0000
a3Mbe000000KHXsEAO,RSC-004441,Qualquer,,,Atendimento,a3Nbe000000Q1A9EAK,a3Kbe000000Byf0EAC,a3Obe000000Ktq1EAC,,true,2026-06-10T19:37:36.000+0000,2026-06-13T22:14:07.000+0000
a3Mbe000000KHXtEAO,RSC-004442,Qualquer,,,Atendimento,a3Nbe000000Q1A9EAK,a3Kbe000000Byf0EAC,a3Obe000000Ktq2EAC,,true,2026-06-10T19:37:36.000+0000,2026-06-13T22:14:07.000+0000
a3Mbe000000KHXuEAO,RSC-004443,Qualquer,,,Atendimento,a3Nbe000000Q1A9EAK,a3Kbe000000Byf0EAC,a3Obe000000Ktq4EAC,,true,2026-06-10T19:37:36.000+0000,2026-06-13T22:14:07.000+0000
a3Mbe000000KHXvEAO,RSC-004444,Qualquer,,,Atendimento,a3Nbe000000Q1A9EAK,a3Kbe000000ByfFEAS,a3Obe000000KtpzEAC,,true,2026-06-10T19:37:36.000+0000,2026-06-13T22:14:07.000+0000
a3Mbe000000KHXwEAO,RSC-004445,Qualquer,,,Atendimento,a3Nbe000000Q1A9EAK,a3Kbe000000ByfFEAS,a3Obe000000Ktq0EAC,,true,2026-06-10T19:37:36.000+0000,2026-06-13T22:14:07.000+0000
a3Mbe000000KHXxEAO,RSC-004446,Qualquer,,,Atendimento,a3Nbe000000Q1A9EAK,a3Kbe000000ByfFEAS,a3Obe000000Ktq1EAC,,true,2026-06-10T19:37:36.000+0000,2026-06-13T22:14:07.000+0000
a3Mbe000000KHXyEAO,RSC-004447,Qualquer,,,Atendimento,a3Nbe000000Q1A9EAK,a3Kbe000000ByfFEAS,a3Obe000000Ktq2EAC,,true,2026-06-10T19:37:36.000+0000,2026-06-13T22:14:07.000+0000
a3Mbe000000KHXzEAO,RSC-004448,Qualquer,,,Atendimento,a3Nbe000000Q1A9EAK,a3Kbe000000ByfFEAS,a3Obe000000Ktq4EAC,,true,2026-06-10T19:37:36.000+0000,2026-06-13T22:14:07.000+0000
a3Mbe000000KHY0EAO,RSC-004449,Qualquer,,,Atendimento,a3Nbe000000Q1A9EAK,a3Kbe000000Byf1EAC,a3Obe000000KtpzEAC,,true,2026-06-10T19:37:36.000+0000,2026-06-13T22:14:07.000+0000
a3Mbe000000KHY1EAO,RSC-004450,Qualquer,,,Atendimento,a3Nbe000000Q1A9EAK,a3Kbe000000Byf1EAC,a3Obe000000Ktq0EAC,,true,2026-06-10T19:37:36.000+0000,2026-06-13T22:14:07.000+0000
a3Mbe000000KHY2EAO,RSC-004451,Qualquer,,,Atendimento,a3Nbe000000Q1A9EAK,a3Kbe000000Byf1EAC,a3Obe000000Ktq1EAC,,true,2026-06-10T19:37:36.000+0000,2026-06-13T22:14:07.000+0000
a3Mbe000000KHY3EAO,RSC-004452,Qualquer,,,Atendimento,a3Nbe000000Q1A9EAK,a3Kbe000000Byf1EAC,a3Obe000000Ktq2EAC,,true,2026-06-10T19:37:36.000+0000,2026-06-13T22:14:07.000+0000
a3Mbe000000KHY4EAO,RSC-004453,Qualquer,,,Atendimento,a3Nbe000000Q1A9EAK,a3Kbe000000Byf1EAC,a3Obe000000Ktq4EAC,,true,2026-06-10T19:37:36.000+0000,2026-06-13T22:14:07.000+0000
a3Mbe000000KHY5EAO,RSC-004454,Qualquer,,,Atendimento,a3Nbe000000Q1A9EAK,a3Kbe000000Byf2EAC,a3Obe000000KtpzEAC,,true,2026-06-10T19:37:36.000+0000,2026-06-13T22:14:07.000+0000
a3Mbe000000KHY6EAO,RSC-004455,Qualquer,,,Atendimento,a3Nbe000000Q1A9EAK,a3Kbe000000Byf2EAC,a3Obe000000Ktq0EAC,,true,2026-06-10T19:37:36.000+0000,2026-06-13T22:14:07.000+0000
a3Mbe000000KHY7EAO,RSC-004456,Qualquer,,,Atendimento,a3Nbe000000Q1A9EAK,a3Kbe000000Byf2EAC,a3Obe000000Ktq1EAC,,true,2026-06-10T19:37:36.000+0000,2026-06-13T22:14:07.000+0000
a3Mbe000000KHY8EAO,RSC-004457,Qualquer,,,Atendimento,a3Nbe000000Q1A9EAK,a3Kbe000000Byf2EAC,a3Obe000000Ktq2EAC,,true,2026-06-10T19:37:36.000+0000,2026-06-13T22:14:07.000+0000
a3Mbe000000KHY9EAO,RSC-004458,Qualquer,,,Atendimento,a3Nbe000000Q1A9EAK,a3Kbe000000Byf2EAC,a3Obe000000Ktq4EAC,,true,2026-06-10T19:37:36.000+0000,2026-06-13T22:14:07.000+0000
a3Mbe000000KHYAEA4,RSC-004459,Qualquer,,,Atendimento,a3Nbe000000Q1A9EAK,a3Kbe000000C4CMEA0,a3Obe000000KtpzEAC,,true,2026-06-10T19:37:36.000+0000,2026-06-13T22:14:07.000+0000
a3Mbe000000KHYBEA4,RSC-004460,Qualquer,,,Atendimento,a3Nbe000000Q1A9EAK,a3Kbe000000C4CMEA0,a3Obe000000Ktq0EAC,,true,2026-06-10T19:37:36.000+0000,2026-06-13T22:14:07.000+0000
a3Mbe000000KHYCEA4,RSC-004461,Qualquer,,,Atendimento,a3Nbe000000Q1A9EAK,a3Kbe000000C4CMEA0,a3Obe000000Ktq1EAC,,true,2026-06-10T19:37:36.000+0000,2026-06-13T22:14:07.000+0000
a3Mbe000000KHYDEA4,RSC-004462,Qualquer,,,Atendimento,a3Nbe000000Q1A9EAK,a3Kbe000000C4CMEA0,a3Obe000000Ktq2EAC,,true,2026-06-10T19:37:36.000+0000,2026-06-13T22:14:07.000+0000
a3Mbe000000KHYEEA4,RSC-004463,Qualquer,,,Atendimento,a3Nbe000000Q1A9EAK,a3Kbe000000C4CMEA0,a3Obe000000Ktq4EAC,,true,2026-06-10T19:37:36.000+0000,2026-06-13T22:14:07.000+0000
a3Mbe000000KHYFEA4,RSC-004464,Qualquer,,,Atendimento,a3Nbe000000Q1A9EAK,a3Kbe000000C4CNEA0,a3Obe000000KtpzEAC,,true,2026-06-10T19:37:36.000+0000,2026-06-13T22:14:07.000+0000
a3Mbe000000KHYGEA4,RSC-004465,Qualquer,,,Atendimento,a3Nbe000000Q1A9EAK,a3Kbe000000C4CNEA0,a3Obe000000Ktq0EAC,,true,2026-06-10T19:37:36.000+0000,2026-06-13T22:14:07.000+0000
a3Mbe000000KHYHEA4,RSC-004466,Qualquer,,,Atendimento,a3Nbe000000Q1A9EAK,a3Kbe000000C4CNEA0,a3Obe000000Ktq1EAC,,true,2026-06-10T19:37:36.000+0000,2026-06-13T22:14:07.000+0000
a3Mbe000000KHYIEA4,RSC-004467,Qualquer,,,Atendimento,a3Nbe000000Q1A9EAK,a3Kbe000000C4CNEA0,a3Obe000000Ktq2EAC,,true,2026-06-10T19:37:36.000+0000,2026-06-13T22:14:07.000+0000
a3Mbe000000KHYJEA4,RSC-004468,Qualquer,,,Atendimento,a3Nbe000000Q1A9EAK,a3Kbe000000C4CNEA0,a3Obe000000Ktq4EAC,,true,2026-06-10T19:37:36.000+0000,2026-06-13T22:14:07.000+0000
a3Mbe000000KHYKEA4,RSC-004469,Qualquer,,,Atendimento,a3Nbe000000Q1A9EAK,a3Kbe000000C4COEA0,a3Obe000000KtpzEAC,,true,2026-06-10T19:37:36.000+0000,2026-06-13T22:14:07.000+0000
a3Mbe000000KHYLEA4,RSC-004470,Qualquer,,,Atendimento,a3Nbe000000Q1A9EAK,a3Kbe000000C4COEA0,a3Obe000000Ktq0EAC,,true,2026-06-10T19:37:36.000+0000,2026-06-13T22:14:07.000+0000
a3Mbe000000KHYMEA4,RSC-004471,Qualquer,,,Atendimento,a3Nbe000000Q1A9EAK,a3Kbe000000C4COEA0,a3Obe000000Ktq1EAC,,true,2026-06-10T19:37:36.000+0000,2026-06-13T22:14:07.000+0000
a3Mbe000000KHYNEA4,RSC-004472,Qualquer,,,Atendimento,a3Nbe000000Q1A9EAK,a3Kbe000000C4COEA0,a3Obe000000Ktq2EAC,,true,2026-06-10T19:37:36.000+0000,2026-06-13T22:14:07.000+0000
a3Mbe000000KHYOEA4,RSC-004473,Qualquer,,,Atendimento,a3Nbe000000Q1A9EAK,a3Kbe000000C4COEA0,a3Obe000000Ktq4EAC,,true,2026-06-10T19:37:36.000+0000,2026-06-13T22:14:07.000+0000
a3Mbe000000KHYPEA4,RSC-004474,Qualquer,,,Atendimento,a3Nbe000000Q1A9EAK,a3Kbe000000C4CPEA0,a3Obe000000KtpzEAC,,true,2026-06-10T19:37:36.000+0000,2026-06-13T22:14:07.000+0000
a3Mbe000000KHYQEA4,RSC-004475,Qualquer,,,Atendimento,a3Nbe000000Q1A9EAK,a3Kbe000000C4CPEA0,a3Obe000000Ktq0EAC,,true,2026-06-10T19:37:36.000+0000,2026-06-13T22:14:07.000+0000
a3Mbe000000KHYREA4,RSC-004476,Qualquer,,,Atendimento,a3Nbe000000Q1A9EAK,a3Kbe000000C4CPEA0,a3Obe000000Ktq1EAC,,true,2026-06-10T19:37:36.000+0000,2026-06-13T22:14:07.000+0000
a3Mbe000000KHYSEA4,RSC-004477,Qualquer,,,Atendimento,a3Nbe000000Q1A9EAK,a3Kbe000000C4CPEA0,a3Obe000000Ktq2EAC,,true,2026-06-10T19:37:36.000+0000,2026-06-13T22:14:07.000+0000
a3Mbe000000KHYTEA4,RSC-004478,Qualquer,,,Atendimento,a3Nbe000000Q1A9EAK,a3Kbe000000C4CPEA0,a3Obe000000Ktq4EAC,,true,2026-06-10T19:37:36.000+0000,2026-06-13T22:14:07.000+0000
a3Mbe000000KHYUEA4,RSC-004479,Qualquer,,,Atendimento,a3Nbe000000Q1A9EAK,a3Kbe000000C4CQEA0,a3Obe000000KtpzEAC,,true,2026-06-10T19:37:36.000+0000,2026-06-13T22:14:07.000+0000
a3Mbe000000KHYVEA4,RSC-004480,Qualquer,,,Atendimento,a3Nbe000000Q1A9EAK,a3Kbe000000C4CQEA0,a3Obe000000Ktq0EAC,,true,2026-06-10T19:37:36.000+0000,2026-06-13T22:14:07.000+0000
a3Mbe000000KHYWEA4,RSC-004481,Qualquer,,,Atendimento,a3Nbe000000Q1A9EAK,a3Kbe000000C4CQEA0,a3Obe000000Ktq1EAC,,true,2026-06-10T19:37:36.000+0000,2026-06-13T22:14:07.000+0000
a3Mbe000000KHYXEA4,RSC-004482,Qualquer,,,Atendimento,a3Nbe000000Q1A9EAK,a3Kbe000000C4CQEA0,a3Obe000000Ktq2EAC,,true,2026-06-10T19:37:36.000+0000,2026-06-13T22:14:07.000+0000
a3Mbe000000KHYYEA4,RSC-004483,Qualquer,,,Atendimento,a3Nbe000000Q1A9EAK,a3Kbe000000C4CQEA0,a3Obe000000Ktq4EAC,,true,2026-06-10T19:37:36.000+0000,2026-06-13T22:14:07.000+0000
a3Mbe000000KHYZEA4,RSC-004484,Qualquer,,,Atendimento,a3Nbe000000Q1A9EAK,a3Kbe000000C4CREA0,a3Obe000000KtpzEAC,,true,2026-06-10T19:37:36.000+0000,2026-06-13T22:14:07.000+0000
a3Mbe000000KHYaEAO,RSC-004485,Qualquer,,,Atendimento,a3Nbe000000Q1A9EAK,a3Kbe000000C4CREA0,a3Obe000000Ktq0EAC,,true,2026-06-10T19:37:36.000+0000,2026-06-13T22:14:07.000+0000
a3Mbe000000KHYbEAO,RSC-004486,Qualquer,,,Atendimento,a3Nbe000000Q1A9EAK,a3Kbe000000C4CREA0,a3Obe000000Ktq1EAC,,true,2026-06-10T19:37:36.000+0000,2026-06-13T22:14:07.000+0000
a3Mbe000000KHYcEAO,RSC-004487,Qualquer,,,Atendimento,a3Nbe000000Q1A9EAK,a3Kbe000000C4CREA0,a3Obe000000Ktq2EAC,,true,2026-06-10T19:37:36.000+0000,2026-06-13T22:14:07.000+0000
a3Mbe000000KHYdEAO,RSC-004488,Qualquer,,,Atendimento,a3Nbe000000Q1A9EAK,a3Kbe000000C4CREA0,a3Obe000000Ktq4EAC,,true,2026-06-10T19:37:36.000+0000,2026-06-13T22:14:07.000+0000
a3Mbe000000KHYeEAO,RSC-004489,Qualquer,,,Atendimento,a3Nbe000000Q1A9EAK,a3Kbe000000BybqEAC,a3Obe000000KtpzEAC,,true,2026-06-10T19:37:36.000+0000,2026-06-13T22:14:07.000+0000
a3Mbe000000KHYfEAO,RSC-004490,Qualquer,,,Atendimento,a3Nbe000000Q1A9EAK,a3Kbe000000BybqEAC,a3Obe000000Ktq0EAC,,true,2026-06-10T19:37:36.000+0000,2026-06-13T22:14:07.000+0000
a3Mbe000000KHYgEAO,RSC-004491,Qualquer,,,Atendimento,a3Nbe000000Q1A9EAK,a3Kbe000000BybqEAC,a3Obe000000Ktq1EAC,,true,2026-06-10T19:37:36.000+0000,2026-06-13T22:14:07.000+0000
a3Mbe000000KHYhEAO,RSC-004492,Qualquer,,,Atendimento,a3Nbe000000Q1A9EAK,a3Kbe000000BybqEAC,a3Obe000000Ktq2EAC,,true,2026-06-10T19:37:36.000+0000,2026-06-13T22:14:07.000+0000
a3Mbe000000KHYiEAO,RSC-004493,Qualquer,,,Atendimento,a3Nbe000000Q1A9EAK,a3Kbe000000BybqEAC,a3Obe000000Ktq4EAC,,true,2026-06-10T19:37:36.000+0000,2026-06-13T22:14:07.000+0000
a3Mbe000000KHYjEAO,RSC-004494,Qualquer,,,Atendimento,a3Nbe000000Q1A9EAK,a3Kbe000000C4CSEA0,a3Obe000000KtpzEAC,,true,2026-06-10T19:37:36.000+0000,2026-06-13T22:14:07.000+0000
a3Mbe000000KHYkEAO,RSC-004495,Qualquer,,,Atendimento,a3Nbe000000Q1A9EAK,a3Kbe000000C4CSEA0,a3Obe000000Ktq0EAC,,true,2026-06-10T19:37:36.000+0000,2026-06-13T22:14:07.000+0000
a3Mbe000000KHYlEAO,RSC-004496,Qualquer,,,Atendimento,a3Nbe000000Q1A9EAK,a3Kbe000000C4CSEA0,a3Obe000000Ktq1EAC,,true,2026-06-10T19:37:36.000+0000,2026-06-13T22:14:07.000+0000
a3Mbe000000KHYmEAO,RSC-004497,Qualquer,,,Atendimento,a3Nbe000000Q1A9EAK,a3Kbe000000C4CSEA0,a3Obe000000Ktq2EAC,,true,2026-06-10T19:37:36.000+0000,2026-06-13T22:14:07.000+0000
a3Mbe000000KHYnEAO,RSC-004498,Qualquer,,,Atendimento,a3Nbe000000Q1A9EAK,a3Kbe000000C4CSEA0,a3Obe000000Ktq4EAC,,true,2026-06-10T19:37:36.000+0000,2026-06-13T22:14:07.000+0000
a3Mbe000000KHYoEAO,RSC-004499,Qualquer,,,Atendimento,a3Nbe000000Q1A9EAK,a3Kbe000000C4CTEA0,a3Obe000000KtpzEAC,,true,2026-06-10T19:37:36.000+0000,2026-06-13T22:14:07.000+0000
a3Mbe000000KHYpEAO,RSC-004500,Qualquer,,,Atendimento,a3Nbe000000Q1A9EAK,a3Kbe000000C4CTEA0,a3Obe000000Ktq0EAC,,true,2026-06-10T19:37:36.000+0000,2026-06-13T22:14:07.000+0000
a3Mbe000000KHYqEAO,RSC-004501,Qualquer,,,Atendimento,a3Nbe000000Q1A9EAK,a3Kbe000000C4CTEA0,a3Obe000000Ktq1EAC,,true,2026-06-10T19:37:36.000+0000,2026-06-13T22:14:07.000+0000
a3Mbe000000KHYrEAO,RSC-004502,Qualquer,,,Atendimento,a3Nbe000000Q1A9EAK,a3Kbe000000C4CTEA0,a3Obe000000Ktq2EAC,,true,2026-06-10T19:37:36.000+0000,2026-06-13T22:14:07.000+0000
a3Mbe000000KHYsEAO,RSC-004503,Qualquer,,,Atendimento,a3Nbe000000Q1A9EAK,a3Kbe000000C4CTEA0,a3Obe000000Ktq4EAC,,true,2026-06-10T19:37:36.000+0000,2026-06-13T22:14:07.000+0000
a3Mbe000000KHYtEAO,RSC-004504,Qualquer,,,Atendimento,a3Nbe000000Q1A9EAK,a3Kbe000000C4CUEA0,a3Obe000000KtpzEAC,,true,2026-06-10T19:37:36.000+0000,2026-06-13T22:14:07.000+0000
a3Mbe000000KHYuEAO,RSC-004505,Qualquer,,,Atendimento,a3Nbe000000Q1A9EAK,a3Kbe000000C4CUEA0,a3Obe000000Ktq0EAC,,true,2026-06-10T19:37:36.000+0000,2026-06-13T22:14:07.000+0000
a3Mbe000000KHYvEAO,RSC-004506,Qualquer,,,Atendimento,a3Nbe000000Q1A9EAK,a3Kbe000000C4CUEA0,a3Obe000000Ktq1EAC,,true,2026-06-10T19:37:36.000+0000,2026-06-13T22:14:07.000+0000
a3Mbe000000KHYwEAO,RSC-004507,Qualquer,,,Atendimento,a3Nbe000000Q1A9EAK,a3Kbe000000C4CUEA0,a3Obe000000Ktq2EAC,,true,2026-06-10T19:37:36.000+0000,2026-06-13T22:14:07.000+0000
a3Mbe000000KHYxEAO,RSC-004508,Qualquer,,,Atendimento,a3Nbe000000Q1A9EAK,a3Kbe000000C4CUEA0,a3Obe000000Ktq4EAC,,true,2026-06-10T19:37:36.000+0000,2026-06-13T22:14:07.000+0000
a3Mbe000000KHYyEAO,RSC-004509,Qualquer,,,Atendimento,a3Nbe000000Q1A9EAK,a3Kbe000000C4CVEA0,a3Obe000000KtpzEAC,,true,2026-06-10T19:37:36.000+0000,2026-06-13T22:14:07.000+0000
a3Mbe000000KHYzEAO,RSC-004510,Qualquer,,,Atendimento,a3Nbe000000Q1A9EAK,a3Kbe000000C4CVEA0,a3Obe000000Ktq0EAC,,true,2026-06-10T19:37:36.000+0000,2026-06-13T22:14:07.000+0000
a3Mbe000000KHZ0EAO,RSC-004511,Qualquer,,,Atendimento,a3Nbe000000Q1A9EAK,a3Kbe000000C4CVEA0,a3Obe000000Ktq1EAC,,true,2026-06-10T19:37:36.000+0000,2026-06-13T22:14:07.000+0000
a3Mbe000000KHZ1EAO,RSC-004512,Qualquer,,,Atendimento,a3Nbe000000Q1A9EAK,a3Kbe000000C4CVEA0,a3Obe000000Ktq2EAC,,true,2026-06-10T19:37:36.000+0000,2026-06-13T22:14:07.000+0000
a3Mbe000000KHZ2EAO,RSC-004513,Qualquer,,,Atendimento,a3Nbe000000Q1A9EAK,a3Kbe000000C4CVEA0,a3Obe000000Ktq4EAC,,true,2026-06-10T19:37:36.000+0000,2026-06-13T22:14:07.000+0000
a3Mbe000000KHZ3EAO,RSC-004514,Qualquer,,,Atendimento,a3Nbe000000Q1A9EAK,a3Kbe000000C4CWEA0,a3Obe000000KtpzEAC,,true,2026-06-10T19:37:36.000+0000,2026-06-13T22:14:07.000+0000
a3Mbe000000KHZ4EAO,RSC-004515,Qualquer,,,Atendimento,a3Nbe000000Q1A9EAK,a3Kbe000000C4CWEA0,a3Obe000000Ktq0EAC,,true,2026-06-10T19:37:36.000+0000,2026-06-13T22:14:07.000+0000
a3Mbe000000KHZ5EAO,RSC-004516,Qualquer,,,Atendimento,a3Nbe000000Q1A9EAK,a3Kbe000000C4CWEA0,a3Obe000000Ktq1EAC,,true,2026-06-10T19:37:36.000+0000,2026-06-13T22:14:07.000+0000
a3Mbe000000KHZ6EAO,RSC-004517,Qualquer,,,Atendimento,a3Nbe000000Q1A9EAK,a3Kbe000000C4CWEA0,a3Obe000000Ktq2EAC,,true,2026-06-10T19:37:36.000+0000,2026-06-13T22:14:07.000+0000
a3Mbe000000KHZ7EAO,RSC-004518,Qualquer,,,Atendimento,a3Nbe000000Q1A9EAK,a3Kbe000000C4CWEA0,a3Obe000000Ktq4EAC,,true,2026-06-10T19:37:36.000+0000,2026-06-13T22:14:07.000+0000
a3Mbe000000KHZ8EAO,RSC-004519,Qualquer,,,Atendimento,a3Nbe000000Q1A9EAK,a3Kbe000000C4CXEA0,a3Obe000000KtpzEAC,,true,2026-06-10T19:37:36.000+0000,2026-06-13T22:14:07.000+0000
a3Mbe000000KHZ9EAO,RSC-004520,Qualquer,,,Atendimento,a3Nbe000000Q1A9EAK,a3Kbe000000C4CXEA0,a3Obe000000Ktq0EAC,,true,2026-06-10T19:37:36.000+0000,2026-06-13T22:14:07.000+0000
a3Mbe000000KHZAEA4,RSC-004521,Qualquer,,,Atendimento,a3Nbe000000Q1A9EAK,a3Kbe000000C4CXEA0,a3Obe000000Ktq1EAC,,true,2026-06-10T19:37:36.000+0000,2026-06-13T22:14:07.000+0000
a3Mbe000000KHZBEA4,RSC-004522,Qualquer,,,Atendimento,a3Nbe000000Q1A9EAK,a3Kbe000000C4CXEA0,a3Obe000000Ktq2EAC,,true,2026-06-10T19:37:36.000+0000,2026-06-13T22:14:07.000+0000
a3Mbe000000KHZCEA4,RSC-004523,Qualquer,,,Atendimento,a3Nbe000000Q1A9EAK,a3Kbe000000C4CXEA0,a3Obe000000Ktq4EAC,,true,2026-06-10T19:37:36.000+0000,2026-06-13T22:14:07.000+0000
a3Mbe000000KHZDEA4,RSC-004524,Qualquer,,,Atendimento,a3Nbe000000Q1A9EAK,a3Kbe000000C4CYEA0,a3Obe000000KtpzEAC,,true,2026-06-10T19:37:36.000+0000,2026-06-13T22:14:07.000+0000
a3Mbe000000KHZEEA4,RSC-004525,Qualquer,,,Atendimento,a3Nbe000000Q1A9EAK,a3Kbe000000C4CYEA0,a3Obe000000Ktq0EAC,,true,2026-06-10T19:37:36.000+0000,2026-06-13T22:14:07.000+0000
a3Mbe000000KHZFEA4,RSC-004526,Qualquer,,,Atendimento,a3Nbe000000Q1A9EAK,a3Kbe000000C4CYEA0,a3Obe000000Ktq1EAC,,true,2026-06-10T19:37:36.000+0000,2026-06-13T22:14:07.000+0000
a3Mbe000000KHZGEA4,RSC-004527,Qualquer,,,Atendimento,a3Nbe000000Q1A9EAK,a3Kbe000000C4CYEA0,a3Obe000000Ktq2EAC,,true,2026-06-10T19:37:36.000+0000,2026-06-13T22:14:07.000+0000
a3Mbe000000KHZHEA4,RSC-004528,Qualquer,,,Atendimento,a3Nbe000000Q1A9EAK,a3Kbe000000C4CYEA0,a3Obe000000Ktq4EAC,,true,2026-06-10T19:37:36.000+0000,2026-06-13T22:14:07.000+0000
a3Mbe000000KHZIEA4,RSC-004529,Qualquer,,,Atendimento,a3Nbe000000Q1A9EAK,a3Kbe000000C4CZEA0,a3Obe000000KtpzEAC,,true,2026-06-10T19:37:36.000+0000,2026-06-13T22:14:07.000+0000
a3Mbe000000KHZJEA4,RSC-004530,Qualquer,,,Atendimento,a3Nbe000000Q1A9EAK,a3Kbe000000C4CZEA0,a3Obe000000Ktq0EAC,,true,2026-06-10T19:37:36.000+0000,2026-06-13T22:14:07.000+0000
a3Mbe000000KHZKEA4,RSC-004531,Qualquer,,,Atendimento,a3Nbe000000Q1A9EAK,a3Kbe000000C4CZEA0,a3Obe000000Ktq1EAC,,true,2026-06-10T19:37:36.000+0000,2026-06-13T22:14:07.000+0000
a3Mbe000000KHZLEA4,RSC-004532,Qualquer,,,Atendimento,a3Nbe000000Q1A9EAK,a3Kbe000000C4CZEA0,a3Obe000000Ktq2EAC,,true,2026-06-10T19:37:36.000+0000,2026-06-13T22:14:07.000+0000
a3Mbe000000KHZMEA4,RSC-004533,Qualquer,,,Atendimento,a3Nbe000000Q1A9EAK,a3Kbe000000C4CZEA0,a3Obe000000Ktq4EAC,,true,2026-06-10T19:37:36.000+0000,2026-06-13T22:14:07.000+0000
a3Mbe000000KHZNEA4,RSC-004534,Qualquer,,,Atendimento,a3Nbe000000Q1A9EAK,a3Kbe000000C4CaEAK,a3Obe000000KtpzEAC,,true,2026-06-10T19:37:36.000+0000,2026-06-13T22:14:07.000+0000
a3Mbe000000KHZOEA4,RSC-004535,Qualquer,,,Atendimento,a3Nbe000000Q1A9EAK,a3Kbe000000C4CaEAK,a3Obe000000Ktq0EAC,,true,2026-06-10T19:37:36.000+0000,2026-06-13T22:14:07.000+0000
a3Mbe000000KHZPEA4,RSC-004536,Qualquer,,,Atendimento,a3Nbe000000Q1A9EAK,a3Kbe000000C4CaEAK,a3Obe000000Ktq1EAC,,true,2026-06-10T19:37:36.000+0000,2026-06-13T22:14:07.000+0000
a3Mbe000000KHZQEA4,RSC-004537,Qualquer,,,Atendimento,a3Nbe000000Q1A9EAK,a3Kbe000000C4CaEAK,a3Obe000000Ktq2EAC,,true,2026-06-10T19:37:36.000+0000,2026-06-13T22:14:07.000+0000
a3Mbe000000KHZREA4,RSC-004538,Qualquer,,,Atendimento,a3Nbe000000Q1A9EAK,a3Kbe000000C4CaEAK,a3Obe000000Ktq4EAC,,true,2026-06-10T19:37:36.000+0000,2026-06-13T22:14:07.000+0000
a3Mbe000000KHZSEA4,RSC-004539,Qualquer,,,Atendimento,a3Nbe000000Q1A9EAK,a3Kbe000000C4CbEAK,a3Obe000000KtpzEAC,,true,2026-06-10T19:37:36.000+0000,2026-06-13T22:14:07.000+0000
a3Mbe000000KHZTEA4,RSC-004540,Qualquer,,,Atendimento,a3Nbe000000Q1A9EAK,a3Kbe000000C4CbEAK,a3Obe000000Ktq0EAC,,true,2026-06-10T19:37:36.000+0000,2026-06-13T22:14:07.000+0000
a3Mbe000000KHZUEA4,RSC-004541,Qualquer,,,Atendimento,a3Nbe000000Q1A9EAK,a3Kbe000000C4CbEAK,a3Obe000000Ktq1EAC,,true,2026-06-10T19:37:36.000+0000,2026-06-13T22:14:07.000+0000
a3Mbe000000KHZVEA4,RSC-004542,Qualquer,,,Atendimento,a3Nbe000000Q1A9EAK,a3Kbe000000C4CbEAK,a3Obe000000Ktq2EAC,,true,2026-06-10T19:37:36.000+0000,2026-06-13T22:14:07.000+0000
a3Mbe000000KHZWEA4,RSC-004543,Qualquer,,,Atendimento,a3Nbe000000Q1A9EAK,a3Kbe000000C4CbEAK,a3Obe000000Ktq4EAC,,true,2026-06-10T19:37:36.000+0000,2026-06-13T22:14:07.000+0000
a3Mbe000000KHZXEA4,RSC-004544,Qualquer,,,Atendimento,a3Nbe000000Q1A9EAK,a3Kbe000000C4CcEAK,a3Obe000000KtpzEAC,,true,2026-06-10T19:37:36.000+0000,2026-06-13T22:14:07.000+0000
a3Mbe000000KHZYEA4,RSC-004545,Qualquer,,,Atendimento,a3Nbe000000Q1A9EAK,a3Kbe000000C4CcEAK,a3Obe000000Ktq0EAC,,true,2026-06-10T19:37:36.000+0000,2026-06-13T22:14:07.000+0000
a3Mbe000000KHZZEA4,RSC-004546,Qualquer,,,Atendimento,a3Nbe000000Q1A9EAK,a3Kbe000000C4CcEAK,a3Obe000000Ktq1EAC,,true,2026-06-10T19:37:36.000+0000,2026-06-13T22:14:07.000+0000
a3Mbe000000KHZaEAO,RSC-004547,Qualquer,,,Atendimento,a3Nbe000000Q1A9EAK,a3Kbe000000C4CcEAK,a3Obe000000Ktq2EAC,,true,2026-06-10T19:37:36.000+0000,2026-06-13T22:14:07.000+0000
a3Mbe000000KHZbEAO,RSC-004548,Qualquer,,,Atendimento,a3Nbe000000Q1A9EAK,a3Kbe000000C4CcEAK,a3Obe000000Ktq4EAC,,true,2026-06-10T19:37:36.000+0000,2026-06-13T22:14:07.000+0000
a3Mbe000000KHZcEAO,RSC-004549,Qualquer,,,Atendimento,a3Nbe000000Q1A9EAK,a3Kbe000000C4CdEAK,a3Obe000000KtpzEAC,,true,2026-06-10T19:37:36.000+0000,2026-06-13T22:14:07.000+0000
a3Mbe000000KHZdEAO,RSC-004550,Qualquer,,,Atendimento,a3Nbe000000Q1A9EAK,a3Kbe000000C4CdEAK,a3Obe000000Ktq0EAC,,true,2026-06-10T19:37:36.000+0000,2026-06-13T22:14:07.000+0000
a3Mbe000000KHZeEAO,RSC-004551,Qualquer,,,Atendimento,a3Nbe000000Q1A9EAK,a3Kbe000000C4CdEAK,a3Obe000000Ktq1EAC,,true,2026-06-10T19:37:36.000+0000,2026-06-13T22:14:07.000+0000
a3Mbe000000KHZfEAO,RSC-004552,Qualquer,,,Atendimento,a3Nbe000000Q1A9EAK,a3Kbe000000C4CdEAK,a3Obe000000Ktq2EAC,,true,2026-06-10T19:37:36.000+0000,2026-06-13T22:14:07.000+0000
a3Mbe000000KHZgEAO,RSC-004553,Qualquer,,,Atendimento,a3Nbe000000Q1A9EAK,a3Kbe000000C4CdEAK,a3Obe000000Ktq4EAC,,true,2026-06-10T19:37:36.000+0000,2026-06-13T22:14:07.000+0000
a3Mbe000000KHZhEAO,RSC-004554,Qualquer,,,Atendimento,a3Nbe000000Q1A9EAK,a3Kbe000000BybsEAC,a3Obe000000KtpzEAC,,true,2026-06-10T19:37:36.000+0000,2026-06-13T22:14:07.000+0000
a3Mbe000000KHZiEAO,RSC-004555,Qualquer,,,Atendimento,a3Nbe000000Q1A9EAK,a3Kbe000000BybsEAC,a3Obe000000Ktq0EAC,,true,2026-06-10T19:37:36.000+0000,2026-06-13T22:14:07.000+0000
a3Mbe000000KHZjEAO,RSC-004556,Qualquer,,,Atendimento,a3Nbe000000Q1A9EAK,a3Kbe000000BybsEAC,a3Obe000000Ktq1EAC,,true,2026-06-10T19:37:36.000+0000,2026-06-13T22:14:07.000+0000
a3Mbe000000KHZkEAO,RSC-004557,Qualquer,,,Atendimento,a3Nbe000000Q1A9EAK,a3Kbe000000BybsEAC,a3Obe000000Ktq2EAC,,true,2026-06-10T19:37:36.000+0000,2026-06-13T22:14:07.000+0000
a3Mbe000000KHZlEAO,RSC-004558,Qualquer,,,Atendimento,a3Nbe000000Q1A9EAK,a3Kbe000000BybsEAC,a3Obe000000Ktq4EAC,,true,2026-06-10T19:37:36.000+0000,2026-06-13T22:14:07.000+0000
a3Mbe000000KHZmEAO,RSC-004559,Qualquer,,,Atendimento,a3Nbe000000Q1A9EAK,a3Kbe000000Byf3EAC,a3Obe000000KtpzEAC,,true,2026-06-10T19:37:36.000+0000,2026-06-13T22:14:07.000+0000
a3Mbe000000KHZnEAO,RSC-004560,Qualquer,,,Atendimento,a3Nbe000000Q1A9EAK,a3Kbe000000Byf3EAC,a3Obe000000Ktq0EAC,,true,2026-06-10T19:37:36.000+0000,2026-06-13T22:14:07.000+0000
a3Mbe000000KHZoEAO,RSC-004561,Qualquer,,,Atendimento,a3Nbe000000Q1A9EAK,a3Kbe000000Byf3EAC,a3Obe000000Ktq1EAC,,true,2026-06-10T19:37:36.000+0000,2026-06-13T22:14:07.000+0000
a3Mbe000000KHZpEAO,RSC-004562,Qualquer,,,Atendimento,a3Nbe000000Q1A9EAK,a3Kbe000000Byf3EAC,a3Obe000000Ktq2EAC,,true,2026-06-10T19:37:36.000+0000,2026-06-13T22:14:07.000+0000
a3Mbe000000KHZqEAO,RSC-004563,Qualquer,,,Atendimento,a3Nbe000000Q1A9EAK,a3Kbe000000Byf3EAC,a3Obe000000Ktq4EAC,,true,2026-06-10T19:37:36.000+0000,2026-06-13T22:14:07.000+0000
a3Mbe000000KHZrEAO,RSC-004564,Qualquer,,,Atendimento,a3Nbe000000Q1A9EAK,a3Kbe000000BybrEAC,a3Obe000000KtpzEAC,,true,2026-06-10T19:37:36.000+0000,2026-06-13T22:14:07.000+0000
a3Mbe000000KHZsEAO,RSC-004565,Qualquer,,,Atendimento,a3Nbe000000Q1A9EAK,a3Kbe000000BybrEAC,a3Obe000000Ktq0EAC,,true,2026-06-10T19:37:36.000+0000,2026-06-13T22:14:07.000+0000
a3Mbe000000KHZtEAO,RSC-004566,Qualquer,,,Atendimento,a3Nbe000000Q1A9EAK,a3Kbe000000BybrEAC,a3Obe000000Ktq1EAC,,true,2026-06-10T19:37:36.000+0000,2026-06-13T22:14:07.000+0000
a3Mbe000000KHZuEAO,RSC-004567,Qualquer,,,Atendimento,a3Nbe000000Q1A9EAK,a3Kbe000000BybrEAC,a3Obe000000Ktq2EAC,,true,2026-06-10T19:37:36.000+0000,2026-06-13T22:14:07.000+0000
a3Mbe000000KHZvEAO,RSC-004568,Qualquer,,,Atendimento,a3Nbe000000Q1A9EAK,a3Kbe000000BybrEAC,a3Obe000000Ktq4EAC,,true,2026-06-10T19:37:36.000+0000,2026-06-13T22:14:07.000+0000
a3Mbe000000KHZwEAO,RSC-004569,Qualquer,,,Atendimento,a3Nbe000000Q1A9EAK,a3Kbe000000BybtEAC,a3Obe000000KtpzEAC,,true,2026-06-10T19:37:36.000+0000,2026-06-13T22:14:07.000+0000
a3Mbe000000KHZxEAO,RSC-004570,Qualquer,,,Atendimento,a3Nbe000000Q1A9EAK,a3Kbe000000BybtEAC,a3Obe000000Ktq0EAC,,true,2026-06-10T19:37:36.000+0000,2026-06-13T22:14:07.000+0000
a3Mbe000000KHZyEAO,RSC-004571,Qualquer,,,Atendimento,a3Nbe000000Q1A9EAK,a3Kbe000000BybtEAC,a3Obe000000Ktq1EAC,,true,2026-06-10T19:37:36.000+0000,2026-06-13T22:14:07.000+0000
a3Mbe000000KHZzEAO,RSC-004572,Qualquer,,,Atendimento,a3Nbe000000Q1A9EAK,a3Kbe000000BybtEAC,a3Obe000000Ktq2EAC,,true,2026-06-10T19:37:36.000+0000,2026-06-13T22:14:07.000+0000
a3Mbe000000KHa0EAG,RSC-004573,Qualquer,,,Atendimento,a3Nbe000000Q1A9EAK,a3Kbe000000BybtEAC,a3Obe000000Ktq4EAC,,true,2026-06-10T19:37:36.000+0000,2026-06-13T22:14:07.000+0000
a3Mbe000000KHa1EAG,RSC-004574,Qualquer,,,Atendimento,a3Nbe000000Q1A9EAK,a3Kbe000000C4CeEAK,a3Obe000000KtpzEAC,,true,2026-06-10T19:37:36.000+0000,2026-06-13T22:14:07.000+0000
a3Mbe000000KHa2EAG,RSC-004575,Qualquer,,,Atendimento,a3Nbe000000Q1A9EAK,a3Kbe000000C4CeEAK,a3Obe000000Ktq0EAC,,true,2026-06-10T19:37:36.000+0000,2026-06-13T22:14:07.000+0000
a3Mbe000000KHa3EAG,RSC-004576,Qualquer,,,Atendimento,a3Nbe000000Q1A9EAK,a3Kbe000000C4CeEAK,a3Obe000000Ktq1EAC,,true,2026-06-10T19:37:36.000+0000,2026-06-13T22:14:07.000+0000
a3Mbe000000KHa4EAG,RSC-004577,Qualquer,,,Atendimento,a3Nbe000000Q1A9EAK,a3Kbe000000C4CeEAK,a3Obe000000Ktq2EAC,,true,2026-06-10T19:37:36.000+0000,2026-06-13T22:14:07.000+0000
a3Mbe000000KHa5EAG,RSC-004578,Qualquer,,,Atendimento,a3Nbe000000Q1A9EAK,a3Kbe000000C4CeEAK,a3Obe000000Ktq4EAC,,true,2026-06-10T19:37:36.000+0000,2026-06-13T22:14:07.000+0000
a3Mbe000000KHa6EAG,RSC-004579,Qualquer,,,Atendimento,a3Nbe000000Q1A9EAK,a3Kbe000000C4CfEAK,a3Obe000000KtpzEAC,,true,2026-06-10T19:37:36.000+0000,2026-06-13T22:14:07.000+0000
a3Mbe000000KHa7EAG,RSC-004580,Qualquer,,,Atendimento,a3Nbe000000Q1A9EAK,a3Kbe000000C4CfEAK,a3Obe000000Ktq0EAC,,true,2026-06-10T19:37:36.000+0000,2026-06-13T22:14:07.000+0000
a3Mbe000000KHa8EAG,RSC-004581,Qualquer,,,Atendimento,a3Nbe000000Q1A9EAK,a3Kbe000000C4CfEAK,a3Obe000000Ktq1EAC,,true,2026-06-10T19:37:36.000+0000,2026-06-13T22:14:07.000+0000
a3Mbe000000KHa9EAG,RSC-004582,Qualquer,,,Atendimento,a3Nbe000000Q1A9EAK,a3Kbe000000C4CfEAK,a3Obe000000Ktq2EAC,,true,2026-06-10T19:37:36.000+0000,2026-06-13T22:14:07.000+0000
a3Mbe000000KHaAEAW,RSC-004583,Qualquer,,,Atendimento,a3Nbe000000Q1A9EAK,a3Kbe000000C4CfEAK,a3Obe000000Ktq4EAC,,true,2026-06-10T19:37:36.000+0000,2026-06-13T22:14:07.000+0000
a3Mbe000000KHaBEAW,RSC-004584,Qualquer,,,Atendimento,a3Nbe000000Q1A9EAK,a3Kbe000000C4CgEAK,a3Obe000000KtpzEAC,,true,2026-06-10T19:37:36.000+0000,2026-06-13T22:14:07.000+0000
a3Mbe000000KHaCEAW,RSC-004585,Qualquer,,,Atendimento,a3Nbe000000Q1A9EAK,a3Kbe000000C4CgEAK,a3Obe000000Ktq0EAC,,true,2026-06-10T19:37:36.000+0000,2026-06-13T22:14:07.000+0000
a3Mbe000000KHaDEAW,RSC-004586,Qualquer,,,Atendimento,a3Nbe000000Q1A9EAK,a3Kbe000000C4CgEAK,a3Obe000000Ktq1EAC,,true,2026-06-10T19:37:36.000+0000,2026-06-13T22:14:07.000+0000
a3Mbe000000KHaEEAW,RSC-004587,Qualquer,,,Atendimento,a3Nbe000000Q1A9EAK,a3Kbe000000C4CgEAK,a3Obe000000Ktq2EAC,,true,2026-06-10T19:37:36.000+0000,2026-06-13T22:14:07.000+0000
a3Mbe000000KHaFEAW,RSC-004588,Qualquer,,,Atendimento,a3Nbe000000Q1A9EAK,a3Kbe000000C4CgEAK,a3Obe000000Ktq4EAC,,true,2026-06-10T19:37:36.000+0000,2026-06-13T22:14:07.000+0000
a3Mbe000000KHaGEAW,RSC-004589,Qualquer,,,Atendimento,a3Nbe000000Q1A9EAK,a3Kbe000000C4ChEAK,a3Obe000000KtpzEAC,,true,2026-06-10T19:37:36.000+0000,2026-06-13T22:14:07.000+0000
a3Mbe000000KHaHEAW,RSC-004590,Qualquer,,,Atendimento,a3Nbe000000Q1A9EAK,a3Kbe000000C4ChEAK,a3Obe000000Ktq0EAC,,true,2026-06-10T19:37:36.000+0000,2026-06-13T22:14:07.000+0000
a3Mbe000000KHaIEAW,RSC-004591,Qualquer,,,Atendimento,a3Nbe000000Q1A9EAK,a3Kbe000000C4ChEAK,a3Obe000000Ktq1EAC,,true,2026-06-10T19:37:36.000+0000,2026-06-13T22:14:07.000+0000
a3Mbe000000KHaJEAW,RSC-004592,Qualquer,,,Atendimento,a3Nbe000000Q1A9EAK,a3Kbe000000C4ChEAK,a3Obe000000Ktq2EAC,,true,2026-06-10T19:37:36.000+0000,2026-06-13T22:14:07.000+0000
a3Mbe000000KHaKEAW,RSC-004593,Qualquer,,,Atendimento,a3Nbe000000Q1A9EAK,a3Kbe000000C4ChEAK,a3Obe000000Ktq4EAC,,true,2026-06-10T19:37:36.000+0000,2026-06-13T22:14:07.000+0000
a3Mbe000000KHaLEAW,RSC-004594,Qualquer,,,Atendimento,a3Nbe000000Q1A9EAK,a3Kbe000000C4CiEAK,a3Obe000000KtpzEAC,,true,2026-06-10T19:37:36.000+0000,2026-06-13T22:14:07.000+0000
a3Mbe000000KHaMEAW,RSC-004595,Qualquer,,,Atendimento,a3Nbe000000Q1A9EAK,a3Kbe000000C4CiEAK,a3Obe000000Ktq0EAC,,true,2026-06-10T19:37:36.000+0000,2026-06-13T22:14:07.000+0000
a3Mbe000000KHaNEAW,RSC-004596,Qualquer,,,Atendimento,a3Nbe000000Q1A9EAK,a3Kbe000000C4CiEAK,a3Obe000000Ktq1EAC,,true,2026-06-10T19:37:36.000+0000,2026-06-13T22:14:07.000+0000
a3Mbe000000KHaOEAW,RSC-004597,Qualquer,,,Atendimento,a3Nbe000000Q1A9EAK,a3Kbe000000C4CiEAK,a3Obe000000Ktq2EAC,,true,2026-06-10T19:37:36.000+0000,2026-06-13T22:14:07.000+0000
a3Mbe000000KHaPEAW,RSC-004598,Qualquer,,,Atendimento,a3Nbe000000Q1A9EAK,a3Kbe000000C4CiEAK,a3Obe000000Ktq4EAC,,true,2026-06-10T19:37:36.000+0000,2026-06-13T22:14:07.000+0000
a3Mbe000000KHaQEAW,RSC-004599,Qualquer,,,Atendimento,a3Nbe000000Q1A9EAK,a3Kbe000000C4CjEAK,a3Obe000000KtpzEAC,,true,2026-06-10T19:37:36.000+0000,2026-06-13T22:14:07.000+0000
a3Mbe000000KHaREAW,RSC-004600,Qualquer,,,Atendimento,a3Nbe000000Q1A9EAK,a3Kbe000000C4CjEAK,a3Obe000000Ktq0EAC,,true,2026-06-10T19:37:36.000+0000,2026-06-13T22:14:07.000+0000
a3Mbe000000KHaSEAW,RSC-004601,Qualquer,,,Atendimento,a3Nbe000000Q1A9EAK,a3Kbe000000C4CjEAK,a3Obe000000Ktq1EAC,,true,2026-06-10T19:37:36.000+0000,2026-06-13T22:14:07.000+0000
a3Mbe000000KHaTEAW,RSC-004602,Qualquer,,,Atendimento,a3Nbe000000Q1A9EAK,a3Kbe000000C4CjEAK,a3Obe000000Ktq2EAC,,true,2026-06-10T19:37:36.000+0000,2026-06-13T22:14:07.000+0000
a3Mbe000000KHaUEAW,RSC-004603,Qualquer,,,Atendimento,a3Nbe000000Q1A9EAK,a3Kbe000000C4CjEAK,a3Obe000000Ktq4EAC,,true,2026-06-10T19:37:36.000+0000,2026-06-13T22:14:07.000+0000
a3Mbe000000KHaVEAW,RSC-004604,Qualquer,,,Atendimento,a3Nbe000000Q1A9EAK,a3Kbe000000C4CkEAK,a3Obe000000KtpzEAC,,true,2026-06-10T19:37:36.000+0000,2026-06-13T22:14:07.000+0000
a3Mbe000000KHaWEAW,RSC-004605,Qualquer,,,Atendimento,a3Nbe000000Q1A9EAK,a3Kbe000000C4CkEAK,a3Obe000000Ktq0EAC,,true,2026-06-10T19:37:36.000+0000,2026-06-13T22:14:07.000+0000
a3Mbe000000KHaXEAW,RSC-004606,Qualquer,,,Atendimento,a3Nbe000000Q1A9EAK,a3Kbe000000C4CkEAK,a3Obe000000Ktq1EAC,,true,2026-06-10T19:37:36.000+0000,2026-06-13T22:14:07.000+0000
a3Mbe000000KHaYEAW,RSC-004607,Qualquer,,,Atendimento,a3Nbe000000Q1A9EAK,a3Kbe000000C4CkEAK,a3Obe000000Ktq2EAC,,true,2026-06-10T19:37:36.000+0000,2026-06-13T22:14:07.000+0000
a3Mbe000000KHaZEAW,RSC-004608,Qualquer,,,Atendimento,a3Nbe000000Q1A9EAK,a3Kbe000000C4CkEAK,a3Obe000000Ktq4EAC,,true,2026-06-10T19:37:36.000+0000,2026-06-13T22:14:07.000+0000
a3Mbe000000KHaaEAG,RSC-004609,Qualquer,,,Atendimento,a3Nbe000000Q1A9EAK,a3Kbe000000C4ClEAK,a3Obe000000KtpzEAC,,true,2026-06-10T19:37:36.000+0000,2026-06-13T22:14:07.000+0000
a3Mbe000000KHabEAG,RSC-004610,Qualquer,,,Atendimento,a3Nbe000000Q1A9EAK,a3Kbe000000C4ClEAK,a3Obe000000Ktq0EAC,,true,2026-06-10T19:37:36.000+0000,2026-06-13T22:14:07.000+0000
a3Mbe000000KHacEAG,RSC-004611,Qualquer,,,Atendimento,a3Nbe000000Q1A9EAK,a3Kbe000000C4ClEAK,a3Obe000000Ktq1EAC,,true,2026-06-10T19:37:36.000+0000,2026-06-13T22:14:07.000+0000
a3Mbe000000KHadEAG,RSC-004612,Qualquer,,,Atendimento,a3Nbe000000Q1A9EAK,a3Kbe000000C4ClEAK,a3Obe000000Ktq2EAC,,true,2026-06-10T19:37:36.000+0000,2026-06-13T22:14:07.000+0000
a3Mbe000000KHaeEAG,RSC-004613,Qualquer,,,Atendimento,a3Nbe000000Q1A9EAK,a3Kbe000000C4ClEAK,a3Obe000000Ktq4EAC,,true,2026-06-10T19:37:36.000+0000,2026-06-13T22:14:07.000+0000
a3Mbe000000KHafEAG,RSC-004614,Qualquer,,,Atendimento,a3Nbe000000Q1A9EAK,a3Kbe000000C4CmEAK,a3Obe000000KtpzEAC,,true,2026-06-10T19:37:36.000+0000,2026-06-13T22:14:07.000+0000
a3Mbe000000KHagEAG,RSC-004615,Qualquer,,,Atendimento,a3Nbe000000Q1A9EAK,a3Kbe000000C4CmEAK,a3Obe000000Ktq0EAC,,true,2026-06-10T19:37:36.000+0000,2026-06-13T22:14:07.000+0000
a3Mbe000000KHahEAG,RSC-004616,Qualquer,,,Atendimento,a3Nbe000000Q1A9EAK,a3Kbe000000C4CmEAK,a3Obe000000Ktq1EAC,,true,2026-06-10T19:37:36.000+0000,2026-06-13T22:14:07.000+0000
a3Mbe000000KHaiEAG,RSC-004617,Qualquer,,,Atendimento,a3Nbe000000Q1A9EAK,a3Kbe000000C4CmEAK,a3Obe000000Ktq2EAC,,true,2026-06-10T19:37:36.000+0000,2026-06-13T22:14:07.000+0000
a3Mbe000000KHajEAG,RSC-004618,Qualquer,,,Atendimento,a3Nbe000000Q1A9EAK,a3Kbe000000C4CmEAK,a3Obe000000Ktq4EAC,,true,2026-06-10T19:37:36.000+0000,2026-06-13T22:14:07.000+0000
a3Mbe000000KHakEAG,RSC-004619,Qualquer,,,Atendimento,a3Nbe000000Q1A9EAK,a3Kbe000000C4CnEAK,a3Obe000000KtpzEAC,,true,2026-06-10T19:37:36.000+0000,2026-06-13T22:14:07.000+0000
a3Mbe000000KHalEAG,RSC-004620,Qualquer,,,Atendimento,a3Nbe000000Q1A9EAK,a3Kbe000000C4CnEAK,a3Obe000000Ktq0EAC,,true,2026-06-10T19:37:36.000+0000,2026-06-13T22:14:07.000+0000
a3Mbe000000KHamEAG,RSC-004621,Qualquer,,,Atendimento,a3Nbe000000Q1A9EAK,a3Kbe000000C4CnEAK,a3Obe000000Ktq1EAC,,true,2026-06-10T19:37:36.000+0000,2026-06-13T22:14:07.000+0000
a3Mbe000000KHanEAG,RSC-004622,Qualquer,,,Atendimento,a3Nbe000000Q1A9EAK,a3Kbe000000C4CnEAK,a3Obe000000Ktq2EAC,,true,2026-06-10T19:37:36.000+0000,2026-06-13T22:14:07.000+0000
a3Mbe000000KHaoEAG,RSC-004623,Qualquer,,,Atendimento,a3Nbe000000Q1A9EAK,a3Kbe000000C4CnEAK,a3Obe000000Ktq4EAC,,true,2026-06-10T19:37:36.000+0000,2026-06-13T22:14:07.000+0000
a3Mbe000000KHapEAG,RSC-004624,Qualquer,,,Atendimento,a3Nbe000000Q1A9EAK,a3Kbe000000C4CoEAK,a3Obe000000KtpzEAC,,true,2026-06-10T19:37:36.000+0000,2026-06-13T22:14:07.000+0000
a3Mbe000000KHaqEAG,RSC-004625,Qualquer,,,Atendimento,a3Nbe000000Q1A9EAK,a3Kbe000000C4CoEAK,a3Obe000000Ktq0EAC,,true,2026-06-10T19:37:36.000+0000,2026-06-13T22:14:07.000+0000
a3Mbe000000KHarEAG,RSC-004626,Qualquer,,,Atendimento,a3Nbe000000Q1A9EAK,a3Kbe000000C4CoEAK,a3Obe000000Ktq1EAC,,true,2026-06-10T19:37:36.000+0000,2026-06-13T22:14:07.000+0000
a3Mbe000000KHasEAG,RSC-004627,Qualquer,,,Atendimento,a3Nbe000000Q1A9EAK,a3Kbe000000C4CoEAK,a3Obe000000Ktq2EAC,,true,2026-06-10T19:37:36.000+0000,2026-06-13T22:14:07.000+0000
a3Mbe000000KHatEAG,RSC-004628,Qualquer,,,Atendimento,a3Nbe000000Q1A9EAK,a3Kbe000000C4CoEAK,a3Obe000000Ktq4EAC,,true,2026-06-10T19:37:36.000+0000,2026-06-13T22:14:07.000+0000
a3Mbe000000KHauEAG,RSC-004629,Qualquer,,,Atendimento,a3Nbe000000Q1A9EAK,a3Kbe000000C4CpEAK,a3Obe000000KtpzEAC,,true,2026-06-10T19:37:36.000+0000,2026-06-13T22:14:07.000+0000
a3Mbe000000KHavEAG,RSC-004630,Qualquer,,,Atendimento,a3Nbe000000Q1A9EAK,a3Kbe000000C4CpEAK,a3Obe000000Ktq0EAC,,true,2026-06-10T19:37:36.000+0000,2026-06-13T22:14:07.000+0000
a3Mbe000000KHawEAG,RSC-004631,Qualquer,,,Atendimento,a3Nbe000000Q1A9EAK,a3Kbe000000C4CpEAK,a3Obe000000Ktq1EAC,,true,2026-06-10T19:37:36.000+0000,2026-06-13T22:14:07.000+0000
a3Mbe000000KHaxEAG,RSC-004632,Qualquer,,,Atendimento,a3Nbe000000Q1A9EAK,a3Kbe000000C4CpEAK,a3Obe000000Ktq2EAC,,true,2026-06-10T19:37:36.000+0000,2026-06-13T22:14:07.000+0000
a3Mbe000000KHayEAG,RSC-004633,Qualquer,,,Atendimento,a3Nbe000000Q1A9EAK,a3Kbe000000C4CpEAK,a3Obe000000Ktq4EAC,,true,2026-06-10T19:37:36.000+0000,2026-06-13T22:14:07.000+0000
a3Mbe000000KHazEAG,RSC-004634,Qualquer,,,Atendimento,a3Nbe000000Q1A9EAK,a3Kbe000000C4CqEAK,a3Obe000000KtpzEAC,,true,2026-06-10T19:37:36.000+0000,2026-06-13T22:14:07.000+0000
a3Mbe000000KHb0EAG,RSC-004635,Qualquer,,,Atendimento,a3Nbe000000Q1A9EAK,a3Kbe000000C4CqEAK,a3Obe000000Ktq0EAC,,true,2026-06-10T19:37:36.000+0000,2026-06-13T22:14:07.000+0000
a3Mbe000000KHb1EAG,RSC-004636,Qualquer,,,Atendimento,a3Nbe000000Q1A9EAK,a3Kbe000000C4CqEAK,a3Obe000000Ktq1EAC,,true,2026-06-10T19:37:36.000+0000,2026-06-13T22:14:07.000+0000
a3Mbe000000KHb2EAG,RSC-004637,Qualquer,,,Atendimento,a3Nbe000000Q1A9EAK,a3Kbe000000C4CqEAK,a3Obe000000Ktq2EAC,,true,2026-06-10T19:37:36.000+0000,2026-06-13T22:14:07.000+0000
a3Mbe000000KHb3EAG,RSC-004638,Qualquer,,,Atendimento,a3Nbe000000Q1A9EAK,a3Kbe000000C4CqEAK,a3Obe000000Ktq4EAC,,true,2026-06-10T19:37:36.000+0000,2026-06-13T22:14:07.000+0000
a3Mbe000000KHb4EAG,RSC-004639,Qualquer,,,Atendimento,a3Nbe000000Q1A9EAK,a3Kbe000000C4CrEAK,a3Obe000000KtpzEAC,,true,2026-06-10T19:37:36.000+0000,2026-06-13T22:14:07.000+0000
a3Mbe000000KHb5EAG,RSC-004640,Qualquer,,,Atendimento,a3Nbe000000Q1A9EAK,a3Kbe000000C4CrEAK,a3Obe000000Ktq0EAC,,true,2026-06-10T19:37:36.000+0000,2026-06-13T22:14:07.000+0000
a3Mbe000000KHb6EAG,RSC-004641,Qualquer,,,Atendimento,a3Nbe000000Q1A9EAK,a3Kbe000000C4CrEAK,a3Obe000000Ktq1EAC,,true,2026-06-10T19:37:36.000+0000,2026-06-13T22:14:07.000+0000
a3Mbe000000KHb7EAG,RSC-004642,Qualquer,,,Atendimento,a3Nbe000000Q1A9EAK,a3Kbe000000C4CrEAK,a3Obe000000Ktq2EAC,,true,2026-06-10T19:37:36.000+0000,2026-06-13T22:14:07.000+0000
a3Mbe000000KHb8EAG,RSC-004643,Qualquer,,,Atendimento,a3Nbe000000Q1A9EAK,a3Kbe000000C4CrEAK,a3Obe000000Ktq4EAC,,true,2026-06-10T19:37:36.000+0000,2026-06-13T22:14:07.000+0000
a3Mbe000000KHb9EAG,RSC-004644,Qualquer,,,Atendimento,a3Nbe000000Q1A9EAK,a3Kbe000000C4CsEAK,a3Obe000000KtpzEAC,,true,2026-06-10T19:37:36.000+0000,2026-06-13T22:14:07.000+0000
a3Mbe000000KHbAEAW,RSC-004645,Qualquer,,,Atendimento,a3Nbe000000Q1A9EAK,a3Kbe000000C4CsEAK,a3Obe000000Ktq0EAC,,true,2026-06-10T19:37:36.000+0000,2026-06-13T22:14:07.000+0000
a3Mbe000000KHbBEAW,RSC-004646,Qualquer,,,Atendimento,a3Nbe000000Q1A9EAK,a3Kbe000000C4CsEAK,a3Obe000000Ktq1EAC,,true,2026-06-10T19:37:36.000+0000,2026-06-13T22:14:07.000+0000
a3Mbe000000KHbCEAW,RSC-004647,Qualquer,,,Atendimento,a3Nbe000000Q1A9EAK,a3Kbe000000C4CsEAK,a3Obe000000Ktq2EAC,,true,2026-06-10T19:37:36.000+0000,2026-06-13T22:14:07.000+0000
a3Mbe000000KHbDEAW,RSC-004648,Qualquer,,,Atendimento,a3Nbe000000Q1A9EAK,a3Kbe000000C4CsEAK,a3Obe000000Ktq4EAC,,true,2026-06-10T19:37:36.000+0000,2026-06-13T22:14:07.000+0000
a3Mbe000000KHbEEAW,RSC-004649,Qualquer,,,Atendimento,a3Nbe000000Q1A9EAK,a3Kbe000000C4CtEAK,a3Obe000000KtpzEAC,,true,2026-06-10T19:37:36.000+0000,2026-06-13T22:14:07.000+0000
a3Mbe000000KHbFEAW,RSC-004650,Qualquer,,,Atendimento,a3Nbe000000Q1A9EAK,a3Kbe000000C4CtEAK,a3Obe000000Ktq0EAC,,true,2026-06-10T19:37:36.000+0000,2026-06-13T22:14:07.000+0000
a3Mbe000000KHbGEAW,RSC-004651,Qualquer,,,Atendimento,a3Nbe000000Q1A9EAK,a3Kbe000000C4CtEAK,a3Obe000000Ktq1EAC,,true,2026-06-10T19:37:36.000+0000,2026-06-13T22:14:07.000+0000
a3Mbe000000KHbHEAW,RSC-004652,Qualquer,,,Atendimento,a3Nbe000000Q1A9EAK,a3Kbe000000C4CtEAK,a3Obe000000Ktq2EAC,,true,2026-06-10T19:37:36.000+0000,2026-06-13T22:14:07.000+0000
a3Mbe000000KHbIEAW,RSC-004653,Qualquer,,,Atendimento,a3Nbe000000Q1A9EAK,a3Kbe000000C4CtEAK,a3Obe000000Ktq4EAC,,true,2026-06-10T19:37:36.000+0000,2026-06-13T22:14:07.000+0000
a3Mbe000000KHbJEAW,RSC-004654,Qualquer,,,Atendimento,a3Nbe000000Q1A9EAK,a3Kbe000000C4CuEAK,a3Obe000000KtpzEAC,,true,2026-06-10T19:37:36.000+0000,2026-06-13T22:14:07.000+0000
a3Mbe000000KHbKEAW,RSC-004655,Qualquer,,,Atendimento,a3Nbe000000Q1A9EAK,a3Kbe000000C4CuEAK,a3Obe000000Ktq0EAC,,true,2026-06-10T19:37:36.000+0000,2026-06-13T22:14:07.000+0000
a3Mbe000000KHbLEAW,RSC-004656,Qualquer,,,Atendimento,a3Nbe000000Q1A9EAK,a3Kbe000000C4CuEAK,a3Obe000000Ktq1EAC,,true,2026-06-10T19:37:36.000+0000,2026-06-13T22:14:07.000+0000
a3Mbe000000KHbMEAW,RSC-004657,Qualquer,,,Atendimento,a3Nbe000000Q1A9EAK,a3Kbe000000C4CuEAK,a3Obe000000Ktq2EAC,,true,2026-06-10T19:37:36.000+0000,2026-06-13T22:14:07.000+0000
a3Mbe000000KHbNEAW,RSC-004658,Qualquer,,,Atendimento,a3Nbe000000Q1A9EAK,a3Kbe000000C4CuEAK,a3Obe000000Ktq4EAC,,true,2026-06-10T19:37:36.000+0000,2026-06-13T22:14:07.000+0000
a3Mbe000000KHbOEAW,RSC-004659,Qualquer,,,Atendimento,a3Nbe000000Q1A9EAK,a3Kbe000000Byf4EAC,a3Obe000000KtpzEAC,,true,2026-06-10T19:37:36.000+0000,2026-06-13T22:14:07.000+0000
a3Mbe000000KHbPEAW,RSC-004660,Qualquer,,,Atendimento,a3Nbe000000Q1A9EAK,a3Kbe000000Byf4EAC,a3Obe000000Ktq0EAC,,true,2026-06-10T19:37:36.000+0000,2026-06-13T22:14:07.000+0000
a3Mbe000000KHbQEAW,RSC-004661,Qualquer,,,Atendimento,a3Nbe000000Q1A9EAK,a3Kbe000000Byf4EAC,a3Obe000000Ktq1EAC,,true,2026-06-10T19:37:36.000+0000,2026-06-13T22:14:07.000+0000
a3Mbe000000KHbREAW,RSC-004662,Qualquer,,,Atendimento,a3Nbe000000Q1A9EAK,a3Kbe000000Byf4EAC,a3Obe000000Ktq2EAC,,true,2026-06-10T19:37:36.000+0000,2026-06-13T22:14:07.000+0000
a3Mbe000000KHbSEAW,RSC-004663,Qualquer,,,Atendimento,a3Nbe000000Q1A9EAK,a3Kbe000000Byf4EAC,a3Obe000000Ktq4EAC,,true,2026-06-10T19:37:36.000+0000,2026-06-13T22:14:07.000+0000
a3Mbe000000KHbTEAW,RSC-004664,Qualquer,,,Atendimento,a3Nbe000000Q1A9EAK,a3Kbe000000BybuEAC,a3Obe000000KtpzEAC,,true,2026-06-10T19:37:36.000+0000,2026-06-13T22:14:07.000+0000
a3Mbe000000KHbUEAW,RSC-004665,Qualquer,,,Atendimento,a3Nbe000000Q1A9EAK,a3Kbe000000BybuEAC,a3Obe000000Ktq0EAC,,true,2026-06-10T19:37:36.000+0000,2026-06-13T22:14:07.000+0000
a3Mbe000000KHbVEAW,RSC-004666,Qualquer,,,Atendimento,a3Nbe000000Q1A9EAK,a3Kbe000000BybuEAC,a3Obe000000Ktq1EAC,,true,2026-06-10T19:37:36.000+0000,2026-06-13T22:14:07.000+0000
a3Mbe000000KHbWEAW,RSC-004667,Qualquer,,,Atendimento,a3Nbe000000Q1A9EAK,a3Kbe000000BybuEAC,a3Obe000000Ktq2EAC,,true,2026-06-10T19:37:36.000+0000,2026-06-13T22:14:07.000+0000
a3Mbe000000KHbXEAW,RSC-004668,Qualquer,,,Atendimento,a3Nbe000000Q1A9EAK,a3Kbe000000BybuEAC,a3Obe000000Ktq4EAC,,true,2026-06-10T19:37:36.000+0000,2026-06-13T22:14:07.000+0000
a3Mbe000000KHbYEAW,RSC-004669,Qualquer,,,Atendimento,a3Nbe000000Q1A9EAK,a3Kbe000000BybvEAC,a3Obe000000KtpzEAC,,true,2026-06-10T19:37:36.000+0000,2026-06-13T22:14:07.000+0000
a3Mbe000000KHbZEAW,RSC-004670,Qualquer,,,Atendimento,a3Nbe000000Q1A9EAK,a3Kbe000000BybvEAC,a3Obe000000Ktq0EAC,,true,2026-06-10T19:37:36.000+0000,2026-06-13T22:14:07.000+0000
a3Mbe000000KHbaEAG,RSC-004671,Qualquer,,,Atendimento,a3Nbe000000Q1A9EAK,a3Kbe000000BybvEAC,a3Obe000000Ktq1EAC,,true,2026-06-10T19:37:36.000+0000,2026-06-13T22:14:07.000+0000
a3Mbe000000KHbbEAG,RSC-004672,Qualquer,,,Atendimento,a3Nbe000000Q1A9EAK,a3Kbe000000BybvEAC,a3Obe000000Ktq2EAC,,true,2026-06-10T19:37:36.000+0000,2026-06-13T22:14:07.000+0000
a3Mbe000000KHbcEAG,RSC-004673,Qualquer,,,Atendimento,a3Nbe000000Q1A9EAK,a3Kbe000000BybvEAC,a3Obe000000Ktq4EAC,,true,2026-06-10T19:37:36.000+0000,2026-06-13T22:14:07.000+0000
a3Mbe000000KHbdEAG,RSC-004674,Qualquer,,,Atendimento,a3Nbe000000Q1A9EAK,a3Kbe000000C4CvEAK,a3Obe000000KtpzEAC,,true,2026-06-10T19:37:36.000+0000,2026-06-13T22:14:07.000+0000
a3Mbe000000KHbeEAG,RSC-004675,Qualquer,,,Atendimento,a3Nbe000000Q1A9EAK,a3Kbe000000C4CvEAK,a3Obe000000Ktq0EAC,,true,2026-06-10T19:37:36.000+0000,2026-06-13T22:14:07.000+0000
a3Mbe000000KHbfEAG,RSC-004676,Qualquer,,,Atendimento,a3Nbe000000Q1A9EAK,a3Kbe000000C4CvEAK,a3Obe000000Ktq1EAC,,true,2026-06-10T19:37:36.000+0000,2026-06-13T22:14:07.000+0000
a3Mbe000000KHbgEAG,RSC-004677,Qualquer,,,Atendimento,a3Nbe000000Q1A9EAK,a3Kbe000000C4CvEAK,a3Obe000000Ktq2EAC,,true,2026-06-10T19:37:36.000+0000,2026-06-13T22:14:07.000+0000
a3Mbe000000KHbhEAG,RSC-004678,Qualquer,,,Atendimento,a3Nbe000000Q1A9EAK,a3Kbe000000C4CvEAK,a3Obe000000Ktq4EAC,,true,2026-06-10T19:37:36.000+0000,2026-06-13T22:14:07.000+0000
a3Mbe000000KHbiEAG,RSC-004679,Qualquer,,,Atendimento,a3Nbe000000Q1A9EAK,a3Kbe000000C4CwEAK,a3Obe000000KtpzEAC,,true,2026-06-10T19:37:36.000+0000,2026-06-13T22:14:07.000+0000
a3Mbe000000KHbjEAG,RSC-004680,Qualquer,,,Atendimento,a3Nbe000000Q1A9EAK,a3Kbe000000C4CwEAK,a3Obe000000Ktq0EAC,,true,2026-06-10T19:37:36.000+0000,2026-06-13T22:14:07.000+0000
a3Mbe000000KHbkEAG,RSC-004681,Qualquer,,,Atendimento,a3Nbe000000Q1A9EAK,a3Kbe000000C4CwEAK,a3Obe000000Ktq1EAC,,true,2026-06-10T19:37:36.000+0000,2026-06-13T22:14:07.000+0000
a3Mbe000000KHblEAG,RSC-004682,Qualquer,,,Atendimento,a3Nbe000000Q1A9EAK,a3Kbe000000C4CwEAK,a3Obe000000Ktq2EAC,,true,2026-06-10T19:37:36.000+0000,2026-06-13T22:14:07.000+0000
a3Mbe000000KHbmEAG,RSC-004683,Qualquer,,,Atendimento,a3Nbe000000Q1A9EAK,a3Kbe000000C4CwEAK,a3Obe000000Ktq4EAC,,true,2026-06-10T19:37:36.000+0000,2026-06-13T22:14:07.000+0000
a3Mbe000000KHbnEAG,RSC-004684,Qualquer,,,Atendimento,a3Nbe000000Q1A9EAK,a3Kbe000000C4CxEAK,a3Obe000000KtpzEAC,,true,2026-06-10T19:37:36.000+0000,2026-06-13T22:14:07.000+0000
a3Mbe000000KHboEAG,RSC-004685,Qualquer,,,Atendimento,a3Nbe000000Q1A9EAK,a3Kbe000000C4CxEAK,a3Obe000000Ktq0EAC,,true,2026-06-10T19:37:36.000+0000,2026-06-13T22:14:07.000+0000
a3Mbe000000KHbpEAG,RSC-004686,Qualquer,,,Atendimento,a3Nbe000000Q1A9EAK,a3Kbe000000C4CxEAK,a3Obe000000Ktq1EAC,,true,2026-06-10T19:37:36.000+0000,2026-06-13T22:14:07.000+0000
a3Mbe000000KHbqEAG,RSC-004687,Qualquer,,,Atendimento,a3Nbe000000Q1A9EAK,a3Kbe000000C4CxEAK,a3Obe000000Ktq2EAC,,true,2026-06-10T19:37:36.000+0000,2026-06-13T22:14:07.000+0000
a3Mbe000000KHbrEAG,RSC-004688,Qualquer,,,Atendimento,a3Nbe000000Q1A9EAK,a3Kbe000000C4CxEAK,a3Obe000000Ktq4EAC,,true,2026-06-10T19:37:36.000+0000,2026-06-13T22:14:07.000+0000
a3Mbe000000KHbsEAG,RSC-004689,Qualquer,,,Atendimento,a3Nbe000000Q1A9EAK,a3Kbe000000C4CyEAK,a3Obe000000KtpzEAC,,true,2026-06-10T19:37:36.000+0000,2026-06-13T22:14:07.000+0000
a3Mbe000000KHbtEAG,RSC-004690,Qualquer,,,Atendimento,a3Nbe000000Q1A9EAK,a3Kbe000000C4CyEAK,a3Obe000000Ktq0EAC,,true,2026-06-10T19:37:36.000+0000,2026-06-13T22:14:07.000+0000
a3Mbe000000KHbuEAG,RSC-004691,Qualquer,,,Atendimento,a3Nbe000000Q1A9EAK,a3Kbe000000C4CyEAK,a3Obe000000Ktq1EAC,,true,2026-06-10T19:37:36.000+0000,2026-06-13T22:14:07.000+0000
a3Mbe000000KHbvEAG,RSC-004692,Qualquer,,,Atendimento,a3Nbe000000Q1A9EAK,a3Kbe000000C4CyEAK,a3Obe000000Ktq2EAC,,true,2026-06-10T19:37:36.000+0000,2026-06-13T22:14:07.000+0000
a3Mbe000000KHbwEAG,RSC-004693,Qualquer,,,Atendimento,a3Nbe000000Q1A9EAK,a3Kbe000000C4CyEAK,a3Obe000000Ktq4EAC,,true,2026-06-10T19:37:36.000+0000,2026-06-13T22:14:07.000+0000
a3Mbe000000KHbxEAG,RSC-004694,Qualquer,,,Atendimento,a3Nbe000000Q1A9EAK,a3Kbe000000C4CzEAK,a3Obe000000KtpzEAC,,true,2026-06-10T19:37:36.000+0000,2026-06-13T22:14:07.000+0000
a3Mbe000000KHbyEAG,RSC-004695,Qualquer,,,Atendimento,a3Nbe000000Q1A9EAK,a3Kbe000000C4CzEAK,a3Obe000000Ktq0EAC,,true,2026-06-10T19:37:36.000+0000,2026-06-13T22:14:07.000+0000
a3Mbe000000KHbzEAG,RSC-004696,Qualquer,,,Atendimento,a3Nbe000000Q1A9EAK,a3Kbe000000C4CzEAK,a3Obe000000Ktq1EAC,,true,2026-06-10T19:37:36.000+0000,2026-06-13T22:14:07.000+0000
a3Mbe000000KHc0EAG,RSC-004697,Qualquer,,,Atendimento,a3Nbe000000Q1A9EAK,a3Kbe000000C4CzEAK,a3Obe000000Ktq2EAC,,true,2026-06-10T19:37:36.000+0000,2026-06-13T22:14:07.000+0000
a3Mbe000000KHc1EAG,RSC-004698,Qualquer,,,Atendimento,a3Nbe000000Q1A9EAK,a3Kbe000000C4CzEAK,a3Obe000000Ktq4EAC,,true,2026-06-10T19:37:36.000+0000,2026-06-13T22:14:07.000+0000
a3Mbe000000KHc2EAG,RSC-004699,Qualquer,,,Atendimento,a3Nbe000000Q1A9EAK,a3Kbe000000C4D0EAK,a3Obe000000KtpzEAC,,true,2026-06-10T19:37:36.000+0000,2026-06-13T22:14:07.000+0000
a3Mbe000000KHc3EAG,RSC-004700,Qualquer,,,Atendimento,a3Nbe000000Q1A9EAK,a3Kbe000000C4D0EAK,a3Obe000000Ktq0EAC,,true,2026-06-10T19:37:36.000+0000,2026-06-13T22:14:07.000+0000
a3Mbe000000KHc4EAG,RSC-004701,Qualquer,,,Atendimento,a3Nbe000000Q1A9EAK,a3Kbe000000C4D0EAK,a3Obe000000Ktq1EAC,,true,2026-06-10T19:37:36.000+0000,2026-06-13T22:14:07.000+0000
a3Mbe000000KHc5EAG,RSC-004702,Qualquer,,,Atendimento,a3Nbe000000Q1A9EAK,a3Kbe000000C4D0EAK,a3Obe000000Ktq2EAC,,true,2026-06-10T19:37:36.000+0000,2026-06-13T22:14:07.000+0000
a3Mbe000000KHc6EAG,RSC-004703,Qualquer,,,Atendimento,a3Nbe000000Q1A9EAK,a3Kbe000000C4D0EAK,a3Obe000000Ktq4EAC,,true,2026-06-10T19:37:36.000+0000,2026-06-13T22:14:07.000+0000
a3Mbe000000KHc7EAG,RSC-004704,Qualquer,,,Atendimento,a3Nbe000000Q1A9EAK,a3Kbe000000C4D1EAK,a3Obe000000KtpzEAC,,true,2026-06-10T19:37:36.000+0000,2026-06-13T22:14:07.000+0000
a3Mbe000000KHc8EAG,RSC-004705,Qualquer,,,Atendimento,a3Nbe000000Q1A9EAK,a3Kbe000000C4D1EAK,a3Obe000000Ktq0EAC,,true,2026-06-10T19:37:36.000+0000,2026-06-13T22:14:07.000+0000
a3Mbe000000KHc9EAG,RSC-004706,Qualquer,,,Atendimento,a3Nbe000000Q1A9EAK,a3Kbe000000C4D1EAK,a3Obe000000Ktq1EAC,,true,2026-06-10T19:37:36.000+0000,2026-06-13T22:14:07.000+0000
a3Mbe000000KHcAEAW,RSC-004707,Qualquer,,,Atendimento,a3Nbe000000Q1A9EAK,a3Kbe000000C4D1EAK,a3Obe000000Ktq2EAC,,true,2026-06-10T19:37:36.000+0000,2026-06-13T22:14:07.000+0000
a3Mbe000000KHcBEAW,RSC-004708,Qualquer,,,Atendimento,a3Nbe000000Q1A9EAK,a3Kbe000000C4D1EAK,a3Obe000000Ktq4EAC,,true,2026-06-10T19:37:36.000+0000,2026-06-13T22:14:07.000+0000
a3Mbe000000KHcCEAW,RSC-004709,Qualquer,,,Atendimento,a3Nbe000000Q1A9EAK,a3Kbe000000C4D2EAK,a3Obe000000KtpzEAC,,true,2026-06-10T19:37:36.000+0000,2026-06-13T22:14:07.000+0000
a3Mbe000000KHcDEAW,RSC-004710,Qualquer,,,Atendimento,a3Nbe000000Q1A9EAK,a3Kbe000000C4D2EAK,a3Obe000000Ktq0EAC,,true,2026-06-10T19:37:36.000+0000,2026-06-13T22:14:07.000+0000
a3Mbe000000KHcEEAW,RSC-004711,Qualquer,,,Atendimento,a3Nbe000000Q1A9EAK,a3Kbe000000C4D2EAK,a3Obe000000Ktq1EAC,,true,2026-06-10T19:37:36.000+0000,2026-06-13T22:14:07.000+0000
a3Mbe000000KHcFEAW,RSC-004712,Qualquer,,,Atendimento,a3Nbe000000Q1A9EAK,a3Kbe000000C4D2EAK,a3Obe000000Ktq2EAC,,true,2026-06-10T19:37:36.000+0000,2026-06-13T22:14:07.000+0000
a3Mbe000000KHcGEAW,RSC-004713,Qualquer,,,Atendimento,a3Nbe000000Q1A9EAK,a3Kbe000000C4D2EAK,a3Obe000000Ktq4EAC,,true,2026-06-10T19:37:36.000+0000,2026-06-13T22:14:07.000+0000
a3Mbe000000KHcHEAW,RSC-004714,Qualquer,,,Atendimento,a3Nbe000000Q1A9EAK,a3Kbe000000C4D3EAK,a3Obe000000KtpzEAC,,true,2026-06-10T19:37:36.000+0000,2026-06-13T22:14:07.000+0000
a3Mbe000000KHcIEAW,RSC-004715,Qualquer,,,Atendimento,a3Nbe000000Q1A9EAK,a3Kbe000000C4D3EAK,a3Obe000000Ktq0EAC,,true,2026-06-10T19:37:36.000+0000,2026-06-13T22:14:07.000+0000
a3Mbe000000KHcJEAW,RSC-004716,Qualquer,,,Atendimento,a3Nbe000000Q1A9EAK,a3Kbe000000C4D3EAK,a3Obe000000Ktq1EAC,,true,2026-06-10T19:37:36.000+0000,2026-06-13T22:14:07.000+0000
a3Mbe000000KHcKEAW,RSC-004717,Qualquer,,,Atendimento,a3Nbe000000Q1A9EAK,a3Kbe000000C4D3EAK,a3Obe000000Ktq2EAC,,true,2026-06-10T19:37:36.000+0000,2026-06-13T22:14:07.000+0000
a3Mbe000000KHcLEAW,RSC-004718,Qualquer,,,Atendimento,a3Nbe000000Q1A9EAK,a3Kbe000000C4D3EAK,a3Obe000000Ktq4EAC,,true,2026-06-10T19:37:36.000+0000,2026-06-13T22:14:07.000+0000
a3Mbe000000KHcMEAW,RSC-004719,Qualquer,,,Atendimento,a3Nbe000000Q1A9EAK,a3Kbe000000C4D4EAK,a3Obe000000KtpzEAC,,true,2026-06-10T19:37:36.000+0000,2026-06-13T22:14:07.000+0000
a3Mbe000000KHcNEAW,RSC-004720,Qualquer,,,Atendimento,a3Nbe000000Q1A9EAK,a3Kbe000000C4D4EAK,a3Obe000000Ktq0EAC,,true,2026-06-10T19:37:36.000+0000,2026-06-13T22:14:07.000+0000
a3Mbe000000KHcOEAW,RSC-004721,Qualquer,,,Atendimento,a3Nbe000000Q1A9EAK,a3Kbe000000C4D4EAK,a3Obe000000Ktq1EAC,,true,2026-06-10T19:37:36.000+0000,2026-06-13T22:14:07.000+0000
a3Mbe000000KHcPEAW,RSC-004722,Qualquer,,,Atendimento,a3Nbe000000Q1A9EAK,a3Kbe000000C4D4EAK,a3Obe000000Ktq2EAC,,true,2026-06-10T19:37:36.000+0000,2026-06-13T22:14:07.000+0000
a3Mbe000000KHcQEAW,RSC-004723,Qualquer,,,Atendimento,a3Nbe000000Q1A9EAK,a3Kbe000000C4D4EAK,a3Obe000000Ktq4EAC,,true,2026-06-10T19:37:36.000+0000,2026-06-13T22:14:07.000+0000
a3Mbe000000KHcREAW,RSC-004724,Qualquer,,,Atendimento,a3Nbe000000Q1A9EAK,a3Kbe000000C4D5EAK,a3Obe000000KtpzEAC,,true,2026-06-10T19:37:36.000+0000,2026-06-13T22:14:07.000+0000
a3Mbe000000KHcSEAW,RSC-004725,Qualquer,,,Atendimento,a3Nbe000000Q1A9EAK,a3Kbe000000C4D5EAK,a3Obe000000Ktq0EAC,,true,2026-06-10T19:37:36.000+0000,2026-06-13T22:14:07.000+0000
a3Mbe000000KHcTEAW,RSC-004726,Qualquer,,,Atendimento,a3Nbe000000Q1A9EAK,a3Kbe000000C4D5EAK,a3Obe000000Ktq1EAC,,true,2026-06-10T19:37:36.000+0000,2026-06-13T22:14:07.000+0000
a3Mbe000000KHcUEAW,RSC-004727,Qualquer,,,Atendimento,a3Nbe000000Q1A9EAK,a3Kbe000000C4D5EAK,a3Obe000000Ktq2EAC,,true,2026-06-10T19:37:36.000+0000,2026-06-13T22:14:07.000+0000
a3Mbe000000KHcVEAW,RSC-004728,Qualquer,,,Atendimento,a3Nbe000000Q1A9EAK,a3Kbe000000C4D5EAK,a3Obe000000Ktq4EAC,,true,2026-06-10T19:37:36.000+0000,2026-06-13T22:14:07.000+0000
a3Mbe000000KHcWEAW,RSC-004729,Qualquer,,,Atendimento,a3Nbe000000Q1A9EAK,a3Kbe000000C4D6EAK,a3Obe000000KtpzEAC,,true,2026-06-10T19:37:36.000+0000,2026-06-13T22:14:07.000+0000
a3Mbe000000KHcXEAW,RSC-004730,Qualquer,,,Atendimento,a3Nbe000000Q1A9EAK,a3Kbe000000C4D6EAK,a3Obe000000Ktq0EAC,,true,2026-06-10T19:37:36.000+0000,2026-06-13T22:14:07.000+0000
a3Mbe000000KHcYEAW,RSC-004731,Qualquer,,,Atendimento,a3Nbe000000Q1A9EAK,a3Kbe000000C4D6EAK,a3Obe000000Ktq1EAC,,true,2026-06-10T19:37:36.000+0000,2026-06-13T22:14:07.000+0000
a3Mbe000000KHcZEAW,RSC-004732,Qualquer,,,Atendimento,a3Nbe000000Q1A9EAK,a3Kbe000000C4D6EAK,a3Obe000000Ktq2EAC,,true,2026-06-10T19:37:36.000+0000,2026-06-13T22:14:07.000+0000
a3Mbe000000KHcaEAG,RSC-004733,Qualquer,,,Atendimento,a3Nbe000000Q1A9EAK,a3Kbe000000C4D6EAK,a3Obe000000Ktq4EAC,,true,2026-06-10T19:37:36.000+0000,2026-06-13T22:14:07.000+0000
a3Mbe000000KHcbEAG,RSC-004734,Qualquer,,,Atendimento,a3Nbe000000Q1A9EAK,a3Kbe000000C4D7EAK,a3Obe000000KtpzEAC,,true,2026-06-10T19:37:36.000+0000,2026-06-13T22:14:07.000+0000
a3Mbe000000KHccEAG,RSC-004735,Qualquer,,,Atendimento,a3Nbe000000Q1A9EAK,a3Kbe000000C4D7EAK,a3Obe000000Ktq0EAC,,true,2026-06-10T19:37:36.000+0000,2026-06-13T22:14:07.000+0000
a3Mbe000000KHcdEAG,RSC-004736,Qualquer,,,Atendimento,a3Nbe000000Q1A9EAK,a3Kbe000000C4D7EAK,a3Obe000000Ktq1EAC,,true,2026-06-10T19:37:36.000+0000,2026-06-13T22:14:07.000+0000
a3Mbe000000KHceEAG,RSC-004737,Qualquer,,,Atendimento,a3Nbe000000Q1A9EAK,a3Kbe000000C4D7EAK,a3Obe000000Ktq2EAC,,true,2026-06-10T19:37:36.000+0000,2026-06-13T22:14:07.000+0000
a3Mbe000000KHcfEAG,RSC-004738,Qualquer,,,Atendimento,a3Nbe000000Q1A9EAK,a3Kbe000000C4D7EAK,a3Obe000000Ktq4EAC,,true,2026-06-10T19:37:36.000+0000,2026-06-13T22:14:07.000+0000
a3Mbe000000KHcgEAG,RSC-004739,Qualquer,,,Atendimento,a3Nbe000000Q1A9EAK,a3Kbe000000C4D8EAK,a3Obe000000KtpzEAC,,true,2026-06-10T19:37:36.000+0000,2026-06-13T22:14:07.000+0000
a3Mbe000000KHchEAG,RSC-004740,Qualquer,,,Atendimento,a3Nbe000000Q1A9EAK,a3Kbe000000C4D8EAK,a3Obe000000Ktq0EAC,,true,2026-06-10T19:37:36.000+0000,2026-06-13T22:14:07.000+0000
a3Mbe000000KHciEAG,RSC-004741,Qualquer,,,Atendimento,a3Nbe000000Q1A9EAK,a3Kbe000000C4D8EAK,a3Obe000000Ktq1EAC,,true,2026-06-10T19:37:36.000+0000,2026-06-13T22:14:07.000+0000
a3Mbe000000KHcjEAG,RSC-004742,Qualquer,,,Atendimento,a3Nbe000000Q1A9EAK,a3Kbe000000C4D8EAK,a3Obe000000Ktq2EAC,,true,2026-06-10T19:37:36.000+0000,2026-06-13T22:14:07.000+0000
a3Mbe000000KHckEAG,RSC-004743,Qualquer,,,Atendimento,a3Nbe000000Q1A9EAK,a3Kbe000000C4D8EAK,a3Obe000000Ktq4EAC,,true,2026-06-10T19:37:36.000+0000,2026-06-13T22:14:07.000+0000
a3Mbe000000KHclEAG,RSC-004744,Qualquer,,,Atendimento,a3Nbe000000Q1A9EAK,a3Kbe000000C4D9EAK,a3Obe000000KtpzEAC,,true,2026-06-10T19:37:36.000+0000,2026-06-13T22:14:07.000+0000
a3Mbe000000KHcmEAG,RSC-004745,Qualquer,,,Atendimento,a3Nbe000000Q1A9EAK,a3Kbe000000C4D9EAK,a3Obe000000Ktq0EAC,,true,2026-06-10T19:37:36.000+0000,2026-06-13T22:14:07.000+0000
a3Mbe000000KHcnEAG,RSC-004746,Qualquer,,,Atendimento,a3Nbe000000Q1A9EAK,a3Kbe000000C4D9EAK,a3Obe000000Ktq1EAC,,true,2026-06-10T19:37:36.000+0000,2026-06-13T22:14:07.000+0000
a3Mbe000000KHcoEAG,RSC-004747,Qualquer,,,Atendimento,a3Nbe000000Q1A9EAK,a3Kbe000000C4D9EAK,a3Obe000000Ktq2EAC,,true,2026-06-10T19:37:36.000+0000,2026-06-13T22:14:07.000+0000
a3Mbe000000KHcpEAG,RSC-004748,Qualquer,,,Atendimento,a3Nbe000000Q1A9EAK,a3Kbe000000C4D9EAK,a3Obe000000Ktq4EAC,,true,2026-06-10T19:37:36.000+0000,2026-06-13T22:14:07.000+0000
a3Mbe000000KHcqEAG,RSC-004749,Qualquer,,,Atendimento,a3Nbe000000Q1A9EAK,a3Kbe000000C4DAEA0,a3Obe000000KtpzEAC,,true,2026-06-10T19:37:36.000+0000,2026-06-13T22:14:07.000+0000
a3Mbe000000KHcrEAG,RSC-004750,Qualquer,,,Atendimento,a3Nbe000000Q1A9EAK,a3Kbe000000C4DAEA0,a3Obe000000Ktq0EAC,,true,2026-06-10T19:37:36.000+0000,2026-06-13T22:14:07.000+0000
a3Mbe000000KHcsEAG,RSC-004751,Qualquer,,,Atendimento,a3Nbe000000Q1A9EAK,a3Kbe000000C4DAEA0,a3Obe000000Ktq1EAC,,true,2026-06-10T19:37:36.000+0000,2026-06-13T22:14:07.000+0000
a3Mbe000000KHctEAG,RSC-004752,Qualquer,,,Atendimento,a3Nbe000000Q1A9EAK,a3Kbe000000C4DAEA0,a3Obe000000Ktq2EAC,,true,2026-06-10T19:37:36.000+0000,2026-06-13T22:14:07.000+0000
a3Mbe000000KHcuEAG,RSC-004753,Qualquer,,,Atendimento,a3Nbe000000Q1A9EAK,a3Kbe000000C4DAEA0,a3Obe000000Ktq4EAC,,true,2026-06-10T19:37:36.000+0000,2026-06-13T22:14:07.000+0000
a3Mbe000000KHcvEAG,RSC-004754,Qualquer,,,Atendimento,a3Nbe000000Q1A9EAK,a3Kbe000000C4DBEA0,a3Obe000000KtpzEAC,,true,2026-06-10T19:37:36.000+0000,2026-06-13T22:14:07.000+0000
a3Mbe000000KHcwEAG,RSC-004755,Qualquer,,,Atendimento,a3Nbe000000Q1A9EAK,a3Kbe000000C4DBEA0,a3Obe000000Ktq0EAC,,true,2026-06-10T19:37:36.000+0000,2026-06-13T22:14:07.000+0000
a3Mbe000000KHcxEAG,RSC-004756,Qualquer,,,Atendimento,a3Nbe000000Q1A9EAK,a3Kbe000000C4DBEA0,a3Obe000000Ktq1EAC,,true,2026-06-10T19:37:36.000+0000,2026-06-13T22:14:07.000+0000
a3Mbe000000KHcyEAG,RSC-004757,Qualquer,,,Atendimento,a3Nbe000000Q1A9EAK,a3Kbe000000C4DBEA0,a3Obe000000Ktq2EAC,,true,2026-06-10T19:37:36.000+0000,2026-06-13T22:14:07.000+0000
a3Mbe000000KHczEAG,RSC-004758,Qualquer,,,Atendimento,a3Nbe000000Q1A9EAK,a3Kbe000000C4DBEA0,a3Obe000000Ktq4EAC,,true,2026-06-10T19:37:36.000+0000,2026-06-13T22:14:07.000+0000
a3Mbe000000KHd0EAG,RSC-004759,Qualquer,,,Atendimento,a3Nbe000000Q1A9EAK,a3Kbe000000C4DCEA0,a3Obe000000KtpzEAC,,true,2026-06-10T19:37:36.000+0000,2026-06-13T22:14:07.000+0000
a3Mbe000000KHd1EAG,RSC-004760,Qualquer,,,Atendimento,a3Nbe000000Q1A9EAK,a3Kbe000000C4DCEA0,a3Obe000000Ktq0EAC,,true,2026-06-10T19:37:36.000+0000,2026-06-13T22:14:07.000+0000
a3Mbe000000KHd2EAG,RSC-004761,Qualquer,,,Atendimento,a3Nbe000000Q1A9EAK,a3Kbe000000C4DCEA0,a3Obe000000Ktq1EAC,,true,2026-06-10T19:37:36.000+0000,2026-06-13T22:14:07.000+0000
a3Mbe000000KHd3EAG,RSC-004762,Qualquer,,,Atendimento,a3Nbe000000Q1A9EAK,a3Kbe000000C4DCEA0,a3Obe000000Ktq2EAC,,true,2026-06-10T19:37:36.000+0000,2026-06-13T22:14:07.000+0000
a3Mbe000000KHd4EAG,RSC-004763,Qualquer,,,Atendimento,a3Nbe000000Q1A9EAK,a3Kbe000000C4DCEA0,a3Obe000000Ktq4EAC,,true,2026-06-10T19:37:36.000+0000,2026-06-13T22:14:07.000+0000
a3Mbe000000KHd5EAG,RSC-004764,Qualquer,,,Atendimento,a3Nbe000000Q1A9EAK,a3Kbe000000C4DDEA0,a3Obe000000KtpzEAC,,true,2026-06-10T19:37:36.000+0000,2026-06-13T22:14:07.000+0000
a3Mbe000000KHd6EAG,RSC-004765,Qualquer,,,Atendimento,a3Nbe000000Q1A9EAK,a3Kbe000000C4DDEA0,a3Obe000000Ktq0EAC,,true,2026-06-10T19:37:36.000+0000,2026-06-13T22:14:07.000+0000
a3Mbe000000KHd7EAG,RSC-004766,Qualquer,,,Atendimento,a3Nbe000000Q1A9EAK,a3Kbe000000C4DDEA0,a3Obe000000Ktq1EAC,,true,2026-06-10T19:37:36.000+0000,2026-06-13T22:14:07.000+0000
a3Mbe000000KHd8EAG,RSC-004767,Qualquer,,,Atendimento,a3Nbe000000Q1A9EAK,a3Kbe000000C4DDEA0,a3Obe000000Ktq2EAC,,true,2026-06-10T19:37:36.000+0000,2026-06-13T22:14:07.000+0000
a3Mbe000000KHd9EAG,RSC-004768,Qualquer,,,Atendimento,a3Nbe000000Q1A9EAK,a3Kbe000000C4DDEA0,a3Obe000000Ktq4EAC,,true,2026-06-10T19:37:36.000+0000,2026-06-13T22:14:07.000+0000
a3Mbe000000KHdAEAW,RSC-004769,Qualquer,,,Atendimento,a3Nbe000000Q1A9EAK,a3Kbe000000C4DEEA0,a3Obe000000KtpzEAC,,true,2026-06-10T19:37:36.000+0000,2026-06-13T22:14:07.000+0000
a3Mbe000000KHdBEAW,RSC-004770,Qualquer,,,Atendimento,a3Nbe000000Q1A9EAK,a3Kbe000000C4DEEA0,a3Obe000000Ktq0EAC,,true,2026-06-10T19:37:36.000+0000,2026-06-13T22:14:07.000+0000
a3Mbe000000KHdCEAW,RSC-004771,Qualquer,,,Atendimento,a3Nbe000000Q1A9EAK,a3Kbe000000C4DEEA0,a3Obe000000Ktq1EAC,,true,2026-06-10T19:37:36.000+0000,2026-06-13T22:14:07.000+0000
a3Mbe000000KHdDEAW,RSC-004772,Qualquer,,,Atendimento,a3Nbe000000Q1A9EAK,a3Kbe000000C4DEEA0,a3Obe000000Ktq2EAC,,true,2026-06-10T19:37:36.000+0000,2026-06-13T22:14:07.000+0000
a3Mbe000000KHdEEAW,RSC-004773,Qualquer,,,Atendimento,a3Nbe000000Q1A9EAK,a3Kbe000000C4DEEA0,a3Obe000000Ktq4EAC,,true,2026-06-10T19:37:36.000+0000,2026-06-13T22:14:07.000+0000
a3Mbe000000KHdFEAW,RSC-004774,Qualquer,,,Atendimento,a3Nbe000000Q1A9EAK,a3Kbe000000C4DFEA0,a3Obe000000KtpzEAC,,true,2026-06-10T19:37:36.000+0000,2026-06-13T22:14:07.000+0000
a3Mbe000000KHdGEAW,RSC-004775,Qualquer,,,Atendimento,a3Nbe000000Q1A9EAK,a3Kbe000000C4DFEA0,a3Obe000000Ktq0EAC,,true,2026-06-10T19:37:36.000+0000,2026-06-13T22:14:07.000+0000
a3Mbe000000KHdHEAW,RSC-004776,Qualquer,,,Atendimento,a3Nbe000000Q1A9EAK,a3Kbe000000C4DFEA0,a3Obe000000Ktq1EAC,,true,2026-06-10T19:37:36.000+0000,2026-06-13T22:14:07.000+0000
a3Mbe000000KHdIEAW,RSC-004777,Qualquer,,,Atendimento,a3Nbe000000Q1A9EAK,a3Kbe000000C4DFEA0,a3Obe000000Ktq2EAC,,true,2026-06-10T19:37:36.000+0000,2026-06-13T22:14:07.000+0000
a3Mbe000000KHdJEAW,RSC-004778,Qualquer,,,Atendimento,a3Nbe000000Q1A9EAK,a3Kbe000000C4DFEA0,a3Obe000000Ktq4EAC,,true,2026-06-10T19:37:36.000+0000,2026-06-13T22:14:07.000+0000
a3Mbe000000KHdKEAW,RSC-004779,Qualquer,,,Atendimento,a3Nbe000000Q1A9EAK,a3Kbe000000C4DGEA0,a3Obe000000KtpzEAC,,true,2026-06-10T19:37:36.000+0000,2026-06-13T22:14:07.000+0000
a3Mbe000000KHdLEAW,RSC-004780,Qualquer,,,Atendimento,a3Nbe000000Q1A9EAK,a3Kbe000000C4DGEA0,a3Obe000000Ktq0EAC,,true,2026-06-10T19:37:36.000+0000,2026-06-13T22:14:07.000+0000
a3Mbe000000KHdMEAW,RSC-004781,Qualquer,,,Atendimento,a3Nbe000000Q1A9EAK,a3Kbe000000C4DGEA0,a3Obe000000Ktq1EAC,,true,2026-06-10T19:37:36.000+0000,2026-06-13T22:14:07.000+0000
a3Mbe000000KHdNEAW,RSC-004782,Qualquer,,,Atendimento,a3Nbe000000Q1A9EAK,a3Kbe000000C4DGEA0,a3Obe000000Ktq2EAC,,true,2026-06-10T19:37:36.000+0000,2026-06-13T22:14:07.000+0000
a3Mbe000000KHdOEAW,RSC-004783,Qualquer,,,Atendimento,a3Nbe000000Q1A9EAK,a3Kbe000000C4DGEA0,a3Obe000000Ktq4EAC,,true,2026-06-10T19:37:36.000+0000,2026-06-13T22:14:07.000+0000
a3Mbe000000KHdPEAW,RSC-004784,Qualquer,,,Atendimento,a3Nbe000000Q1A9EAK,a3Kbe000000C4DHEA0,a3Obe000000KtpzEAC,,true,2026-06-10T19:37:36.000+0000,2026-06-13T22:14:07.000+0000
a3Mbe000000KHdQEAW,RSC-004785,Qualquer,,,Atendimento,a3Nbe000000Q1A9EAK,a3Kbe000000C4DHEA0,a3Obe000000Ktq0EAC,,true,2026-06-10T19:37:36.000+0000,2026-06-13T22:14:07.000+0000
a3Mbe000000KHdREAW,RSC-004786,Qualquer,,,Atendimento,a3Nbe000000Q1A9EAK,a3Kbe000000C4DHEA0,a3Obe000000Ktq1EAC,,true,2026-06-10T19:37:36.000+0000,2026-06-13T22:14:07.000+0000
a3Mbe000000KHdSEAW,RSC-004787,Qualquer,,,Atendimento,a3Nbe000000Q1A9EAK,a3Kbe000000C4DHEA0,a3Obe000000Ktq2EAC,,true,2026-06-10T19:37:36.000+0000,2026-06-13T22:14:07.000+0000
a3Mbe000000KHdTEAW,RSC-004788,Qualquer,,,Atendimento,a3Nbe000000Q1A9EAK,a3Kbe000000C4DHEA0,a3Obe000000Ktq4EAC,,true,2026-06-10T19:37:36.000+0000,2026-06-13T22:14:07.000+0000
a3Mbe000000KHdUEAW,RSC-004789,Qualquer,,,Atendimento,a3Nbe000000Q1A9EAK,a3Kbe000000Byf5EAC,a3Obe000000KtpzEAC,,true,2026-06-10T19:37:36.000+0000,2026-06-13T22:14:07.000+0000
a3Mbe000000KHdVEAW,RSC-004790,Qualquer,,,Atendimento,a3Nbe000000Q1A9EAK,a3Kbe000000Byf5EAC,a3Obe000000Ktq0EAC,,true,2026-06-10T19:37:36.000+0000,2026-06-13T22:14:07.000+0000
a3Mbe000000KHdWEAW,RSC-004791,Qualquer,,,Atendimento,a3Nbe000000Q1A9EAK,a3Kbe000000Byf5EAC,a3Obe000000Ktq1EAC,,true,2026-06-10T19:37:36.000+0000,2026-06-13T22:14:07.000+0000
a3Mbe000000KHdXEAW,RSC-004792,Qualquer,,,Atendimento,a3Nbe000000Q1A9EAK,a3Kbe000000Byf5EAC,a3Obe000000Ktq2EAC,,true,2026-06-10T19:37:36.000+0000,2026-06-13T22:14:07.000+0000
a3Mbe000000KHdYEAW,RSC-004793,Qualquer,,,Atendimento,a3Nbe000000Q1A9EAK,a3Kbe000000Byf5EAC,a3Obe000000Ktq4EAC,,true,2026-06-10T19:37:36.000+0000,2026-06-13T22:14:07.000+0000
a3Mbe000000KHdZEAW,RSC-004794,Qualquer,,,Atendimento,a3Nbe000000Q1A9EAK,a3Kbe000000C4DIEA0,a3Obe000000KtpzEAC,,true,2026-06-10T19:37:36.000+0000,2026-06-13T22:14:07.000+0000
a3Mbe000000KHdaEAG,RSC-004795,Qualquer,,,Atendimento,a3Nbe000000Q1A9EAK,a3Kbe000000C4DIEA0,a3Obe000000Ktq0EAC,,true,2026-06-10T19:37:36.000+0000,2026-06-13T22:14:07.000+0000
a3Mbe000000KHdbEAG,RSC-004796,Qualquer,,,Atendimento,a3Nbe000000Q1A9EAK,a3Kbe000000C4DIEA0,a3Obe000000Ktq1EAC,,true,2026-06-10T19:37:36.000+0000,2026-06-13T22:14:07.000+0000
a3Mbe000000KHdcEAG,RSC-004797,Qualquer,,,Atendimento,a3Nbe000000Q1A9EAK,a3Kbe000000C4DIEA0,a3Obe000000Ktq2EAC,,true,2026-06-10T19:37:36.000+0000,2026-06-13T22:14:07.000+0000
a3Mbe000000KHddEAG,RSC-004798,Qualquer,,,Atendimento,a3Nbe000000Q1A9EAK,a3Kbe000000C4DIEA0,a3Obe000000Ktq4EAC,,true,2026-06-10T19:37:36.000+0000,2026-06-13T22:14:07.000+0000
a3Mbe000000KHdeEAG,RSC-004799,Qualquer,,,Atendimento,a3Nbe000000Q1A9EAK,a3Kbe000000BybyEAC,a3Obe000000KtpzEAC,,true,2026-06-10T19:37:36.000+0000,2026-06-13T22:14:07.000+0000
a3Mbe000000KHdfEAG,RSC-004800,Qualquer,,,Atendimento,a3Nbe000000Q1A9EAK,a3Kbe000000BybyEAC,a3Obe000000Ktq0EAC,,true,2026-06-10T19:37:36.000+0000,2026-06-13T22:14:07.000+0000
a3Mbe000000KHdgEAG,RSC-004801,Qualquer,,,Atendimento,a3Nbe000000Q1A9EAK,a3Kbe000000BybyEAC,a3Obe000000Ktq1EAC,,true,2026-06-10T19:37:36.000+0000,2026-06-13T22:14:07.000+0000
a3Mbe000000KHdhEAG,RSC-004802,Qualquer,,,Atendimento,a3Nbe000000Q1A9EAK,a3Kbe000000BybyEAC,a3Obe000000Ktq2EAC,,true,2026-06-10T19:37:36.000+0000,2026-06-13T22:14:07.000+0000
a3Mbe000000KHdiEAG,RSC-004803,Qualquer,,,Atendimento,a3Nbe000000Q1A9EAK,a3Kbe000000BybyEAC,a3Obe000000Ktq4EAC,,true,2026-06-10T19:37:36.000+0000,2026-06-13T22:14:07.000+0000
a3Mbe000000KHdjEAG,RSC-004804,Qualquer,,,Atendimento,a3Nbe000000Q1A9EAK,a3Kbe000000BybwEAC,a3Obe000000KtpzEAC,,true,2026-06-10T19:37:36.000+0000,2026-06-13T22:14:07.000+0000
a3Mbe000000KHdkEAG,RSC-004805,Qualquer,,,Atendimento,a3Nbe000000Q1A9EAK,a3Kbe000000BybwEAC,a3Obe000000Ktq0EAC,,true,2026-06-10T19:37:36.000+0000,2026-06-13T22:14:07.000+0000
a3Mbe000000KHdlEAG,RSC-004806,Qualquer,,,Atendimento,a3Nbe000000Q1A9EAK,a3Kbe000000BybwEAC,a3Obe000000Ktq1EAC,,true,2026-06-10T19:37:36.000+0000,2026-06-13T22:14:07.000+0000
a3Mbe000000KHdmEAG,RSC-004807,Qualquer,,,Atendimento,a3Nbe000000Q1A9EAK,a3Kbe000000BybwEAC,a3Obe000000Ktq2EAC,,true,2026-06-10T19:37:36.000+0000,2026-06-13T22:14:07.000+0000
a3Mbe000000KHdnEAG,RSC-004808,Qualquer,,,Atendimento,a3Nbe000000Q1A9EAK,a3Kbe000000BybwEAC,a3Obe000000Ktq4EAC,,true,2026-06-10T19:37:36.000+0000,2026-06-13T22:14:07.000+0000
a3Mbe000000KHdoEAG,RSC-004809,Qualquer,,,Atendimento,a3Nbe000000Q1A9EAK,a3Kbe000000BybxEAC,a3Obe000000KtpzEAC,,true,2026-06-10T19:37:36.000+0000,2026-06-13T22:14:07.000+0000
a3Mbe000000KHdpEAG,RSC-004810,Qualquer,,,Atendimento,a3Nbe000000Q1A9EAK,a3Kbe000000BybxEAC,a3Obe000000Ktq0EAC,,true,2026-06-10T19:37:36.000+0000,2026-06-13T22:14:07.000+0000
a3Mbe000000KHdqEAG,RSC-004811,Qualquer,,,Atendimento,a3Nbe000000Q1A9EAK,a3Kbe000000BybxEAC,a3Obe000000Ktq1EAC,,true,2026-06-10T19:37:36.000+0000,2026-06-13T22:14:07.000+0000
a3Mbe000000KHdrEAG,RSC-004812,Qualquer,,,Atendimento,a3Nbe000000Q1A9EAK,a3Kbe000000BybxEAC,a3Obe000000Ktq2EAC,,true,2026-06-10T19:37:36.000+0000,2026-06-13T22:14:07.000+0000
a3Mbe000000KHdsEAG,RSC-004813,Qualquer,,,Atendimento,a3Nbe000000Q1A9EAK,a3Kbe000000BybxEAC,a3Obe000000Ktq4EAC,,true,2026-06-10T19:37:36.000+0000,2026-06-13T22:14:07.000+0000
a3Mbe000000KHdtEAG,RSC-004814,Qualquer,,,Atendimento,a3Nbe000000Q1A9EAK,a3Kbe000000D0LZEA0,a3Obe000000KtpzEAC,,true,2026-06-10T19:37:36.000+0000,2026-06-13T22:14:07.000+0000
a3Mbe000000KHduEAG,RSC-004815,Qualquer,,,Atendimento,a3Nbe000000Q1A9EAK,a3Kbe000000D0LZEA0,a3Obe000000Ktq0EAC,,true,2026-06-10T19:37:36.000+0000,2026-06-13T22:14:07.000+0000
a3Mbe000000KHdvEAG,RSC-004816,Qualquer,,,Atendimento,a3Nbe000000Q1A9EAK,a3Kbe000000D0LZEA0,a3Obe000000Ktq1EAC,,true,2026-06-10T19:37:36.000+0000,2026-06-13T22:14:07.000+0000
a3Mbe000000KHdwEAG,RSC-004817,Qualquer,,,Atendimento,a3Nbe000000Q1A9EAK,a3Kbe000000D0LZEA0,a3Obe000000Ktq2EAC,,true,2026-06-10T19:37:36.000+0000,2026-06-13T22:14:07.000+0000
a3Mbe000000KHdxEAG,RSC-004818,Qualquer,,,Atendimento,a3Nbe000000Q1A9EAK,a3Kbe000000D0LZEA0,a3Obe000000Ktq4EAC,,true,2026-06-10T19:37:36.000+0000,2026-06-13T22:14:07.000+0000
a3Mbe000000KHdyEAG,RSC-004819,Qualquer,,,Atendimento,a3Nbe000000Q1A9EAK,a3Kbe000000BybZEAS,a3Obe000000KtpzEAC,,true,2026-06-10T19:37:36.000+0000,2026-06-13T22:14:07.000+0000
a3Mbe000000KHdzEAG,RSC-004820,Qualquer,,,Atendimento,a3Nbe000000Q1A9EAK,a3Kbe000000BybZEAS,a3Obe000000Ktq0EAC,,true,2026-06-10T19:37:36.000+0000,2026-06-13T22:14:07.000+0000
a3Mbe000000KHe0EAG,RSC-004821,Qualquer,,,Atendimento,a3Nbe000000Q1A9EAK,a3Kbe000000BybZEAS,a3Obe000000Ktq1EAC,,true,2026-06-10T19:37:36.000+0000,2026-06-13T22:14:07.000+0000
a3Mbe000000KHe1EAG,RSC-004822,Qualquer,,,Atendimento,a3Nbe000000Q1A9EAK,a3Kbe000000BybZEAS,a3Obe000000Ktq2EAC,,true,2026-06-10T19:37:36.000+0000,2026-06-13T22:14:07.000+0000
a3Mbe000000KHe2EAG,RSC-004823,Qualquer,,,Atendimento,a3Nbe000000Q1A9EAK,a3Kbe000000BybZEAS,a3Obe000000Ktq4EAC,,true,2026-06-10T19:37:36.000+0000,2026-06-13T22:14:07.000+0000
a3Mbe000000KHe3EAG,RSC-004824,Qualquer,,,Atendimento,a3Nbe000000Q1A9EAK,a3Kbe000000BybXEAS,a3Obe000000KtpzEAC,,true,2026-06-10T19:37:36.000+0000,2026-06-13T22:14:07.000+0000
a3Mbe000000KHe4EAG,RSC-004825,Qualquer,,,Atendimento,a3Nbe000000Q1A9EAK,a3Kbe000000BybXEAS,a3Obe000000Ktq0EAC,,true,2026-06-10T19:37:36.000+0000,2026-06-13T22:14:07.000+0000
a3Mbe000000KHe5EAG,RSC-004826,Qualquer,,,Atendimento,a3Nbe000000Q1A9EAK,a3Kbe000000BybXEAS,a3Obe000000Ktq1EAC,,true,2026-06-10T19:37:36.000+0000,2026-06-13T22:14:07.000+0000
a3Mbe000000KHe6EAG,RSC-004827,Qualquer,,,Atendimento,a3Nbe000000Q1A9EAK,a3Kbe000000BybXEAS,a3Obe000000Ktq2EAC,,true,2026-06-10T19:37:36.000+0000,2026-06-13T22:14:07.000+0000
a3Mbe000000KHe7EAG,RSC-004828,Qualquer,,,Atendimento,a3Nbe000000Q1A9EAK,a3Kbe000000BybXEAS,a3Obe000000Ktq4EAC,,true,2026-06-10T19:37:36.000+0000,2026-06-13T22:14:07.000+0000
a3Mbe000000KHe8EAG,RSC-004829,Qualquer,,,Atendimento,a3Nbe000000Q1A9EAK,a3Kbe000000BybaEAC,a3Obe000000KtpzEAC,,true,2026-06-10T19:37:36.000+0000,2026-06-13T22:14:07.000+0000
a3Mbe000000KHe9EAG,RSC-004830,Qualquer,,,Atendimento,a3Nbe000000Q1A9EAK,a3Kbe000000BybaEAC,a3Obe000000Ktq0EAC,,true,2026-06-10T19:37:36.000+0000,2026-06-13T22:14:07.000+0000
a3Mbe000000KHeAEAW,RSC-004831,Qualquer,,,Atendimento,a3Nbe000000Q1A9EAK,a3Kbe000000BybaEAC,a3Obe000000Ktq1EAC,,true,2026-06-10T19:37:36.000+0000,2026-06-13T22:14:07.000+0000
a3Mbe000000KHeBEAW,RSC-004832,Qualquer,,,Atendimento,a3Nbe000000Q1A9EAK,a3Kbe000000BybaEAC,a3Obe000000Ktq2EAC,,true,2026-06-10T19:37:36.000+0000,2026-06-13T22:14:07.000+0000
a3Mbe000000KHeCEAW,RSC-004833,Qualquer,,,Atendimento,a3Nbe000000Q1A9EAK,a3Kbe000000BybaEAC,a3Obe000000Ktq4EAC,,true,2026-06-10T19:37:36.000+0000,2026-06-13T22:14:07.000+0000
a3Mbe000000KHeDEAW,RSC-004834,Qualquer,,,Atendimento,a3Nbe000000Q1A9EAK,a3Kbe000000BybSEAS,a3Obe000000KtpzEAC,,true,2026-06-10T19:37:36.000+0000,2026-06-13T22:14:07.000+0000
a3Mbe000000KHeEEAW,RSC-004835,Qualquer,,,Atendimento,a3Nbe000000Q1A9EAK,a3Kbe000000BybSEAS,a3Obe000000Ktq0EAC,,true,2026-06-10T19:37:36.000+0000,2026-06-13T22:14:07.000+0000
a3Mbe000000KHeFEAW,RSC-004836,Qualquer,,,Atendimento,a3Nbe000000Q1A9EAK,a3Kbe000000BybSEAS,a3Obe000000Ktq1EAC,,true,2026-06-10T19:37:36.000+0000,2026-06-13T22:14:07.000+0000
a3Mbe000000KHeGEAW,RSC-004837,Qualquer,,,Atendimento,a3Nbe000000Q1A9EAK,a3Kbe000000BybSEAS,a3Obe000000Ktq2EAC,,true,2026-06-10T19:37:36.000+0000,2026-06-13T22:14:07.000+0000
a3Mbe000000KHeHEAW,RSC-004838,Qualquer,,,Atendimento,a3Nbe000000Q1A9EAK,a3Kbe000000BybSEAS,a3Obe000000Ktq4EAC,,true,2026-06-10T19:37:36.000+0000,2026-06-13T22:14:07.000+0000
a3Mbe000000KHeIEAW,RSC-004839,Qualquer,,,Atendimento,a3Nbe000000Q1A9EAK,a3Kbe000000BybiEAC,a3Obe000000KtpzEAC,,true,2026-06-10T19:37:36.000+0000,2026-06-13T22:14:07.000+0000
a3Mbe000000KHeJEAW,RSC-004840,Qualquer,,,Atendimento,a3Nbe000000Q1A9EAK,a3Kbe000000BybiEAC,a3Obe000000Ktq0EAC,,true,2026-06-10T19:37:36.000+0000,2026-06-13T22:14:07.000+0000
a3Mbe000000KHeKEAW,RSC-004841,Qualquer,,,Atendimento,a3Nbe000000Q1A9EAK,a3Kbe000000BybiEAC,a3Obe000000Ktq1EAC,,true,2026-06-10T19:37:36.000+0000,2026-06-13T22:14:07.000+0000
a3Mbe000000KHeLEAW,RSC-004842,Qualquer,,,Atendimento,a3Nbe000000Q1A9EAK,a3Kbe000000BybiEAC,a3Obe000000Ktq2EAC,,true,2026-06-10T19:37:36.000+0000,2026-06-13T22:14:07.000+0000
a3Mbe000000KHeMEAW,RSC-004843,Qualquer,,,Atendimento,a3Nbe000000Q1A9EAK,a3Kbe000000BybiEAC,a3Obe000000Ktq4EAC,,true,2026-06-10T19:37:36.000+0000,2026-06-13T22:14:07.000+0000
a3Mbe000000KHeNEAW,RSC-004844,Qualquer,,,Atendimento,a3Nbe000000Q1A9EAK,a3Kbe000000BybgEAC,a3Obe000000KtpzEAC,,true,2026-06-10T19:37:36.000+0000,2026-06-13T22:14:07.000+0000
a3Mbe000000KHeOEAW,RSC-004845,Qualquer,,,Atendimento,a3Nbe000000Q1A9EAK,a3Kbe000000BybgEAC,a3Obe000000Ktq0EAC,,true,2026-06-10T19:37:36.000+0000,2026-06-13T22:14:07.000+0000
a3Mbe000000KHePEAW,RSC-004846,Qualquer,,,Atendimento,a3Nbe000000Q1A9EAK,a3Kbe000000BybgEAC,a3Obe000000Ktq1EAC,,true,2026-06-10T19:37:36.000+0000,2026-06-13T22:14:07.000+0000
a3Mbe000000KHeQEAW,RSC-004847,Qualquer,,,Atendimento,a3Nbe000000Q1A9EAK,a3Kbe000000BybgEAC,a3Obe000000Ktq2EAC,,true,2026-06-10T19:37:36.000+0000,2026-06-13T22:14:07.000+0000
a3Mbe000000KHeREAW,RSC-004848,Qualquer,,,Atendimento,a3Nbe000000Q1A9EAK,a3Kbe000000BybgEAC,a3Obe000000Ktq4EAC,,true,2026-06-10T19:37:36.000+0000,2026-06-13T22:14:07.000+0000
a3Mbe000000KHeSEAW,RSC-004849,Qualquer,,,Atendimento,a3Nbe000000Q1A9EAK,a3Kbe000000BybhEAC,a3Obe000000KtpzEAC,,true,2026-06-10T19:37:36.000+0000,2026-06-13T22:14:07.000+0000
a3Mbe000000KHeTEAW,RSC-004850,Qualquer,,,Atendimento,a3Nbe000000Q1A9EAK,a3Kbe000000BybhEAC,a3Obe000000Ktq0EAC,,true,2026-06-10T19:37:36.000+0000,2026-06-13T22:14:07.000+0000
a3Mbe000000KHeUEAW,RSC-004851,Qualquer,,,Atendimento,a3Nbe000000Q1A9EAK,a3Kbe000000BybhEAC,a3Obe000000Ktq1EAC,,true,2026-06-10T19:37:36.000+0000,2026-06-13T22:14:07.000+0000
a3Mbe000000KHeVEAW,RSC-004852,Qualquer,,,Atendimento,a3Nbe000000Q1A9EAK,a3Kbe000000BybhEAC,a3Obe000000Ktq2EAC,,true,2026-06-10T19:37:36.000+0000,2026-06-13T22:14:07.000+0000
a3Mbe000000KHeWEAW,RSC-004853,Qualquer,,,Atendimento,a3Nbe000000Q1A9EAK,a3Kbe000000BybhEAC,a3Obe000000Ktq4EAC,,true,2026-06-10T19:37:36.000+0000,2026-06-13T22:14:07.000+0000
a3Mbe000000KHeXEAW,RSC-004854,Qualquer,,,Atendimento,a3Nbe000000Q1A9EAK,a3Kbe000000BybUEAS,a3Obe000000KtpzEAC,,true,2026-06-10T19:37:36.000+0000,2026-06-13T22:14:07.000+0000
a3Mbe000000KHeYEAW,RSC-004855,Qualquer,,,Atendimento,a3Nbe000000Q1A9EAK,a3Kbe000000BybUEAS,a3Obe000000Ktq0EAC,,true,2026-06-10T19:37:36.000+0000,2026-06-13T22:14:07.000+0000
a3Mbe000000KHeZEAW,RSC-004856,Qualquer,,,Atendimento,a3Nbe000000Q1A9EAK,a3Kbe000000BybUEAS,a3Obe000000Ktq1EAC,,true,2026-06-10T19:37:36.000+0000,2026-06-13T22:14:07.000+0000
a3Mbe000000KHeaEAG,RSC-004857,Qualquer,,,Atendimento,a3Nbe000000Q1A9EAK,a3Kbe000000BybUEAS,a3Obe000000Ktq2EAC,,true,2026-06-10T19:37:36.000+0000,2026-06-13T22:14:07.000+0000
a3Mbe000000KHebEAG,RSC-004858,Qualquer,,,Atendimento,a3Nbe000000Q1A9EAK,a3Kbe000000BybUEAS,a3Obe000000Ktq4EAC,,true,2026-06-10T19:37:36.000+0000,2026-06-13T22:14:07.000+0000
a3Mbe000000KHecEAG,RSC-004859,Qualquer,,,Atendimento,a3Nbe000000Q1A9EAK,a3Kbe000000BybWEAS,a3Obe000000KtpzEAC,,true,2026-06-10T19:37:36.000+0000,2026-06-13T22:14:07.000+0000
a3Mbe000000KHedEAG,RSC-004860,Qualquer,,,Atendimento,a3Nbe000000Q1A9EAK,a3Kbe000000BybWEAS,a3Obe000000Ktq0EAC,,true,2026-06-10T19:37:36.000+0000,2026-06-13T22:14:07.000+0000
a3Mbe000000KHeeEAG,RSC-004861,Qualquer,,,Atendimento,a3Nbe000000Q1A9EAK,a3Kbe000000BybWEAS,a3Obe000000Ktq1EAC,,true,2026-06-10T19:37:36.000+0000,2026-06-13T22:14:07.000+0000
a3Mbe000000KHefEAG,RSC-004862,Qualquer,,,Atendimento,a3Nbe000000Q1A9EAK,a3Kbe000000BybWEAS,a3Obe000000Ktq2EAC,,true,2026-06-10T19:37:36.000+0000,2026-06-13T22:14:07.000+0000
a3Mbe000000KHegEAG,RSC-004863,Qualquer,,,Atendimento,a3Nbe000000Q1A9EAK,a3Kbe000000BybWEAS,a3Obe000000Ktq4EAC,,true,2026-06-10T19:37:36.000+0000,2026-06-13T22:14:07.000+0000
a3Mbe000000KHehEAG,RSC-004864,Qualquer,,,Atendimento,a3Nbe000000Q1A9EAK,a3Kbe000000CzW0EAK,a3Obe000000KtpzEAC,,true,2026-06-10T19:37:36.000+0000,2026-06-13T22:14:07.000+0000
a3Mbe000000KHeiEAG,RSC-004865,Qualquer,,,Atendimento,a3Nbe000000Q1A9EAK,a3Kbe000000CzW0EAK,a3Obe000000Ktq0EAC,,true,2026-06-10T19:37:36.000+0000,2026-06-13T22:14:07.000+0000
a3Mbe000000KHejEAG,RSC-004866,Qualquer,,,Atendimento,a3Nbe000000Q1A9EAK,a3Kbe000000CzW0EAK,a3Obe000000Ktq1EAC,,true,2026-06-10T19:37:36.000+0000,2026-06-13T22:14:07.000+0000
a3Mbe000000KHekEAG,RSC-004867,Qualquer,,,Atendimento,a3Nbe000000Q1A9EAK,a3Kbe000000CzW0EAK,a3Obe000000Ktq2EAC,,true,2026-06-10T19:37:36.000+0000,2026-06-13T22:14:07.000+0000
a3Mbe000000KHelEAG,RSC-004868,Qualquer,,,Atendimento,a3Nbe000000Q1A9EAK,a3Kbe000000CzW0EAK,a3Obe000000Ktq4EAC,,true,2026-06-10T19:37:36.000+0000,2026-06-13T22:14:07.000+0000
a3Mbe000000KHemEAG,RSC-004869,Qualquer,,,Atendimento,a3Nbe000000Q1A9EAK,a3Kbe000000CzPlEAK,a3Obe000000KtpzEAC,,true,2026-06-10T19:37:36.000+0000,2026-06-13T22:14:07.000+0000
a3Mbe000000KHenEAG,RSC-004870,Qualquer,,,Atendimento,a3Nbe000000Q1A9EAK,a3Kbe000000CzPlEAK,a3Obe000000Ktq0EAC,,true,2026-06-10T19:37:36.000+0000,2026-06-13T22:14:07.000+0000
a3Mbe000000KHeoEAG,RSC-004871,Qualquer,,,Atendimento,a3Nbe000000Q1A9EAK,a3Kbe000000CzPlEAK,a3Obe000000Ktq1EAC,,true,2026-06-10T19:37:36.000+0000,2026-06-13T22:14:07.000+0000
a3Mbe000000KHepEAG,RSC-004872,Qualquer,,,Atendimento,a3Nbe000000Q1A9EAK,a3Kbe000000CzPlEAK,a3Obe000000Ktq2EAC,,true,2026-06-10T19:37:36.000+0000,2026-06-13T22:14:07.000+0000
a3Mbe000000KHeqEAG,RSC-004873,Qualquer,,,Atendimento,a3Nbe000000Q1A9EAK,a3Kbe000000CzPlEAK,a3Obe000000Ktq4EAC,,true,2026-06-10T19:37:36.000+0000,2026-06-13T22:14:07.000+0000
a3Mbe000000KHerEAG,RSC-004874,Qualquer,,,Atendimento,a3Nbe000000Q1A9EAK,a3Kbe000000CzPmEAK,a3Obe000000KtpzEAC,,true,2026-06-10T19:37:36.000+0000,2026-06-13T22:14:07.000+0000
a3Mbe000000KHesEAG,RSC-004875,Qualquer,,,Atendimento,a3Nbe000000Q1A9EAK,a3Kbe000000CzPmEAK,a3Obe000000Ktq0EAC,,true,2026-06-10T19:37:36.000+0000,2026-06-13T22:14:07.000+0000
a3Mbe000000KHetEAG,RSC-004876,Qualquer,,,Atendimento,a3Nbe000000Q1A9EAK,a3Kbe000000CzPmEAK,a3Obe000000Ktq1EAC,,true,2026-06-10T19:37:36.000+0000,2026-06-13T22:14:07.000+0000
a3Mbe000000KHeuEAG,RSC-004877,Qualquer,,,Atendimento,a3Nbe000000Q1A9EAK,a3Kbe000000CzPmEAK,a3Obe000000Ktq2EAC,,true,2026-06-10T19:37:36.000+0000,2026-06-13T22:14:07.000+0000
a3Mbe000000KHevEAG,RSC-004878,Qualquer,,,Atendimento,a3Nbe000000Q1A9EAK,a3Kbe000000CzPmEAK,a3Obe000000Ktq4EAC,,true,2026-06-10T19:37:36.000+0000,2026-06-13T22:14:07.000+0000
a3Mbe000000KHewEAG,RSC-004879,Qualquer,,,Atendimento,a3Nbe000000Q1A9EAK,a3Kbe000000CzPnEAK,a3Obe000000KtpzEAC,,true,2026-06-10T19:37:36.000+0000,2026-06-13T22:14:07.000+0000
a3Mbe000000KHexEAG,RSC-004880,Qualquer,,,Atendimento,a3Nbe000000Q1A9EAK,a3Kbe000000CzPnEAK,a3Obe000000Ktq0EAC,,true,2026-06-10T19:37:36.000+0000,2026-06-13T22:14:07.000+0000
a3Mbe000000KHeyEAG,RSC-004881,Qualquer,,,Atendimento,a3Nbe000000Q1A9EAK,a3Kbe000000CzPnEAK,a3Obe000000Ktq1EAC,,true,2026-06-10T19:37:36.000+0000,2026-06-13T22:14:07.000+0000
a3Mbe000000KHezEAG,RSC-004882,Qualquer,,,Atendimento,a3Nbe000000Q1A9EAK,a3Kbe000000CzPnEAK,a3Obe000000Ktq2EAC,,true,2026-06-10T19:37:36.000+0000,2026-06-13T22:14:07.000+0000
a3Mbe000000KHf0EAG,RSC-004883,Qualquer,,,Atendimento,a3Nbe000000Q1A9EAK,a3Kbe000000CzPnEAK,a3Obe000000Ktq4EAC,,true,2026-06-10T19:37:36.000+0000,2026-06-13T22:14:07.000+0000
a3Mbe000000KHf1EAG,RSC-004884,Qualquer,,,Atendimento,a3Nbe000000Q1A9EAK,a3Kbe000000CzPoEAK,a3Obe000000KtpzEAC,,true,2026-06-10T19:37:36.000+0000,2026-06-13T22:14:07.000+0000
a3Mbe000000KHf2EAG,RSC-004885,Qualquer,,,Atendimento,a3Nbe000000Q1A9EAK,a3Kbe000000CzPoEAK,a3Obe000000Ktq0EAC,,true,2026-06-10T19:37:36.000+0000,2026-06-13T22:14:07.000+0000
a3Mbe000000KHf3EAG,RSC-004886,Qualquer,,,Atendimento,a3Nbe000000Q1A9EAK,a3Kbe000000CzPoEAK,a3Obe000000Ktq1EAC,,true,2026-06-10T19:37:36.000+0000,2026-06-13T22:14:07.000+0000
a3Mbe000000KHf4EAG,RSC-004887,Qualquer,,,Atendimento,a3Nbe000000Q1A9EAK,a3Kbe000000CzPoEAK,a3Obe000000Ktq2EAC,,true,2026-06-10T19:37:36.000+0000,2026-06-13T22:14:07.000+0000
a3Mbe000000KHf5EAG,RSC-004888,Qualquer,,,Atendimento,a3Nbe000000Q1A9EAK,a3Kbe000000CzPoEAK,a3Obe000000Ktq4EAC,,true,2026-06-10T19:37:36.000+0000,2026-06-13T22:14:07.000+0000
a3Mbe000000KHf6EAG,RSC-004889,Qualquer,,,Atendimento,a3Nbe000000Q1A9EAK,a3Kbe000000CzPpEAK,a3Obe000000KtpzEAC,,true,2026-06-10T19:37:36.000+0000,2026-06-13T22:14:07.000+0000
a3Mbe000000KHf7EAG,RSC-004890,Qualquer,,,Atendimento,a3Nbe000000Q1A9EAK,a3Kbe000000CzPpEAK,a3Obe000000Ktq0EAC,,true,2026-06-10T19:37:36.000+0000,2026-06-13T22:14:07.000+0000
a3Mbe000000KHf8EAG,RSC-004891,Qualquer,,,Atendimento,a3Nbe000000Q1A9EAK,a3Kbe000000CzPpEAK,a3Obe000000Ktq1EAC,,true,2026-06-10T19:37:36.000+0000,2026-06-13T22:14:07.000+0000
a3Mbe000000KHf9EAG,RSC-004892,Qualquer,,,Atendimento,a3Nbe000000Q1A9EAK,a3Kbe000000CzPpEAK,a3Obe000000Ktq2EAC,,true,2026-06-10T19:37:36.000+0000,2026-06-13T22:14:07.000+0000
a3Mbe000000KHfAEAW,RSC-004893,Qualquer,,,Atendimento,a3Nbe000000Q1A9EAK,a3Kbe000000CzPpEAK,a3Obe000000Ktq4EAC,,true,2026-06-10T19:37:36.000+0000,2026-06-13T22:14:07.000+0000
a3Mbe000000KHfBEAW,RSC-004894,Qualquer,,,Atendimento,a3Nbe000000Q1A9EAK,a3Kbe000000CzPqEAK,a3Obe000000KtpzEAC,,true,2026-06-10T19:37:36.000+0000,2026-06-13T22:14:07.000+0000
a3Mbe000000KHfCEAW,RSC-004895,Qualquer,,,Atendimento,a3Nbe000000Q1A9EAK,a3Kbe000000CzPqEAK,a3Obe000000Ktq0EAC,,true,2026-06-10T19:37:36.000+0000,2026-06-13T22:14:07.000+0000
a3Mbe000000KHfDEAW,RSC-004896,Qualquer,,,Atendimento,a3Nbe000000Q1A9EAK,a3Kbe000000CzPqEAK,a3Obe000000Ktq1EAC,,true,2026-06-10T19:37:36.000+0000,2026-06-13T22:14:07.000+0000
a3Mbe000000KHfEEAW,RSC-004897,Qualquer,,,Atendimento,a3Nbe000000Q1A9EAK,a3Kbe000000CzPqEAK,a3Obe000000Ktq2EAC,,true,2026-06-10T19:37:36.000+0000,2026-06-13T22:14:07.000+0000
a3Mbe000000KHfFEAW,RSC-004898,Qualquer,,,Atendimento,a3Nbe000000Q1A9EAK,a3Kbe000000CzPqEAK,a3Obe000000Ktq4EAC,,true,2026-06-10T19:37:36.000+0000,2026-06-13T22:14:07.000+0000
a3Mbe000000KHfGEAW,RSC-004899,Qualquer,,,Atendimento,a3Nbe000000Q1A9EAK,a3Kbe000000CzPrEAK,a3Obe000000KtpzEAC,,true,2026-06-10T19:37:36.000+0000,2026-06-13T22:14:07.000+0000
a3Mbe000000KHfHEAW,RSC-004900,Qualquer,,,Atendimento,a3Nbe000000Q1A9EAK,a3Kbe000000CzPrEAK,a3Obe000000Ktq0EAC,,true,2026-06-10T19:37:36.000+0000,2026-06-13T22:14:07.000+0000
a3Mbe000000KHfIEAW,RSC-004901,Qualquer,,,Atendimento,a3Nbe000000Q1A9EAK,a3Kbe000000CzPrEAK,a3Obe000000Ktq1EAC,,true,2026-06-10T19:37:36.000+0000,2026-06-13T22:14:07.000+0000
a3Mbe000000KHfJEAW,RSC-004902,Qualquer,,,Atendimento,a3Nbe000000Q1A9EAK,a3Kbe000000CzPrEAK,a3Obe000000Ktq2EAC,,true,2026-06-10T19:37:36.000+0000,2026-06-13T22:14:07.000+0000
a3Mbe000000KHfKEAW,RSC-004903,Qualquer,,,Atendimento,a3Nbe000000Q1A9EAK,a3Kbe000000CzPrEAK,a3Obe000000Ktq4EAC,,true,2026-06-10T19:37:36.000+0000,2026-06-13T22:14:07.000+0000
a3Mbe000000KHfLEAW,RSC-004904,Qualquer,,,Atendimento,a3Nbe000000Q1A9EAK,a3Kbe000000CzPsEAK,a3Obe000000KtpzEAC,,true,2026-06-10T19:37:36.000+0000,2026-06-13T22:14:07.000+0000
a3Mbe000000KHfMEAW,RSC-004905,Qualquer,,,Atendimento,a3Nbe000000Q1A9EAK,a3Kbe000000CzPsEAK,a3Obe000000Ktq0EAC,,true,2026-06-10T19:37:36.000+0000,2026-06-13T22:14:07.000+0000
a3Mbe000000KHfNEAW,RSC-004906,Qualquer,,,Atendimento,a3Nbe000000Q1A9EAK,a3Kbe000000CzPsEAK,a3Obe000000Ktq1EAC,,true,2026-06-10T19:37:36.000+0000,2026-06-13T22:14:07.000+0000
a3Mbe000000KHfOEAW,RSC-004907,Qualquer,,,Atendimento,a3Nbe000000Q1A9EAK,a3Kbe000000CzPsEAK,a3Obe000000Ktq2EAC,,true,2026-06-10T19:37:36.000+0000,2026-06-13T22:14:07.000+0000
a3Mbe000000KHfPEAW,RSC-004908,Qualquer,,,Atendimento,a3Nbe000000Q1A9EAK,a3Kbe000000CzPsEAK,a3Obe000000Ktq4EAC,,true,2026-06-10T19:37:36.000+0000,2026-06-13T22:14:07.000+0000
a3Mbe000000KHfQEAW,RSC-004909,Qualquer,,,Atendimento,a3Nbe000000Q1A9EAK,a3Kbe000000CzW1EAK,a3Obe000000KtpzEAC,,true,2026-06-10T19:37:36.000+0000,2026-06-13T22:14:07.000+0000
a3Mbe000000KHfREAW,RSC-004910,Qualquer,,,Atendimento,a3Nbe000000Q1A9EAK,a3Kbe000000CzW1EAK,a3Obe000000Ktq0EAC,,true,2026-06-10T19:37:36.000+0000,2026-06-13T22:14:07.000+0000
a3Mbe000000KHfSEAW,RSC-004911,Qualquer,,,Atendimento,a3Nbe000000Q1A9EAK,a3Kbe000000CzW1EAK,a3Obe000000Ktq1EAC,,true,2026-06-10T19:37:36.000+0000,2026-06-13T22:14:07.000+0000
a3Mbe000000KHfTEAW,RSC-004912,Qualquer,,,Atendimento,a3Nbe000000Q1A9EAK,a3Kbe000000CzW1EAK,a3Obe000000Ktq2EAC,,true,2026-06-10T19:37:36.000+0000,2026-06-13T22:14:07.000+0000
a3Mbe000000KHfUEAW,RSC-004913,Qualquer,,,Atendimento,a3Nbe000000Q1A9EAK,a3Kbe000000CzW1EAK,a3Obe000000Ktq4EAC,,true,2026-06-10T19:37:36.000+0000,2026-06-13T22:14:07.000+0000
a3Mbe000000KHfVEAW,RSC-004914,Qualquer,,,Atendimento,a3Nbe000000Q1A9EAK,a3Kbe000000CzPtEAK,a3Obe000000KtpzEAC,,true,2026-06-10T19:37:36.000+0000,2026-06-13T22:14:07.000+0000
a3Mbe000000KHfWEAW,RSC-004915,Qualquer,,,Atendimento,a3Nbe000000Q1A9EAK,a3Kbe000000CzPtEAK,a3Obe000000Ktq0EAC,,true,2026-06-10T19:37:36.000+0000,2026-06-13T22:14:07.000+0000
a3Mbe000000KHfXEAW,RSC-004916,Qualquer,,,Atendimento,a3Nbe000000Q1A9EAK,a3Kbe000000CzPtEAK,a3Obe000000Ktq1EAC,,true,2026-06-10T19:37:36.000+0000,2026-06-13T22:14:07.000+0000
a3Mbe000000KHfYEAW,RSC-004917,Qualquer,,,Atendimento,a3Nbe000000Q1A9EAK,a3Kbe000000CzPtEAK,a3Obe000000Ktq2EAC,,true,2026-06-10T19:37:36.000+0000,2026-06-13T22:14:07.000+0000
a3Mbe000000KHfZEAW,RSC-004918,Qualquer,,,Atendimento,a3Nbe000000Q1A9EAK,a3Kbe000000CzPtEAK,a3Obe000000Ktq4EAC,,true,2026-06-10T19:37:36.000+0000,2026-06-13T22:14:07.000+0000
a3Mbe000000KHfaEAG,RSC-004919,Qualquer,,,Atendimento,a3Nbe000000Q1A9EAK,a3Kbe000000CzPuEAK,a3Obe000000KtpzEAC,,true,2026-06-10T19:37:36.000+0000,2026-06-13T22:14:07.000+0000
a3Mbe000000KHfbEAG,RSC-004920,Qualquer,,,Atendimento,a3Nbe000000Q1A9EAK,a3Kbe000000CzPuEAK,a3Obe000000Ktq0EAC,,true,2026-06-10T19:37:36.000+0000,2026-06-13T22:14:07.000+0000
a3Mbe000000KHfcEAG,RSC-004921,Qualquer,,,Atendimento,a3Nbe000000Q1A9EAK,a3Kbe000000CzPuEAK,a3Obe000000Ktq1EAC,,true,2026-06-10T19:37:36.000+0000,2026-06-13T22:14:07.000+0000
a3Mbe000000KHfdEAG,RSC-004922,Qualquer,,,Atendimento,a3Nbe000000Q1A9EAK,a3Kbe000000CzPuEAK,a3Obe000000Ktq2EAC,,true,2026-06-10T19:37:36.000+0000,2026-06-13T22:14:07.000+0000
a3Mbe000000KHfeEAG,RSC-004923,Qualquer,,,Atendimento,a3Nbe000000Q1A9EAK,a3Kbe000000CzPuEAK,a3Obe000000Ktq4EAC,,true,2026-06-10T19:37:36.000+0000,2026-06-13T22:14:07.000+0000
a3Mbe000000KHffEAG,RSC-004924,Qualquer,,,Atendimento,a3Nbe000000Q1A9EAK,a3Kbe000000CzW2EAK,a3Obe000000KtpzEAC,,true,2026-06-10T19:37:36.000+0000,2026-06-13T22:14:07.000+0000
a3Mbe000000KHfgEAG,RSC-004925,Qualquer,,,Atendimento,a3Nbe000000Q1A9EAK,a3Kbe000000CzW2EAK,a3Obe000000Ktq0EAC,,true,2026-06-10T19:37:36.000+0000,2026-06-13T22:14:07.000+0000
a3Mbe000000KHfhEAG,RSC-004926,Qualquer,,,Atendimento,a3Nbe000000Q1A9EAK,a3Kbe000000CzW2EAK,a3Obe000000Ktq1EAC,,true,2026-06-10T19:37:36.000+0000,2026-06-13T22:14:07.000+0000
a3Mbe000000KHfiEAG,RSC-004927,Qualquer,,,Atendimento,a3Nbe000000Q1A9EAK,a3Kbe000000CzW2EAK,a3Obe000000Ktq2EAC,,true,2026-06-10T19:37:36.000+0000,2026-06-13T22:14:07.000+0000
a3Mbe000000KHfjEAG,RSC-004928,Qualquer,,,Atendimento,a3Nbe000000Q1A9EAK,a3Kbe000000CzW2EAK,a3Obe000000Ktq4EAC,,true,2026-06-10T19:37:36.000+0000,2026-06-13T22:14:07.000+0000
a3Mbe000000KHfkEAG,RSC-004929,Qualquer,,,Atendimento,a3Nbe000000Q1A9EAK,a3Kbe000000CzPvEAK,a3Obe000000KtpzEAC,,true,2026-06-10T19:37:36.000+0000,2026-06-13T22:14:07.000+0000
a3Mbe000000KHflEAG,RSC-004930,Qualquer,,,Atendimento,a3Nbe000000Q1A9EAK,a3Kbe000000CzPvEAK,a3Obe000000Ktq0EAC,,true,2026-06-10T19:37:36.000+0000,2026-06-13T22:14:07.000+0000
a3Mbe000000KHfmEAG,RSC-004931,Qualquer,,,Atendimento,a3Nbe000000Q1A9EAK,a3Kbe000000CzPvEAK,a3Obe000000Ktq1EAC,,true,2026-06-10T19:37:36.000+0000,2026-06-13T22:14:07.000+0000
a3Mbe000000KHfnEAG,RSC-004932,Qualquer,,,Atendimento,a3Nbe000000Q1A9EAK,a3Kbe000000CzPvEAK,a3Obe000000Ktq2EAC,,true,2026-06-10T19:37:36.000+0000,2026-06-13T22:14:07.000+0000
a3Mbe000000KHfoEAG,RSC-004933,Qualquer,,,Atendimento,a3Nbe000000Q1A9EAK,a3Kbe000000CzPvEAK,a3Obe000000Ktq4EAC,,true,2026-06-10T19:37:36.000+0000,2026-06-13T22:14:07.000+0000
a3Mbe000000KHfpEAG,RSC-004934,Qualquer,,,Atendimento,a3Nbe000000Q1A9EAK,a3Kbe000000CzPwEAK,a3Obe000000KtpzEAC,,true,2026-06-10T19:37:36.000+0000,2026-06-13T22:14:07.000+0000
a3Mbe000000KHfqEAG,RSC-004935,Qualquer,,,Atendimento,a3Nbe000000Q1A9EAK,a3Kbe000000CzPwEAK,a3Obe000000Ktq0EAC,,true,2026-06-10T19:37:36.000+0000,2026-06-13T22:14:07.000+0000
a3Mbe000000KHfrEAG,RSC-004936,Qualquer,,,Atendimento,a3Nbe000000Q1A9EAK,a3Kbe000000CzPwEAK,a3Obe000000Ktq1EAC,,true,2026-06-10T19:37:36.000+0000,2026-06-13T22:14:07.000+0000
a3Mbe000000KHfsEAG,RSC-004937,Qualquer,,,Atendimento,a3Nbe000000Q1A9EAK,a3Kbe000000CzPwEAK,a3Obe000000Ktq2EAC,,true,2026-06-10T19:37:36.000+0000,2026-06-13T22:14:07.000+0000
a3Mbe000000KHftEAG,RSC-004938,Qualquer,,,Atendimento,a3Nbe000000Q1A9EAK,a3Kbe000000CzPwEAK,a3Obe000000Ktq4EAC,,true,2026-06-10T19:37:36.000+0000,2026-06-13T22:14:07.000+0000
a3Mbe000000KHfuEAG,RSC-004939,Qualquer,,,Atendimento,a3Nbe000000Q1A9EAK,a3Kbe000000CzPxEAK,a3Obe000000KtpzEAC,,true,2026-06-10T19:37:36.000+0000,2026-06-13T22:14:07.000+0000
a3Mbe000000KHfvEAG,RSC-004940,Qualquer,,,Atendimento,a3Nbe000000Q1A9EAK,a3Kbe000000CzPxEAK,a3Obe000000Ktq0EAC,,true,2026-06-10T19:37:36.000+0000,2026-06-13T22:14:07.000+0000
a3Mbe000000KHfwEAG,RSC-004941,Qualquer,,,Atendimento,a3Nbe000000Q1A9EAK,a3Kbe000000CzPxEAK,a3Obe000000Ktq1EAC,,true,2026-06-10T19:37:36.000+0000,2026-06-13T22:14:07.000+0000
a3Mbe000000KHfxEAG,RSC-004942,Qualquer,,,Atendimento,a3Nbe000000Q1A9EAK,a3Kbe000000CzPxEAK,a3Obe000000Ktq2EAC,,true,2026-06-10T19:37:36.000+0000,2026-06-13T22:14:07.000+0000
a3Mbe000000KHfyEAG,RSC-004943,Qualquer,,,Atendimento,a3Nbe000000Q1A9EAK,a3Kbe000000CzPxEAK,a3Obe000000Ktq4EAC,,true,2026-06-10T19:37:36.000+0000,2026-06-13T22:14:07.000+0000
a3Mbe000000KHfzEAG,RSC-004944,Qualquer,,,Atendimento,a3Nbe000000Q1A9EAK,a3Kbe000000CzPyEAK,a3Obe000000KtpzEAC,,true,2026-06-10T19:37:36.000+0000,2026-06-13T22:14:07.000+0000
a3Mbe000000KHg0EAG,RSC-004945,Qualquer,,,Atendimento,a3Nbe000000Q1A9EAK,a3Kbe000000CzPyEAK,a3Obe000000Ktq0EAC,,true,2026-06-10T19:37:36.000+0000,2026-06-13T22:14:07.000+0000
a3Mbe000000KHg1EAG,RSC-004946,Qualquer,,,Atendimento,a3Nbe000000Q1A9EAK,a3Kbe000000CzPyEAK,a3Obe000000Ktq1EAC,,true,2026-06-10T19:37:36.000+0000,2026-06-13T22:14:07.000+0000
a3Mbe000000KHg2EAG,RSC-004947,Qualquer,,,Atendimento,a3Nbe000000Q1A9EAK,a3Kbe000000CzPyEAK,a3Obe000000Ktq2EAC,,true,2026-06-10T19:37:36.000+0000,2026-06-13T22:14:07.000+0000
a3Mbe000000KHg3EAG,RSC-004948,Qualquer,,,Atendimento,a3Nbe000000Q1A9EAK,a3Kbe000000CzPyEAK,a3Obe000000Ktq4EAC,,true,2026-06-10T19:37:36.000+0000,2026-06-13T22:14:07.000+0000
a3Mbe000000KHg4EAG,RSC-004949,Qualquer,,,Atendimento,a3Nbe000000Q1A9EAK,a3Kbe000000CzPzEAK,a3Obe000000KtpzEAC,,true,2026-06-10T19:37:36.000+0000,2026-06-13T22:14:07.000+0000
a3Mbe000000KHg5EAG,RSC-004950,Qualquer,,,Atendimento,a3Nbe000000Q1A9EAK,a3Kbe000000CzPzEAK,a3Obe000000Ktq0EAC,,true,2026-06-10T19:37:36.000+0000,2026-06-13T22:14:07.000+0000
a3Mbe000000KHg6EAG,RSC-004951,Qualquer,,,Atendimento,a3Nbe000000Q1A9EAK,a3Kbe000000CzPzEAK,a3Obe000000Ktq1EAC,,true,2026-06-10T19:37:36.000+0000,2026-06-13T22:14:07.000+0000
a3Mbe000000KHg7EAG,RSC-004952,Qualquer,,,Atendimento,a3Nbe000000Q1A9EAK,a3Kbe000000CzPzEAK,a3Obe000000Ktq2EAC,,true,2026-06-10T19:37:36.000+0000,2026-06-13T22:14:07.000+0000
a3Mbe000000KHg8EAG,RSC-004953,Qualquer,,,Atendimento,a3Nbe000000Q1A9EAK,a3Kbe000000CzPzEAK,a3Obe000000Ktq4EAC,,true,2026-06-10T19:37:36.000+0000,2026-06-13T22:14:07.000+0000
a3Mbe000000KHg9EAG,RSC-004954,Qualquer,,,Atendimento,a3Nbe000000Q1A9EAK,a3Kbe000000CzQ0EAK,a3Obe000000KtpzEAC,,true,2026-06-10T19:37:36.000+0000,2026-06-13T22:14:07.000+0000
a3Mbe000000KHgAEAW,RSC-004955,Qualquer,,,Atendimento,a3Nbe000000Q1A9EAK,a3Kbe000000CzQ0EAK,a3Obe000000Ktq0EAC,,true,2026-06-10T19:37:36.000+0000,2026-06-13T22:14:07.000+0000
a3Mbe000000KHgBEAW,RSC-004956,Qualquer,,,Atendimento,a3Nbe000000Q1A9EAK,a3Kbe000000CzQ0EAK,a3Obe000000Ktq1EAC,,true,2026-06-10T19:37:36.000+0000,2026-06-13T22:14:07.000+0000
a3Mbe000000KHgCEAW,RSC-004957,Qualquer,,,Atendimento,a3Nbe000000Q1A9EAK,a3Kbe000000CzQ0EAK,a3Obe000000Ktq2EAC,,true,2026-06-10T19:37:36.000+0000,2026-06-13T22:14:07.000+0000
a3Mbe000000KHgDEAW,RSC-004958,Qualquer,,,Atendimento,a3Nbe000000Q1A9EAK,a3Kbe000000CzQ0EAK,a3Obe000000Ktq4EAC,,true,2026-06-10T19:37:36.000+0000,2026-06-13T22:14:07.000+0000
a3Mbe000000KLDBEA4,RSC-004959,Qualquer,,,Atendimento,a3Nbe000000Q1A9EAK,a3Kbe000000C4BpEAK,a3Obe000000KtpzEAC,,true,2026-06-11T15:54:00.000+0000,2026-06-13T22:14:07.000+0000
a3Mbe000000KLDCEA4,RSC-004960,Qualquer,,,Atendimento,a3Nbe000000Q1A9EAK,a3Kbe000000C4BpEAK,a3Obe000000Ktq0EAC,,true,2026-06-11T15:54:00.000+0000,2026-06-13T22:14:07.000+0000
a3Mbe000000KLDDEA4,RSC-004961,Qualquer,,,Atendimento,a3Nbe000000Q1A9EAK,a3Kbe000000C4BpEAK,a3Obe000000Ktq1EAC,,true,2026-06-11T15:54:00.000+0000,2026-06-13T22:14:07.000+0000
a3Mbe000000KLDEEA4,RSC-004962,Qualquer,,,Atendimento,a3Nbe000000Q1A9EAK,a3Kbe000000C4BpEAK,a3Obe000000Ktq2EAC,,true,2026-06-11T15:54:00.000+0000,2026-06-13T22:14:07.000+0000
a3Mbe000000KLDFEA4,RSC-004963,Qualquer,,,Atendimento,a3Nbe000000Q1A9EAK,a3Kbe000000C4BpEAK,a3Obe000000Ktq4EAC,,true,2026-06-11T15:54:00.000+0000,2026-06-13T22:14:07.000+0000
a3Mbe000000KLDGEA4,RSC-004964,Qualquer,,,Atendimento,a3Nbe000000Q1A9EAK,a3Kbe000000D64PEAS,a3Obe000000KtpzEAC,,true,2026-06-11T15:54:00.000+0000,2026-06-13T22:14:07.000+0000
a3Mbe000000KLDHEA4,RSC-004965,Qualquer,,,Atendimento,a3Nbe000000Q1A9EAK,a3Kbe000000D64PEAS,a3Obe000000Ktq0EAC,,true,2026-06-11T15:54:00.000+0000,2026-06-13T22:14:07.000+0000
a3Mbe000000KLDIEA4,RSC-004966,Qualquer,,,Atendimento,a3Nbe000000Q1A9EAK,a3Kbe000000D64PEAS,a3Obe000000Ktq1EAC,,true,2026-06-11T15:54:00.000+0000,2026-06-13T22:14:07.000+0000
a3Mbe000000KLDJEA4,RSC-004967,Qualquer,,,Atendimento,a3Nbe000000Q1A9EAK,a3Kbe000000D64PEAS,a3Obe000000Ktq2EAC,,true,2026-06-11T15:54:00.000+0000,2026-06-13T22:14:07.000+0000
a3Mbe000000KLDKEA4,RSC-004968,Qualquer,,,Atendimento,a3Nbe000000Q1A9EAK,a3Kbe000000D64PEAS,a3Obe000000Ktq4EAC,,true,2026-06-11T15:54:00.000+0000,2026-06-13T22:14:07.000+0000
a3Mbe000000KLDLEA4,RSC-004969,Qualquer,,,Atendimento,a3Nbe000000Q1A9EAK,a3Kbe000000D64QEAS,a3Obe000000KtpzEAC,,true,2026-06-11T15:54:00.000+0000,2026-06-13T22:14:07.000+0000
a3Mbe000000KLDMEA4,RSC-004970,Qualquer,,,Atendimento,a3Nbe000000Q1A9EAK,a3Kbe000000D64QEAS,a3Obe000000Ktq0EAC,,true,2026-06-11T15:54:00.000+0000,2026-06-13T22:14:07.000+0000
a3Mbe000000KLDNEA4,RSC-004971,Qualquer,,,Atendimento,a3Nbe000000Q1A9EAK,a3Kbe000000D64QEAS,a3Obe000000Ktq1EAC,,true,2026-06-11T15:54:00.000+0000,2026-06-13T22:14:07.000+0000
a3Mbe000000KLDOEA4,RSC-004972,Qualquer,,,Atendimento,a3Nbe000000Q1A9EAK,a3Kbe000000D64QEAS,a3Obe000000Ktq2EAC,,true,2026-06-11T15:54:00.000+0000,2026-06-13T22:14:07.000+0000
a3Mbe000000KLDPEA4,RSC-004973,Qualquer,,,Atendimento,a3Nbe000000Q1A9EAK,a3Kbe000000D64QEAS,a3Obe000000Ktq4EAC,,true,2026-06-11T15:54:00.000+0000,2026-06-13T22:14:07.000+0000
a3Mbe000000KLDQEA4,RSC-004974,Qualquer,,,Atendimento,a3Nbe000000Q1A9EAK,a3Kbe000000D64REAS,a3Obe000000KtpzEAC,,true,2026-06-11T15:54:00.000+0000,2026-06-13T22:14:07.000+0000
a3Mbe000000KLDREA4,RSC-004975,Qualquer,,,Atendimento,a3Nbe000000Q1A9EAK,a3Kbe000000D64REAS,a3Obe000000Ktq0EAC,,true,2026-06-11T15:54:00.000+0000,2026-06-13T22:14:07.000+0000
a3Mbe000000KLDSEA4,RSC-004976,Qualquer,,,Atendimento,a3Nbe000000Q1A9EAK,a3Kbe000000D64REAS,a3Obe000000Ktq1EAC,,true,2026-06-11T15:54:00.000+0000,2026-06-13T22:14:07.000+0000
a3Mbe000000KLDTEA4,RSC-004977,Qualquer,,,Atendimento,a3Nbe000000Q1A9EAK,a3Kbe000000D64REAS,a3Obe000000Ktq2EAC,,true,2026-06-11T15:54:00.000+0000,2026-06-13T22:14:07.000+0000
a3Mbe000000KLDUEA4,RSC-004978,Qualquer,,,Atendimento,a3Nbe000000Q1A9EAK,a3Kbe000000D64REAS,a3Obe000000Ktq4EAC,,true,2026-06-11T15:54:00.000+0000,2026-06-13T22:14:07.000+0000
a3Mbe000000KNEzEAO,RSC-004979,Qualquer,,,Atendimento,a3Nbe000000Q1BlEAK,a3Kbe000000D9M7EAK,a3Obe000000LHyjEAG,,true,2026-06-12T04:00:56.000+0000,2026-06-13T22:14:07.000+0000
a3Mbe000000KNF0EAO,RSC-004980,Qualquer,,,Atendimento,a3Nbe000000Q1BlEAK,a3Kbe000000D9M7EAK,a3Obe000000LI0LEAW,,true,2026-06-12T04:00:56.000+0000,2026-06-13T22:14:07.000+0000
a3Mbe000000KNF1EAO,RSC-004981,Qualquer,,,Atendimento,a3Nbe000000Q1BlEAK,a3Kbe000000D9M7EAK,a3Obe000000LI1xEAG,,true,2026-06-12T04:00:56.000+0000,2026-06-13T22:14:07.000+0000
a3Mbe000000KNF2EAO,RSC-004982,Qualquer,,,Atendimento,a3Nbe000000Q1BlEAK,a3Kbe000000D9M7EAK,a3Obe000000LI5BEAW,,true,2026-06-12T04:00:56.000+0000,2026-06-13T22:14:07.000+0000
a3Mbe000000KNF3EAO,RSC-004983,Qualquer,,,Atendimento,a3Nbe000000Q1BlEAK,a3Kbe000000D9M8EAK,a3Obe000000LHyjEAG,,true,2026-06-12T04:00:56.000+0000,2026-06-13T22:14:07.000+0000
a3Mbe000000KNF4EAO,RSC-004984,Qualquer,,,Atendimento,a3Nbe000000Q1BlEAK,a3Kbe000000D9M8EAK,a3Obe000000LI0LEAW,,true,2026-06-12T04:00:56.000+0000,2026-06-13T22:14:07.000+0000
a3Mbe000000KNF5EAO,RSC-004985,Qualquer,,,Atendimento,a3Nbe000000Q1BlEAK,a3Kbe000000D9M8EAK,a3Obe000000LI1xEAG,,true,2026-06-12T04:00:56.000+0000,2026-06-13T22:14:07.000+0000
a3Mbe000000KNF6EAO,RSC-004986,Qualquer,,,Atendimento,a3Nbe000000Q1BlEAK,a3Kbe000000D9M8EAK,a3Obe000000LI5BEAW,,true,2026-06-12T04:00:56.000+0000,2026-06-13T22:14:07.000+0000
a3Mbe000000KNF7EAO,RSC-004987,Qualquer,,,Atendimento,a3Nbe000000Q1BlEAK,a3Kbe000000D9QTEA0,a3Obe000000LHyjEAG,,true,2026-06-12T04:00:56.000+0000,2026-06-13T22:14:07.000+0000
a3Mbe000000KNF8EAO,RSC-004988,Qualquer,,,Atendimento,a3Nbe000000Q1BlEAK,a3Kbe000000D9QTEA0,a3Obe000000LI0LEAW,,true,2026-06-12T04:00:56.000+0000,2026-06-13T22:14:07.000+0000
a3Mbe000000KNF9EAO,RSC-004989,Qualquer,,,Atendimento,a3Nbe000000Q1BlEAK,a3Kbe000000D9QTEA0,a3Obe000000LI1xEAG,,true,2026-06-12T04:00:56.000+0000,2026-06-13T22:14:07.000+0000
a3Mbe000000KNFAEA4,RSC-004990,Qualquer,,,Atendimento,a3Nbe000000Q1BlEAK,a3Kbe000000D9QTEA0,a3Obe000000LI5BEAW,,true,2026-06-12T04:00:56.000+0000,2026-06-13T22:14:07.000+0000
a3Mbe000000KNFBEA4,RSC-004991,Qualquer,,,Atendimento,a3Nbe000000Q1BlEAK,a3Kbe000000D9QUEA0,a3Obe000000LHyjEAG,,true,2026-06-12T04:00:56.000+0000,2026-06-13T22:14:07.000+0000
a3Mbe000000KNFCEA4,RSC-004992,Qualquer,,,Atendimento,a3Nbe000000Q1BlEAK,a3Kbe000000D9QUEA0,a3Obe000000LI0LEAW,,true,2026-06-12T04:00:56.000+0000,2026-06-13T22:14:07.000+0000
a3Mbe000000KNFDEA4,RSC-004993,Qualquer,,,Atendimento,a3Nbe000000Q1BlEAK,a3Kbe000000D9QUEA0,a3Obe000000LI1xEAG,,true,2026-06-12T04:00:56.000+0000,2026-06-13T22:14:07.000+0000
a3Mbe000000KNFEEA4,RSC-004994,Qualquer,,,Atendimento,a3Nbe000000Q1BlEAK,a3Kbe000000D9QUEA0,a3Obe000000LI5BEAW,,true,2026-06-12T04:00:56.000+0000,2026-06-13T22:14:07.000+0000
a3Mbe000000KNFFEA4,RSC-004995,Qualquer,,,Atendimento,a3Nbe000000Q1BlEAK,a3Kbe000000D9QVEA0,a3Obe000000LHyjEAG,,true,2026-06-12T04:00:56.000+0000,2026-06-13T22:14:07.000+0000
a3Mbe000000KNFGEA4,RSC-004996,Qualquer,,,Atendimento,a3Nbe000000Q1BlEAK,a3Kbe000000D9QVEA0,a3Obe000000LI0LEAW,,true,2026-06-12T04:00:56.000+0000,2026-06-13T22:14:07.000+0000
a3Mbe000000KNFHEA4,RSC-004997,Qualquer,,,Atendimento,a3Nbe000000Q1BlEAK,a3Kbe000000D9QVEA0,a3Obe000000LI1xEAG,,true,2026-06-12T04:00:56.000+0000,2026-06-13T22:14:07.000+0000
a3Mbe000000KNFIEA4,RSC-004998,Qualquer,,,Atendimento,a3Nbe000000Q1BlEAK,a3Kbe000000D9QVEA0,a3Obe000000LI5BEAW,,true,2026-06-12T04:00:56.000+0000,2026-06-13T22:14:07.000+0000
a3Mbe000000KNFJEA4,RSC-004999,Qualquer,,,Atendimento,a3Nbe000000Q1BlEAK,a3Kbe000000D9QWEA0,a3Obe000000LHyjEAG,,true,2026-06-12T04:00:56.000+0000,2026-06-13T22:14:07.000+0000
a3Mbe000000KNFKEA4,RSC-005000,Qualquer,,,Atendimento,a3Nbe000000Q1BlEAK,a3Kbe000000D9QWEA0,a3Obe000000LI0LEAW,,true,2026-06-12T04:00:56.000+0000,2026-06-13T22:14:07.000+0000
a3Mbe000000KNFLEA4,RSC-005001,Qualquer,,,Atendimento,a3Nbe000000Q1BlEAK,a3Kbe000000D9QWEA0,a3Obe000000LI1xEAG,,true,2026-06-12T04:00:56.000+0000,2026-06-13T22:14:07.000+0000
a3Mbe000000KNFMEA4,RSC-005002,Qualquer,,,Atendimento,a3Nbe000000Q1BlEAK,a3Kbe000000D9QWEA0,a3Obe000000LI5BEAW,,true,2026-06-12T04:00:56.000+0000,2026-06-13T22:14:07.000+0000
a3Mbe000000KNFNEA4,RSC-005003,Qualquer,,,Atendimento,a3Nbe000000Q1BlEAK,a3Kbe000000D9QXEA0,a3Obe000000LHyjEAG,,true,2026-06-12T04:00:56.000+0000,2026-06-13T22:14:07.000+0000
a3Mbe000000KNFOEA4,RSC-005004,Qualquer,,,Atendimento,a3Nbe000000Q1BlEAK,a3Kbe000000D9QXEA0,a3Obe000000LI0LEAW,,true,2026-06-12T04:00:56.000+0000,2026-06-13T22:14:07.000+0000
a3Mbe000000KNFPEA4,RSC-005005,Qualquer,,,Atendimento,a3Nbe000000Q1BlEAK,a3Kbe000000D9QXEA0,a3Obe000000LI1xEAG,,true,2026-06-12T04:00:56.000+0000,2026-06-13T22:14:07.000+0000
a3Mbe000000KNFQEA4,RSC-005006,Qualquer,,,Atendimento,a3Nbe000000Q1BlEAK,a3Kbe000000D9QXEA0,a3Obe000000LI5BEAW,,true,2026-06-12T04:00:56.000+0000,2026-06-13T22:14:07.000+0000
a3Mbe000000KNFREA4,RSC-005007,Qualquer,,,Atendimento,a3Nbe000000Q1BlEAK,a3Kbe000000D9M9EAK,a3Obe000000LHyjEAG,,true,2026-06-12T04:00:56.000+0000,2026-06-13T22:14:07.000+0000
a3Mbe000000KNFSEA4,RSC-005008,Qualquer,,,Atendimento,a3Nbe000000Q1BlEAK,a3Kbe000000D9M9EAK,a3Obe000000LI0LEAW,,true,2026-06-12T04:00:56.000+0000,2026-06-13T22:14:07.000+0000
a3Mbe000000KNFTEA4,RSC-005009,Qualquer,,,Atendimento,a3Nbe000000Q1BlEAK,a3Kbe000000D9M9EAK,a3Obe000000LI1xEAG,,true,2026-06-12T04:00:56.000+0000,2026-06-13T22:14:07.000+0000
a3Mbe000000KNFUEA4,RSC-005010,Qualquer,,,Atendimento,a3Nbe000000Q1BlEAK,a3Kbe000000D9M9EAK,a3Obe000000LI5BEAW,,true,2026-06-12T04:00:56.000+0000,2026-06-13T22:14:07.000+0000
a3Mbe000000KNFVEA4,RSC-005011,Qualquer,,,Atendimento,a3Nbe000000Q1BlEAK,a3Kbe000000D9MAEA0,a3Obe000000LHyjEAG,,true,2026-06-12T04:00:56.000+0000,2026-06-13T22:14:07.000+0000
a3Mbe000000KNFWEA4,RSC-005012,Qualquer,,,Atendimento,a3Nbe000000Q1BlEAK,a3Kbe000000D9MAEA0,a3Obe000000LI0LEAW,,true,2026-06-12T04:00:56.000+0000,2026-06-13T22:14:07.000+0000
a3Mbe000000KNFXEA4,RSC-005013,Qualquer,,,Atendimento,a3Nbe000000Q1BlEAK,a3Kbe000000D9MAEA0,a3Obe000000LI1xEAG,,true,2026-06-12T04:00:56.000+0000,2026-06-13T22:14:07.000+0000
a3Mbe000000KNFYEA4,RSC-005014,Qualquer,,,Atendimento,a3Nbe000000Q1BlEAK,a3Kbe000000D9MAEA0,a3Obe000000LI5BEAW,,true,2026-06-12T04:00:56.000+0000,2026-06-13T22:14:07.000+0000
a3Mbe000000KNFZEA4,RSC-005015,Qualquer,,,Atendimento,a3Nbe000000Q1BlEAK,a3Kbe000000D9MBEA0,a3Obe000000LHyjEAG,,true,2026-06-12T04:00:56.000+0000,2026-06-13T22:14:07.000+0000
a3Mbe000000KNFaEAO,RSC-005016,Qualquer,,,Atendimento,a3Nbe000000Q1BlEAK,a3Kbe000000D9MBEA0,a3Obe000000LI0LEAW,,true,2026-06-12T04:00:56.000+0000,2026-06-13T22:14:07.000+0000
a3Mbe000000KNFbEAO,RSC-005017,Qualquer,,,Atendimento,a3Nbe000000Q1BlEAK,a3Kbe000000D9MBEA0,a3Obe000000LI1xEAG,,true,2026-06-12T04:00:56.000+0000,2026-06-13T22:14:07.000+0000
a3Mbe000000KNFcEAO,RSC-005018,Qualquer,,,Atendimento,a3Nbe000000Q1BlEAK,a3Kbe000000D9MBEA0,a3Obe000000LI5BEAW,,true,2026-06-12T04:00:56.000+0000,2026-06-13T22:14:07.000+0000
a3Mbe000000KNFdEAO,RSC-005019,Qualquer,,,Atendimento,a3Nbe000000Q1BlEAK,a3Kbe000000D9MCEA0,a3Obe000000LHyjEAG,,true,2026-06-12T04:00:56.000+0000,2026-06-13T22:14:07.000+0000
a3Mbe000000KNFeEAO,RSC-005020,Qualquer,,,Atendimento,a3Nbe000000Q1BlEAK,a3Kbe000000D9MCEA0,a3Obe000000LI0LEAW,,true,2026-06-12T04:00:56.000+0000,2026-06-13T22:14:07.000+0000
a3Mbe000000KNFfEAO,RSC-005021,Qualquer,,,Atendimento,a3Nbe000000Q1BlEAK,a3Kbe000000D9MCEA0,a3Obe000000LI1xEAG,,true,2026-06-12T04:00:56.000+0000,2026-06-13T22:14:07.000+0000
a3Mbe000000KNFgEAO,RSC-005022,Qualquer,,,Atendimento,a3Nbe000000Q1BlEAK,a3Kbe000000D9MCEA0,a3Obe000000LI5BEAW,,true,2026-06-12T04:00:56.000+0000,2026-06-13T22:14:07.000+0000
a3Mbe000000KNFhEAO,RSC-005023,Qualquer,,,Atendimento,a3Nbe000000Q1BlEAK,a3Kbe000000D9QYEA0,a3Obe000000LHyjEAG,,true,2026-06-12T04:00:56.000+0000,2026-06-13T22:14:07.000+0000
a3Mbe000000KNFiEAO,RSC-005024,Qualquer,,,Atendimento,a3Nbe000000Q1BlEAK,a3Kbe000000D9QYEA0,a3Obe000000LI0LEAW,,true,2026-06-12T04:00:56.000+0000,2026-06-13T22:14:07.000+0000
a3Mbe000000KNFjEAO,RSC-005025,Qualquer,,,Atendimento,a3Nbe000000Q1BlEAK,a3Kbe000000D9QYEA0,a3Obe000000LI1xEAG,,true,2026-06-12T04:00:56.000+0000,2026-06-13T22:14:07.000+0000
a3Mbe000000KNFkEAO,RSC-005026,Qualquer,,,Atendimento,a3Nbe000000Q1BlEAK,a3Kbe000000D9QYEA0,a3Obe000000LI5BEAW,,true,2026-06-12T04:00:56.000+0000,2026-06-13T22:14:07.000+0000
a3Mbe000000KNFlEAO,RSC-005027,Qualquer,,,Atendimento,a3Nbe000000Q1BlEAK,a3Kbe000000D9MDEA0,a3Obe000000LHyjEAG,,true,2026-06-12T04:00:56.000+0000,2026-06-13T22:14:07.000+0000
a3Mbe000000KNFmEAO,RSC-005028,Qualquer,,,Atendimento,a3Nbe000000Q1BlEAK,a3Kbe000000D9MDEA0,a3Obe000000LI0LEAW,,true,2026-06-12T04:00:56.000+0000,2026-06-13T22:14:07.000+0000
a3Mbe000000KNFnEAO,RSC-005029,Qualquer,,,Atendimento,a3Nbe000000Q1BlEAK,a3Kbe000000D9MDEA0,a3Obe000000LI1xEAG,,true,2026-06-12T04:00:56.000+0000,2026-06-13T22:14:07.000+0000
a3Mbe000000KNFoEAO,RSC-005030,Qualquer,,,Atendimento,a3Nbe000000Q1BlEAK,a3Kbe000000D9MDEA0,a3Obe000000LI5BEAW,,true,2026-06-12T04:00:56.000+0000,2026-06-13T22:14:07.000+0000
a3Mbe000000KNFpEAO,RSC-005031,Qualquer,,,Atendimento,a3Nbe000000Q1BlEAK,a3Kbe000000D9MEEA0,a3Obe000000LHyjEAG,,true,2026-06-12T04:00:56.000+0000,2026-06-13T22:14:07.000+0000
a3Mbe000000KNFqEAO,RSC-005032,Qualquer,,,Atendimento,a3Nbe000000Q1BlEAK,a3Kbe000000D9MEEA0,a3Obe000000LI0LEAW,,true,2026-06-12T04:00:56.000+0000,2026-06-13T22:14:07.000+0000
a3Mbe000000KNFrEAO,RSC-005033,Qualquer,,,Atendimento,a3Nbe000000Q1BlEAK,a3Kbe000000D9MEEA0,a3Obe000000LI1xEAG,,true,2026-06-12T04:00:56.000+0000,2026-06-13T22:14:07.000+0000
a3Mbe000000KNFsEAO,RSC-005034,Qualquer,,,Atendimento,a3Nbe000000Q1BlEAK,a3Kbe000000D9MEEA0,a3Obe000000LI5BEAW,,true,2026-06-12T04:00:56.000+0000,2026-06-13T22:14:07.000+0000
a3Mbe000000KNFtEAO,RSC-005035,Qualquer,,,Atendimento,a3Nbe000000Q1BlEAK,a3Kbe000000D9QZEA0,a3Obe000000LHyjEAG,,true,2026-06-12T04:00:56.000+0000,2026-06-13T22:14:07.000+0000
a3Mbe000000KNFuEAO,RSC-005036,Qualquer,,,Atendimento,a3Nbe000000Q1BlEAK,a3Kbe000000D9QZEA0,a3Obe000000LI0LEAW,,true,2026-06-12T04:00:56.000+0000,2026-06-13T22:14:07.000+0000
a3Mbe000000KNFvEAO,RSC-005037,Qualquer,,,Atendimento,a3Nbe000000Q1BlEAK,a3Kbe000000D9QZEA0,a3Obe000000LI1xEAG,,true,2026-06-12T04:00:56.000+0000,2026-06-13T22:14:07.000+0000
a3Mbe000000KNFwEAO,RSC-005038,Qualquer,,,Atendimento,a3Nbe000000Q1BlEAK,a3Kbe000000D9QZEA0,a3Obe000000LI5BEAW,,true,2026-06-12T04:00:56.000+0000,2026-06-13T22:14:07.000+0000
a3Mbe000000KNFxEAO,RSC-005039,Qualquer,,,Atendimento,a3Nbe000000Q1BlEAK,a3Kbe000000D9QaEAK,a3Obe000000LHyjEAG,,true,2026-06-12T04:00:56.000+0000,2026-06-13T22:14:07.000+0000
a3Mbe000000KNFyEAO,RSC-005040,Qualquer,,,Atendimento,a3Nbe000000Q1BlEAK,a3Kbe000000D9QaEAK,a3Obe000000LI0LEAW,,true,2026-06-12T04:00:56.000+0000,2026-06-13T22:14:07.000+0000
a3Mbe000000KNFzEAO,RSC-005041,Qualquer,,,Atendimento,a3Nbe000000Q1BlEAK,a3Kbe000000D9QaEAK,a3Obe000000LI1xEAG,,true,2026-06-12T04:00:56.000+0000,2026-06-13T22:14:07.000+0000
a3Mbe000000KNG0EAO,RSC-005042,Qualquer,,,Atendimento,a3Nbe000000Q1BlEAK,a3Kbe000000D9QaEAK,a3Obe000000LI5BEAW,,true,2026-06-12T04:00:56.000+0000,2026-06-13T22:14:07.000+0000
a3Mbe000000KNG1EAO,RSC-005043,Qualquer,,,Atendimento,a3Nbe000000Q1BlEAK,a3Kbe000000D9QbEAK,a3Obe000000LHyjEAG,,true,2026-06-12T04:00:56.000+0000,2026-06-13T22:14:07.000+0000
a3Mbe000000KNG2EAO,RSC-005044,Qualquer,,,Atendimento,a3Nbe000000Q1BlEAK,a3Kbe000000D9QbEAK,a3Obe000000LI0LEAW,,true,2026-06-12T04:00:56.000+0000,2026-06-13T22:14:07.000+0000
a3Mbe000000KNG3EAO,RSC-005045,Qualquer,,,Atendimento,a3Nbe000000Q1BlEAK,a3Kbe000000D9QbEAK,a3Obe000000LI1xEAG,,true,2026-06-12T04:00:56.000+0000,2026-06-13T22:14:07.000+0000
a3Mbe000000KNG4EAO,RSC-005046,Qualquer,,,Atendimento,a3Nbe000000Q1BlEAK,a3Kbe000000D9QbEAK,a3Obe000000LI5BEAW,,true,2026-06-12T04:00:56.000+0000,2026-06-13T22:14:07.000+0000
a3Mbe000000KNG5EAO,RSC-005047,Qualquer,,,Atendimento,a3Nbe000000Q1BlEAK,a3Kbe000000D9QcEAK,a3Obe000000LHyjEAG,,true,2026-06-12T04:00:56.000+0000,2026-06-13T22:14:07.000+0000
a3Mbe000000KNG6EAO,RSC-005048,Qualquer,,,Atendimento,a3Nbe000000Q1BlEAK,a3Kbe000000D9QcEAK,a3Obe000000LI0LEAW,,true,2026-06-12T04:00:56.000+0000,2026-06-13T22:14:07.000+0000
a3Mbe000000KNG7EAO,RSC-005049,Qualquer,,,Atendimento,a3Nbe000000Q1BlEAK,a3Kbe000000D9QcEAK,a3Obe000000LI1xEAG,,true,2026-06-12T04:00:56.000+0000,2026-06-13T22:14:07.000+0000
a3Mbe000000KNG8EAO,RSC-005050,Qualquer,,,Atendimento,a3Nbe000000Q1BlEAK,a3Kbe000000D9QcEAK,a3Obe000000LI5BEAW,,true,2026-06-12T04:00:56.000+0000,2026-06-13T22:14:07.000+0000
a3Mbe000000KNG9EAO,RSC-005051,Qualquer,,,Atendimento,a3Nbe000000Q1BlEAK,a3Kbe000000D9QdEAK,a3Obe000000LHyjEAG,,true,2026-06-12T04:00:56.000+0000,2026-06-13T22:14:07.000+0000
a3Mbe000000KNGAEA4,RSC-005052,Qualquer,,,Atendimento,a3Nbe000000Q1BlEAK,a3Kbe000000D9QdEAK,a3Obe000000LI0LEAW,,true,2026-06-12T04:00:56.000+0000,2026-06-13T22:14:07.000+0000
a3Mbe000000KNGBEA4,RSC-005053,Qualquer,,,Atendimento,a3Nbe000000Q1BlEAK,a3Kbe000000D9QdEAK,a3Obe000000LI1xEAG,,true,2026-06-12T04:00:56.000+0000,2026-06-13T22:14:07.000+0000
a3Mbe000000KNGCEA4,RSC-005054,Qualquer,,,Atendimento,a3Nbe000000Q1BlEAK,a3Kbe000000D9QdEAK,a3Obe000000LI5BEAW,,true,2026-06-12T04:00:56.000+0000,2026-06-13T22:14:07.000+0000
a3Mbe000000KNGDEA4,RSC-005055,Qualquer,,,Atendimento,a3Nbe000000Q1BlEAK,a3Kbe000000D9QeEAK,a3Obe000000LHyjEAG,,true,2026-06-12T04:00:56.000+0000,2026-06-13T22:14:07.000+0000
a3Mbe000000KNGEEA4,RSC-005056,Qualquer,,,Atendimento,a3Nbe000000Q1BlEAK,a3Kbe000000D9QeEAK,a3Obe000000LI0LEAW,,true,2026-06-12T04:00:56.000+0000,2026-06-13T22:14:07.000+0000
a3Mbe000000KNGFEA4,RSC-005057,Qualquer,,,Atendimento,a3Nbe000000Q1BlEAK,a3Kbe000000D9QeEAK,a3Obe000000LI1xEAG,,true,2026-06-12T04:00:56.000+0000,2026-06-13T22:14:07.000+0000
a3Mbe000000KNGGEA4,RSC-005058,Qualquer,,,Atendimento,a3Nbe000000Q1BlEAK,a3Kbe000000D9QeEAK,a3Obe000000LI5BEAW,,true,2026-06-12T04:00:56.000+0000,2026-06-13T22:14:07.000+0000
a3Mbe000000KNGHEA4,RSC-005059,Qualquer,,,Atendimento,a3Nbe000000Q1BlEAK,a3Kbe000000D9QfEAK,a3Obe000000LHyjEAG,,true,2026-06-12T04:00:56.000+0000,2026-06-13T22:14:07.000+0000
a3Mbe000000KNGIEA4,RSC-005060,Qualquer,,,Atendimento,a3Nbe000000Q1BlEAK,a3Kbe000000D9QfEAK,a3Obe000000LI0LEAW,,true,2026-06-12T04:00:56.000+0000,2026-06-13T22:14:07.000+0000
a3Mbe000000KNGJEA4,RSC-005061,Qualquer,,,Atendimento,a3Nbe000000Q1BlEAK,a3Kbe000000D9QfEAK,a3Obe000000LI1xEAG,,true,2026-06-12T04:00:56.000+0000,2026-06-13T22:14:07.000+0000
a3Mbe000000KNGKEA4,RSC-005062,Qualquer,,,Atendimento,a3Nbe000000Q1BlEAK,a3Kbe000000D9QfEAK,a3Obe000000LI5BEAW,,true,2026-06-12T04:00:56.000+0000,2026-06-13T22:14:07.000+0000
a3Mbe000000KNGLEA4,RSC-005063,Qualquer,,,Atendimento,a3Nbe000000Q1BlEAK,a3Kbe000000D9QgEAK,a3Obe000000LHyjEAG,,true,2026-06-12T04:00:56.000+0000,2026-06-13T22:14:07.000+0000
a3Mbe000000KNGMEA4,RSC-005064,Qualquer,,,Atendimento,a3Nbe000000Q1BlEAK,a3Kbe000000D9QgEAK,a3Obe000000LI0LEAW,,true,2026-06-12T04:00:56.000+0000,2026-06-13T22:14:07.000+0000
a3Mbe000000KNGNEA4,RSC-005065,Qualquer,,,Atendimento,a3Nbe000000Q1BlEAK,a3Kbe000000D9QgEAK,a3Obe000000LI1xEAG,,true,2026-06-12T04:00:56.000+0000,2026-06-13T22:14:07.000+0000
a3Mbe000000KNGOEA4,RSC-005066,Qualquer,,,Atendimento,a3Nbe000000Q1BlEAK,a3Kbe000000D9QgEAK,a3Obe000000LI5BEAW,,true,2026-06-12T04:00:56.000+0000,2026-06-13T22:14:07.000+0000
a3Mbe000000KNGPEA4,RSC-005067,Qualquer,,,Atendimento,a3Nbe000000Q1BlEAK,a3Kbe000000D9QhEAK,a3Obe000000LHyjEAG,,true,2026-06-12T04:00:56.000+0000,2026-06-13T22:14:07.000+0000
a3Mbe000000KNGQEA4,RSC-005068,Qualquer,,,Atendimento,a3Nbe000000Q1BlEAK,a3Kbe000000D9QhEAK,a3Obe000000LI0LEAW,,true,2026-06-12T04:00:56.000+0000,2026-06-13T22:14:07.000+0000
a3Mbe000000KNGREA4,RSC-005069,Qualquer,,,Atendimento,a3Nbe000000Q1BlEAK,a3Kbe000000D9QhEAK,a3Obe000000LI1xEAG,,true,2026-06-12T04:00:56.000+0000,2026-06-13T22:14:07.000+0000
a3Mbe000000KNGSEA4,RSC-005070,Qualquer,,,Atendimento,a3Nbe000000Q1BlEAK,a3Kbe000000D9QhEAK,a3Obe000000LI5BEAW,,true,2026-06-12T04:00:56.000+0000,2026-06-13T22:14:07.000+0000
a3Mbe000000KNGTEA4,RSC-005071,Qualquer,,,Atendimento,a3Nbe000000Q1BlEAK,a3Kbe000000D9QiEAK,a3Obe000000LHyjEAG,,true,2026-06-12T04:00:56.000+0000,2026-06-13T22:14:07.000+0000
a3Mbe000000KNGUEA4,RSC-005072,Qualquer,,,Atendimento,a3Nbe000000Q1BlEAK,a3Kbe000000D9QiEAK,a3Obe000000LI0LEAW,,true,2026-06-12T04:00:56.000+0000,2026-06-13T22:14:07.000+0000
a3Mbe000000KNGVEA4,RSC-005073,Qualquer,,,Atendimento,a3Nbe000000Q1BlEAK,a3Kbe000000D9QiEAK,a3Obe000000LI1xEAG,,true,2026-06-12T04:00:56.000+0000,2026-06-13T22:14:07.000+0000
a3Mbe000000KNGWEA4,RSC-005074,Qualquer,,,Atendimento,a3Nbe000000Q1BlEAK,a3Kbe000000D9QiEAK,a3Obe000000LI5BEAW,,true,2026-06-12T04:00:56.000+0000,2026-06-13T22:14:07.000+0000
a3Mbe000000KNGXEA4,RSC-005075,Qualquer,,,Atendimento,a3Nbe000000Q1BlEAK,a3Kbe000000D9QjEAK,a3Obe000000LHyjEAG,,true,2026-06-12T04:00:56.000+0000,2026-06-13T22:14:07.000+0000
a3Mbe000000KNGYEA4,RSC-005076,Qualquer,,,Atendimento,a3Nbe000000Q1BlEAK,a3Kbe000000D9QjEAK,a3Obe000000LI0LEAW,,true,2026-06-12T04:00:56.000+0000,2026-06-13T22:14:07.000+0000
a3Mbe000000KNGZEA4,RSC-005077,Qualquer,,,Atendimento,a3Nbe000000Q1BlEAK,a3Kbe000000D9QjEAK,a3Obe000000LI1xEAG,,true,2026-06-12T04:00:56.000+0000,2026-06-13T22:14:07.000+0000
a3Mbe000000KNGaEAO,RSC-005078,Qualquer,,,Atendimento,a3Nbe000000Q1BlEAK,a3Kbe000000D9QjEAK,a3Obe000000LI5BEAW,,true,2026-06-12T04:00:56.000+0000,2026-06-13T22:14:07.000+0000
a3Mbe000000KNGbEAO,RSC-005079,Qualquer,,,Atendimento,a3Nbe000000Q1BlEAK,a3Kbe000000D9QkEAK,a3Obe000000LHyjEAG,,true,2026-06-12T04:00:56.000+0000,2026-06-13T22:14:07.000+0000
a3Mbe000000KNGcEAO,RSC-005080,Qualquer,,,Atendimento,a3Nbe000000Q1BlEAK,a3Kbe000000D9QkEAK,a3Obe000000LI0LEAW,,true,2026-06-12T04:00:56.000+0000,2026-06-13T22:14:07.000+0000
a3Mbe000000KNGdEAO,RSC-005081,Qualquer,,,Atendimento,a3Nbe000000Q1BlEAK,a3Kbe000000D9QkEAK,a3Obe000000LI1xEAG,,true,2026-06-12T04:00:56.000+0000,2026-06-13T22:14:07.000+0000
a3Mbe000000KNGeEAO,RSC-005082,Qualquer,,,Atendimento,a3Nbe000000Q1BlEAK,a3Kbe000000D9QkEAK,a3Obe000000LI5BEAW,,true,2026-06-12T04:00:56.000+0000,2026-06-13T22:14:07.000+0000
a3Mbe000000KNGfEAO,RSC-005083,Qualquer,,,Atendimento,a3Nbe000000Q1BlEAK,a3Kbe000000D9QlEAK,a3Obe000000LHyjEAG,,true,2026-06-12T04:00:56.000+0000,2026-06-13T22:14:07.000+0000
a3Mbe000000KNGgEAO,RSC-005084,Qualquer,,,Atendimento,a3Nbe000000Q1BlEAK,a3Kbe000000D9QlEAK,a3Obe000000LI0LEAW,,true,2026-06-12T04:00:56.000+0000,2026-06-13T22:14:07.000+0000
a3Mbe000000KNGhEAO,RSC-005085,Qualquer,,,Atendimento,a3Nbe000000Q1BlEAK,a3Kbe000000D9QlEAK,a3Obe000000LI1xEAG,,true,2026-06-12T04:00:56.000+0000,2026-06-13T22:14:07.000+0000
a3Mbe000000KNGiEAO,RSC-005086,Qualquer,,,Atendimento,a3Nbe000000Q1BlEAK,a3Kbe000000D9QlEAK,a3Obe000000LI5BEAW,,true,2026-06-12T04:00:56.000+0000,2026-06-13T22:14:07.000+0000
a3Mbe000000KNGjEAO,RSC-005087,Qualquer,,,Atendimento,a3Nbe000000Q1BlEAK,a3Kbe000000D9QmEAK,a3Obe000000LHyjEAG,,true,2026-06-12T04:00:56.000+0000,2026-06-13T22:14:07.000+0000
a3Mbe000000KNGkEAO,RSC-005088,Qualquer,,,Atendimento,a3Nbe000000Q1BlEAK,a3Kbe000000D9QmEAK,a3Obe000000LI0LEAW,,true,2026-06-12T04:00:56.000+0000,2026-06-13T22:14:07.000+0000
a3Mbe000000KNGlEAO,RSC-005089,Qualquer,,,Atendimento,a3Nbe000000Q1BlEAK,a3Kbe000000D9QmEAK,a3Obe000000LI1xEAG,,true,2026-06-12T04:00:56.000+0000,2026-06-13T22:14:07.000+0000
a3Mbe000000KNGmEAO,RSC-005090,Qualquer,,,Atendimento,a3Nbe000000Q1BlEAK,a3Kbe000000D9QmEAK,a3Obe000000LI5BEAW,,true,2026-06-12T04:00:56.000+0000,2026-06-13T22:14:07.000+0000
a3Mbe000000KNGnEAO,RSC-005091,Qualquer,,,Atendimento,a3Nbe000000Q1BlEAK,a3Kbe000000D9QnEAK,a3Obe000000LHyjEAG,,true,2026-06-12T04:00:56.000+0000,2026-06-13T22:14:07.000+0000
a3Mbe000000KNGoEAO,RSC-005092,Qualquer,,,Atendimento,a3Nbe000000Q1BlEAK,a3Kbe000000D9QnEAK,a3Obe000000LI0LEAW,,true,2026-06-12T04:00:56.000+0000,2026-06-13T22:14:07.000+0000
a3Mbe000000KNGpEAO,RSC-005093,Qualquer,,,Atendimento,a3Nbe000000Q1BlEAK,a3Kbe000000D9QnEAK,a3Obe000000LI1xEAG,,true,2026-06-12T04:00:56.000+0000,2026-06-13T22:14:07.000+0000
a3Mbe000000KNGqEAO,RSC-005094,Qualquer,,,Atendimento,a3Nbe000000Q1BlEAK,a3Kbe000000D9QnEAK,a3Obe000000LI5BEAW,,true,2026-06-12T04:00:56.000+0000,2026-06-13T22:14:07.000+0000
a3Mbe000000KNGrEAO,RSC-005095,Qualquer,,,Atendimento,a3Nbe000000Q1BlEAK,a3Kbe000000D9QoEAK,a3Obe000000LHyjEAG,,true,2026-06-12T04:00:56.000+0000,2026-06-13T22:14:07.000+0000
a3Mbe000000KNGsEAO,RSC-005096,Qualquer,,,Atendimento,a3Nbe000000Q1BlEAK,a3Kbe000000D9QoEAK,a3Obe000000LI0LEAW,,true,2026-06-12T04:00:56.000+0000,2026-06-13T22:14:07.000+0000
a3Mbe000000KNGtEAO,RSC-005097,Qualquer,,,Atendimento,a3Nbe000000Q1BlEAK,a3Kbe000000D9QoEAK,a3Obe000000LI1xEAG,,true,2026-06-12T04:00:56.000+0000,2026-06-13T22:14:07.000+0000
a3Mbe000000KNGuEAO,RSC-005098,Qualquer,,,Atendimento,a3Nbe000000Q1BlEAK,a3Kbe000000D9QoEAK,a3Obe000000LI5BEAW,,true,2026-06-12T04:00:56.000+0000,2026-06-13T22:14:07.000+0000
a3Mbe000000KNGvEAO,RSC-005099,Qualquer,,,Atendimento,a3Nbe000000Q1BlEAK,a3Kbe000000D9QpEAK,a3Obe000000LHyjEAG,,true,2026-06-12T04:00:56.000+0000,2026-06-13T22:14:07.000+0000
a3Mbe000000KNGwEAO,RSC-005100,Qualquer,,,Atendimento,a3Nbe000000Q1BlEAK,a3Kbe000000D9QpEAK,a3Obe000000LI0LEAW,,true,2026-06-12T04:00:56.000+0000,2026-06-13T22:14:07.000+0000
a3Mbe000000KNGxEAO,RSC-005101,Qualquer,,,Atendimento,a3Nbe000000Q1BlEAK,a3Kbe000000D9QpEAK,a3Obe000000LI5BEAW,,true,2026-06-12T04:00:56.000+0000,2026-06-13T22:14:07.000+0000
a3Mbe000000KNGyEAO,RSC-005102,Qualquer,,,Atendimento,a3Nbe000000Q1BlEAK,a3Kbe000000D9QqEAK,a3Obe000000LHyjEAG,,true,2026-06-12T04:00:56.000+0000,2026-06-13T22:14:07.000+0000
a3Mbe000000KNGzEAO,RSC-005103,Qualquer,,,Atendimento,a3Nbe000000Q1BlEAK,a3Kbe000000D9QqEAK,a3Obe000000LI0LEAW,,true,2026-06-12T04:00:56.000+0000,2026-06-13T22:14:07.000+0000
a3Mbe000000KNH0EAO,RSC-005104,Qualquer,,,Atendimento,a3Nbe000000Q1BlEAK,a3Kbe000000D9QqEAK,a3Obe000000LI1xEAG,,true,2026-06-12T04:00:56.000+0000,2026-06-13T22:14:07.000+0000
a3Mbe000000KNH1EAO,RSC-005105,Qualquer,,,Atendimento,a3Nbe000000Q1BlEAK,a3Kbe000000D9QqEAK,a3Obe000000LI5BEAW,,true,2026-06-12T04:00:56.000+0000,2026-06-13T22:14:07.000+0000
a3Mbe000000KNH2EAO,RSC-005106,Qualquer,,,Atendimento,a3Nbe000000Q1BlEAK,a3Kbe000000D9QrEAK,a3Obe000000LHyjEAG,,true,2026-06-12T04:00:56.000+0000,2026-06-13T22:14:07.000+0000
a3Mbe000000KNH3EAO,RSC-005107,Qualquer,,,Atendimento,a3Nbe000000Q1BlEAK,a3Kbe000000D9QrEAK,a3Obe000000LI0LEAW,,true,2026-06-12T04:00:56.000+0000,2026-06-13T22:14:07.000+0000
a3Mbe000000KNH4EAO,RSC-005108,Qualquer,,,Atendimento,a3Nbe000000Q1BlEAK,a3Kbe000000D9QrEAK,a3Obe000000LI1xEAG,,true,2026-06-12T04:00:56.000+0000,2026-06-13T22:14:07.000+0000
a3Mbe000000KNH5EAO,RSC-005109,Qualquer,,,Atendimento,a3Nbe000000Q1BlEAK,a3Kbe000000D9QrEAK,a3Obe000000LI5BEAW,,true,2026-06-12T04:00:56.000+0000,2026-06-13T22:14:07.000+0000
a3Mbe000000KNH6EAO,RSC-005110,Qualquer,,,Atendimento,a3Nbe000000Q1BlEAK,a3Kbe000000D9QsEAK,a3Obe000000LHyjEAG,,true,2026-06-12T04:00:56.000+0000,2026-06-13T22:14:07.000+0000
a3Mbe000000KNH7EAO,RSC-005111,Qualquer,,,Atendimento,a3Nbe000000Q1BlEAK,a3Kbe000000D9QsEAK,a3Obe000000LI0LEAW,,true,2026-06-12T04:00:56.000+0000,2026-06-13T22:14:07.000+0000
a3Mbe000000KNH8EAO,RSC-005112,Qualquer,,,Atendimento,a3Nbe000000Q1BlEAK,a3Kbe000000D9QsEAK,a3Obe000000LI1xEAG,,true,2026-06-12T04:00:56.000+0000,2026-06-13T22:14:07.000+0000
a3Mbe000000KNH9EAO,RSC-005113,Qualquer,,,Atendimento,a3Nbe000000Q1BlEAK,a3Kbe000000D9QsEAK,a3Obe000000LI5BEAW,,true,2026-06-12T04:00:56.000+0000,2026-06-13T22:14:07.000+0000
a3Mbe000000KNHAEA4,RSC-005114,Qualquer,,,Atendimento,a3Nbe000000Q1BlEAK,a3Kbe000000D9QtEAK,a3Obe000000LHyjEAG,,true,2026-06-12T04:00:56.000+0000,2026-06-13T22:14:07.000+0000
a3Mbe000000KNHBEA4,RSC-005115,Qualquer,,,Atendimento,a3Nbe000000Q1BlEAK,a3Kbe000000D9QtEAK,a3Obe000000LI0LEAW,,true,2026-06-12T04:00:56.000+0000,2026-06-13T22:14:07.000+0000
a3Mbe000000KNHCEA4,RSC-005116,Qualquer,,,Atendimento,a3Nbe000000Q1BlEAK,a3Kbe000000D9QtEAK,a3Obe000000LI1xEAG,,true,2026-06-12T04:00:56.000+0000,2026-06-13T22:14:07.000+0000
a3Mbe000000KNHDEA4,RSC-005117,Qualquer,,,Atendimento,a3Nbe000000Q1BlEAK,a3Kbe000000D9QtEAK,a3Obe000000LI5BEAW,,true,2026-06-12T04:00:56.000+0000,2026-06-13T22:14:07.000+0000
a3Mbe000000KNHEEA4,RSC-005118,Qualquer,,,Atendimento,a3Nbe000000Q1BlEAK,a3Kbe000000D9QuEAK,a3Obe000000LHyjEAG,,true,2026-06-12T04:00:56.000+0000,2026-06-13T22:14:07.000+0000
a3Mbe000000KNHFEA4,RSC-005119,Qualquer,,,Atendimento,a3Nbe000000Q1BlEAK,a3Kbe000000D9QuEAK,a3Obe000000LI0LEAW,,true,2026-06-12T04:00:56.000+0000,2026-06-13T22:14:07.000+0000
a3Mbe000000KNHGEA4,RSC-005120,Qualquer,,,Atendimento,a3Nbe000000Q1BlEAK,a3Kbe000000D9QuEAK,a3Obe000000LI1xEAG,,true,2026-06-12T04:00:56.000+0000,2026-06-13T22:14:07.000+0000
a3Mbe000000KNHHEA4,RSC-005121,Qualquer,,,Atendimento,a3Nbe000000Q1BlEAK,a3Kbe000000D9QuEAK,a3Obe000000LI5BEAW,,true,2026-06-12T04:00:56.000+0000,2026-06-13T22:14:07.000+0000
a3Mbe000000KNHIEA4,RSC-005122,Qualquer,,,Atendimento,a3Nbe000000Q1BlEAK,a3Kbe000000D9QvEAK,a3Obe000000LHyjEAG,,true,2026-06-12T04:00:56.000+0000,2026-06-13T22:14:07.000+0000
a3Mbe000000KNHJEA4,RSC-005123,Qualquer,,,Atendimento,a3Nbe000000Q1BlEAK,a3Kbe000000D9QvEAK,a3Obe000000LI0LEAW,,true,2026-06-12T04:00:56.000+0000,2026-06-13T22:14:07.000+0000
a3Mbe000000KNHKEA4,RSC-005124,Qualquer,,,Atendimento,a3Nbe000000Q1BlEAK,a3Kbe000000D9QvEAK,a3Obe000000LI1xEAG,,true,2026-06-12T04:00:56.000+0000,2026-06-13T22:14:07.000+0000
a3Mbe000000KNHLEA4,RSC-005125,Qualquer,,,Atendimento,a3Nbe000000Q1BlEAK,a3Kbe000000D9QvEAK,a3Obe000000LI5BEAW,,true,2026-06-12T04:00:56.000+0000,2026-06-13T22:14:07.000+0000
a3Mbe000000KNHMEA4,RSC-005126,Qualquer,,,Atendimento,a3Nbe000000Q1BlEAK,a3Kbe000000D9QwEAK,a3Obe000000LHyjEAG,,true,2026-06-12T04:00:56.000+0000,2026-06-13T22:14:07.000+0000
a3Mbe000000KNHNEA4,RSC-005127,Qualquer,,,Atendimento,a3Nbe000000Q1BlEAK,a3Kbe000000D9QwEAK,a3Obe000000LI0LEAW,,true,2026-06-12T04:00:56.000+0000,2026-06-13T22:14:07.000+0000
a3Mbe000000KNHOEA4,RSC-005128,Qualquer,,,Atendimento,a3Nbe000000Q1BlEAK,a3Kbe000000D9QwEAK,a3Obe000000LI1xEAG,,true,2026-06-12T04:00:56.000+0000,2026-06-13T22:14:07.000+0000
a3Mbe000000KNHPEA4,RSC-005129,Qualquer,,,Atendimento,a3Nbe000000Q1BlEAK,a3Kbe000000D9QwEAK,a3Obe000000LI5BEAW,,true,2026-06-12T04:00:56.000+0000,2026-06-13T22:14:07.000+0000
a3Mbe000000KNHQEA4,RSC-005130,Qualquer,,,Atendimento,a3Nbe000000Q1BlEAK,a3Kbe000000D9QxEAK,a3Obe000000LHyjEAG,,true,2026-06-12T04:00:56.000+0000,2026-06-13T22:14:07.000+0000
a3Mbe000000KNHREA4,RSC-005131,Qualquer,,,Atendimento,a3Nbe000000Q1BlEAK,a3Kbe000000D9QxEAK,a3Obe000000LI0LEAW,,true,2026-06-12T04:00:56.000+0000,2026-06-13T22:14:07.000+0000
a3Mbe000000KNHSEA4,RSC-005132,Qualquer,,,Atendimento,a3Nbe000000Q1BlEAK,a3Kbe000000D9QxEAK,a3Obe000000LI1xEAG,,true,2026-06-12T04:00:56.000+0000,2026-06-13T22:14:07.000+0000
a3Mbe000000KNHTEA4,RSC-005133,Qualquer,,,Atendimento,a3Nbe000000Q1BlEAK,a3Kbe000000D9QxEAK,a3Obe000000LI5BEAW,,true,2026-06-12T04:00:56.000+0000,2026-06-13T22:14:07.000+0000
a3Mbe000000KNHUEA4,RSC-005134,Qualquer,,,Atendimento,a3Nbe000000Q1BlEAK,a3Kbe000000D9QyEAK,a3Obe000000LHyjEAG,,true,2026-06-12T04:00:56.000+0000,2026-06-13T22:14:07.000+0000
a3Mbe000000KNHVEA4,RSC-005135,Qualquer,,,Atendimento,a3Nbe000000Q1BlEAK,a3Kbe000000D9QyEAK,a3Obe000000LI0LEAW,,true,2026-06-12T04:00:56.000+0000,2026-06-13T22:14:07.000+0000
a3Mbe000000KNHWEA4,RSC-005136,Qualquer,,,Atendimento,a3Nbe000000Q1BlEAK,a3Kbe000000D9QyEAK,a3Obe000000LI1xEAG,,true,2026-06-12T04:00:56.000+0000,2026-06-13T22:14:07.000+0000
a3Mbe000000KNHXEA4,RSC-005137,Qualquer,,,Atendimento,a3Nbe000000Q1BlEAK,a3Kbe000000D9QyEAK,a3Obe000000LI5BEAW,,true,2026-06-12T04:00:56.000+0000,2026-06-13T22:14:07.000+0000
a3Mbe000000KNHYEA4,RSC-005138,Qualquer,,,Atendimento,a3Nbe000000Q1BlEAK,a3Kbe000000D9QzEAK,a3Obe000000LHyjEAG,,true,2026-06-12T04:00:56.000+0000,2026-06-13T22:14:07.000+0000
a3Mbe000000KNHZEA4,RSC-005139,Qualquer,,,Atendimento,a3Nbe000000Q1BlEAK,a3Kbe000000D9QzEAK,a3Obe000000LI0LEAW,,true,2026-06-12T04:00:56.000+0000,2026-06-13T22:14:07.000+0000
a3Mbe000000KNHaEAO,RSC-005140,Qualquer,,,Atendimento,a3Nbe000000Q1BlEAK,a3Kbe000000D9QzEAK,a3Obe000000LI1xEAG,,true,2026-06-12T04:00:56.000+0000,2026-06-13T22:14:07.000+0000
a3Mbe000000KNHbEAO,RSC-005141,Qualquer,,,Atendimento,a3Nbe000000Q1BlEAK,a3Kbe000000D9QzEAK,a3Obe000000LI5BEAW,,true,2026-06-12T04:00:56.000+0000,2026-06-13T22:14:07.000+0000
a3Mbe000000KNHcEAO,RSC-005142,Qualquer,,,Atendimento,a3Nbe000000Q1BlEAK,a3Kbe000000D9R0EAK,a3Obe000000LHyjEAG,,true,2026-06-12T04:00:56.000+0000,2026-06-13T22:14:07.000+0000
a3Mbe000000KNHdEAO,RSC-005143,Qualquer,,,Atendimento,a3Nbe000000Q1BlEAK,a3Kbe000000D9R0EAK,a3Obe000000LI0LEAW,,true,2026-06-12T04:00:56.000+0000,2026-06-13T22:14:07.000+0000
a3Mbe000000KNHeEAO,RSC-005144,Qualquer,,,Atendimento,a3Nbe000000Q1BlEAK,a3Kbe000000D9R0EAK,a3Obe000000LI1xEAG,,true,2026-06-12T04:00:56.000+0000,2026-06-13T22:14:07.000+0000
a3Mbe000000KNHfEAO,RSC-005145,Qualquer,,,Atendimento,a3Nbe000000Q1BlEAK,a3Kbe000000D9R0EAK,a3Obe000000LI5BEAW,,true,2026-06-12T04:00:56.000+0000,2026-06-13T22:14:07.000+0000
a3Mbe000000KNHgEAO,RSC-005146,Qualquer,,,Atendimento,a3Nbe000000Q1BlEAK,a3Kbe000000D9R1EAK,a3Obe000000LHyjEAG,,true,2026-06-12T04:00:56.000+0000,2026-06-13T22:14:07.000+0000
a3Mbe000000KNHhEAO,RSC-005147,Qualquer,,,Atendimento,a3Nbe000000Q1BlEAK,a3Kbe000000D9R1EAK,a3Obe000000LI0LEAW,,true,2026-06-12T04:00:56.000+0000,2026-06-13T22:14:07.000+0000
a3Mbe000000KNHiEAO,RSC-005148,Qualquer,,,Atendimento,a3Nbe000000Q1BlEAK,a3Kbe000000D9R1EAK,a3Obe000000LI1xEAG,,true,2026-06-12T04:00:56.000+0000,2026-06-13T22:14:07.000+0000
a3Mbe000000KNHjEAO,RSC-005149,Qualquer,,,Atendimento,a3Nbe000000Q1BlEAK,a3Kbe000000D9R1EAK,a3Obe000000LI5BEAW,,true,2026-06-12T04:00:56.000+0000,2026-06-13T22:14:07.000+0000
a3Mbe000000KNHkEAO,RSC-005150,Qualquer,,,Atendimento,a3Nbe000000Q1BlEAK,a3Kbe000000D9R2EAK,a3Obe000000LHyjEAG,,true,2026-06-12T04:00:56.000+0000,2026-06-13T22:14:07.000+0000
a3Mbe000000KNHlEAO,RSC-005151,Qualquer,,,Atendimento,a3Nbe000000Q1BlEAK,a3Kbe000000D9R2EAK,a3Obe000000LI0LEAW,,true,2026-06-12T04:00:56.000+0000,2026-06-13T22:14:07.000+0000
a3Mbe000000KNHmEAO,RSC-005152,Qualquer,,,Atendimento,a3Nbe000000Q1BlEAK,a3Kbe000000D9R2EAK,a3Obe000000LI1xEAG,,true,2026-06-12T04:00:56.000+0000,2026-06-13T22:14:07.000+0000
a3Mbe000000KNHnEAO,RSC-005153,Qualquer,,,Atendimento,a3Nbe000000Q1BlEAK,a3Kbe000000D9R2EAK,a3Obe000000LI5BEAW,,true,2026-06-12T04:00:56.000+0000,2026-06-13T22:14:07.000+0000
a3Mbe000000KNHoEAO,RSC-005154,Qualquer,,,Atendimento,a3Nbe000000Q1BlEAK,a3Kbe000000D9R3EAK,a3Obe000000LHyjEAG,,true,2026-06-12T04:00:56.000+0000,2026-06-13T22:14:07.000+0000
a3Mbe000000KNHpEAO,RSC-005155,Qualquer,,,Atendimento,a3Nbe000000Q1BlEAK,a3Kbe000000D9R3EAK,a3Obe000000LI0LEAW,,true,2026-06-12T04:00:56.000+0000,2026-06-13T22:14:07.000+0000
a3Mbe000000KNHqEAO,RSC-005156,Qualquer,,,Atendimento,a3Nbe000000Q1BlEAK,a3Kbe000000D9R3EAK,a3Obe000000LI1xEAG,,true,2026-06-12T04:00:56.000+0000,2026-06-13T22:14:07.000+0000
a3Mbe000000KNHrEAO,RSC-005157,Qualquer,,,Atendimento,a3Nbe000000Q1BlEAK,a3Kbe000000D9R3EAK,a3Obe000000LI5BEAW,,true,2026-06-12T04:00:56.000+0000,2026-06-13T22:14:07.000+0000
a3Mbe000000KNHsEAO,RSC-005158,Qualquer,,,Atendimento,a3Nbe000000Q1BlEAK,a3Kbe000000D9R4EAK,a3Obe000000LHyjEAG,,true,2026-06-12T04:00:56.000+0000,2026-06-13T22:14:07.000+0000
a3Mbe000000KNHtEAO,RSC-005159,Qualquer,,,Atendimento,a3Nbe000000Q1BlEAK,a3Kbe000000D9R4EAK,a3Obe000000LI0LEAW,,true,2026-06-12T04:00:56.000+0000,2026-06-13T22:14:07.000+0000
a3Mbe000000KNHuEAO,RSC-005160,Qualquer,,,Atendimento,a3Nbe000000Q1BlEAK,a3Kbe000000D9R4EAK,a3Obe000000LI1xEAG,,true,2026-06-12T04:00:56.000+0000,2026-06-13T22:14:07.000+0000
a3Mbe000000KNHvEAO,RSC-005161,Qualquer,,,Atendimento,a3Nbe000000Q1BlEAK,a3Kbe000000D9R4EAK,a3Obe000000LI5BEAW,,true,2026-06-12T04:00:56.000+0000,2026-06-13T22:14:07.000+0000
a3Mbe000000KNHwEAO,RSC-005162,Qualquer,,,Atendimento,a3Nbe000000Q1BlEAK,a3Kbe000000D9R5EAK,a3Obe000000LHyjEAG,,true,2026-06-12T04:00:56.000+0000,2026-06-13T22:14:07.000+0000
a3Mbe000000KNHxEAO,RSC-005163,Qualquer,,,Atendimento,a3Nbe000000Q1BlEAK,a3Kbe000000D9R5EAK,a3Obe000000LI0LEAW,,true,2026-06-12T04:00:56.000+0000,2026-06-13T22:14:07.000+0000
a3Mbe000000KNHyEAO,RSC-005164,Qualquer,,,Atendimento,a3Nbe000000Q1BlEAK,a3Kbe000000D9R5EAK,a3Obe000000LI1xEAG,,true,2026-06-12T04:00:56.000+0000,2026-06-13T22:14:07.000+0000
a3Mbe000000KNHzEAO,RSC-005165,Qualquer,,,Atendimento,a3Nbe000000Q1BlEAK,a3Kbe000000D9R5EAK,a3Obe000000LI5BEAW,,true,2026-06-12T04:00:56.000+0000,2026-06-13T22:14:07.000+0000
a3Mbe000000KNI0EAO,RSC-005166,Qualquer,,,Atendimento,a3Nbe000000Q1BlEAK,a3Kbe000000D9R6EAK,a3Obe000000LHyjEAG,,true,2026-06-12T04:00:56.000+0000,2026-06-13T22:14:07.000+0000
a3Mbe000000KNI1EAO,RSC-005167,Qualquer,,,Atendimento,a3Nbe000000Q1BlEAK,a3Kbe000000D9R6EAK,a3Obe000000LI0LEAW,,true,2026-06-12T04:00:56.000+0000,2026-06-13T22:14:07.000+0000
a3Mbe000000KNI2EAO,RSC-005168,Qualquer,,,Atendimento,a3Nbe000000Q1BlEAK,a3Kbe000000D9R6EAK,a3Obe000000LI1xEAG,,true,2026-06-12T04:00:56.000+0000,2026-06-13T22:14:07.000+0000
a3Mbe000000KNI3EAO,RSC-005169,Qualquer,,,Atendimento,a3Nbe000000Q1BlEAK,a3Kbe000000D9R6EAK,a3Obe000000LI5BEAW,,true,2026-06-12T04:00:56.000+0000,2026-06-13T22:14:07.000+0000
a3Mbe000000KNI4EAO,RSC-005170,Qualquer,,,Atendimento,a3Nbe000000Q1BlEAK,a3Kbe000000D9R7EAK,a3Obe000000LHyjEAG,,true,2026-06-12T04:00:56.000+0000,2026-06-13T22:14:07.000+0000
a3Mbe000000KNI5EAO,RSC-005171,Qualquer,,,Atendimento,a3Nbe000000Q1BlEAK,a3Kbe000000D9R7EAK,a3Obe000000LI0LEAW,,true,2026-06-12T04:00:56.000+0000,2026-06-13T22:14:07.000+0000
a3Mbe000000KNI6EAO,RSC-005172,Qualquer,,,Atendimento,a3Nbe000000Q1BlEAK,a3Kbe000000D9R7EAK,a3Obe000000LI1xEAG,,true,2026-06-12T04:00:56.000+0000,2026-06-13T22:14:07.000+0000
a3Mbe000000KNI7EAO,RSC-005173,Qualquer,,,Atendimento,a3Nbe000000Q1BlEAK,a3Kbe000000D9R7EAK,a3Obe000000LI5BEAW,,true,2026-06-12T04:00:56.000+0000,2026-06-13T22:14:07.000+0000
a3Mbe000000KNI8EAO,RSC-005174,Qualquer,,,Atendimento,a3Nbe000000Q1BlEAK,a3Kbe000000D9R8EAK,a3Obe000000LHyjEAG,,true,2026-06-12T04:00:56.000+0000,2026-06-13T22:14:07.000+0000
a3Mbe000000KNI9EAO,RSC-005175,Qualquer,,,Atendimento,a3Nbe000000Q1BlEAK,a3Kbe000000D9R8EAK,a3Obe000000LI0LEAW,,true,2026-06-12T04:00:56.000+0000,2026-06-13T22:14:07.000+0000
a3Mbe000000KNIAEA4,RSC-005176,Qualquer,,,Atendimento,a3Nbe000000Q1BlEAK,a3Kbe000000D9R8EAK,a3Obe000000LI1xEAG,,true,2026-06-12T04:00:56.000+0000,2026-06-13T22:14:07.000+0000
a3Mbe000000KNIBEA4,RSC-005177,Qualquer,,,Atendimento,a3Nbe000000Q1BlEAK,a3Kbe000000D9R8EAK,a3Obe000000LI5BEAW,,true,2026-06-12T04:00:56.000+0000,2026-06-13T22:14:07.000+0000
a3Mbe000000KNICEA4,RSC-005178,Qualquer,,,Atendimento,a3Nbe000000Q1BlEAK,a3Kbe000000D9R9EAK,a3Obe000000LHyjEAG,,true,2026-06-12T04:00:56.000+0000,2026-06-13T22:14:07.000+0000
a3Mbe000000KNIDEA4,RSC-005179,Qualquer,,,Atendimento,a3Nbe000000Q1BlEAK,a3Kbe000000D9R9EAK,a3Obe000000LI0LEAW,,true,2026-06-12T04:00:56.000+0000,2026-06-13T22:14:07.000+0000
a3Mbe000000KNIEEA4,RSC-005180,Qualquer,,,Atendimento,a3Nbe000000Q1BlEAK,a3Kbe000000D9R9EAK,a3Obe000000LI1xEAG,,true,2026-06-12T04:00:56.000+0000,2026-06-13T22:14:07.000+0000
a3Mbe000000KNIFEA4,RSC-005181,Qualquer,,,Atendimento,a3Nbe000000Q1BlEAK,a3Kbe000000D9R9EAK,a3Obe000000LI5BEAW,,true,2026-06-12T04:00:56.000+0000,2026-06-13T22:14:07.000+0000
a3Mbe000000KNIGEA4,RSC-005182,Qualquer,,,Atendimento,a3Nbe000000Q1BlEAK,a3Kbe000000D9RAEA0,a3Obe000000LHyjEAG,,true,2026-06-12T04:00:56.000+0000,2026-06-13T22:14:07.000+0000
a3Mbe000000KNIHEA4,RSC-005183,Qualquer,,,Atendimento,a3Nbe000000Q1BlEAK,a3Kbe000000D9RAEA0,a3Obe000000LI0LEAW,,true,2026-06-12T04:00:56.000+0000,2026-06-13T22:14:07.000+0000
a3Mbe000000KNIIEA4,RSC-005184,Qualquer,,,Atendimento,a3Nbe000000Q1BlEAK,a3Kbe000000D9RAEA0,a3Obe000000LI1xEAG,,true,2026-06-12T04:00:56.000+0000,2026-06-13T22:14:07.000+0000
a3Mbe000000KNIJEA4,RSC-005185,Qualquer,,,Atendimento,a3Nbe000000Q1BlEAK,a3Kbe000000D9RAEA0,a3Obe000000LI5BEAW,,true,2026-06-12T04:00:56.000+0000,2026-06-13T22:14:07.000+0000
a3Mbe000000KNIKEA4,RSC-005186,Qualquer,,,Atendimento,a3Nbe000000Q1BlEAK,a3Kbe000000D9RBEA0,a3Obe000000LHyjEAG,,true,2026-06-12T04:00:56.000+0000,2026-06-13T22:14:07.000+0000
a3Mbe000000KNILEA4,RSC-005187,Qualquer,,,Atendimento,a3Nbe000000Q1BlEAK,a3Kbe000000D9RBEA0,a3Obe000000LI0LEAW,,true,2026-06-12T04:00:56.000+0000,2026-06-13T22:14:07.000+0000
a3Mbe000000KNIMEA4,RSC-005188,Qualquer,,,Atendimento,a3Nbe000000Q1BlEAK,a3Kbe000000D9RBEA0,a3Obe000000LI1xEAG,,true,2026-06-12T04:00:56.000+0000,2026-06-13T22:14:07.000+0000
a3Mbe000000KNINEA4,RSC-005189,Qualquer,,,Atendimento,a3Nbe000000Q1BlEAK,a3Kbe000000D9RBEA0,a3Obe000000LI5BEAW,,true,2026-06-12T04:00:56.000+0000,2026-06-13T22:14:07.000+0000
a3Mbe000000KNIOEA4,RSC-005190,Qualquer,,,Atendimento,a3Nbe000000Q1BlEAK,a3Kbe000000D9RCEA0,a3Obe000000LHyjEAG,,true,2026-06-12T04:00:56.000+0000,2026-06-13T22:14:07.000+0000
a3Mbe000000KNIPEA4,RSC-005191,Qualquer,,,Atendimento,a3Nbe000000Q1BlEAK,a3Kbe000000D9RCEA0,a3Obe000000LI0LEAW,,true,2026-06-12T04:00:56.000+0000,2026-06-13T22:14:07.000+0000
a3Mbe000000KNIQEA4,RSC-005192,Qualquer,,,Atendimento,a3Nbe000000Q1BlEAK,a3Kbe000000D9RCEA0,a3Obe000000LI1xEAG,,true,2026-06-12T04:00:56.000+0000,2026-06-13T22:14:07.000+0000
a3Mbe000000KNIREA4,RSC-005193,Qualquer,,,Atendimento,a3Nbe000000Q1BlEAK,a3Kbe000000D9RCEA0,a3Obe000000LI5BEAW,,true,2026-06-12T04:00:56.000+0000,2026-06-13T22:14:07.000+0000
a3Mbe000000KNISEA4,RSC-005194,Qualquer,,,Atendimento,a3Nbe000000Q1BlEAK,a3Kbe000000D9RDEA0,a3Obe000000LHyjEAG,,true,2026-06-12T04:00:56.000+0000,2026-06-13T22:14:07.000+0000
a3Mbe000000KNITEA4,RSC-005195,Qualquer,,,Atendimento,a3Nbe000000Q1BlEAK,a3Kbe000000D9RDEA0,a3Obe000000LI0LEAW,,true,2026-06-12T04:00:56.000+0000,2026-06-13T22:14:07.000+0000
a3Mbe000000KNIUEA4,RSC-005196,Qualquer,,,Atendimento,a3Nbe000000Q1BlEAK,a3Kbe000000D9RDEA0,a3Obe000000LI1xEAG,,true,2026-06-12T04:00:56.000+0000,2026-06-13T22:14:07.000+0000
a3Mbe000000KNIVEA4,RSC-005197,Qualquer,,,Atendimento,a3Nbe000000Q1BlEAK,a3Kbe000000D9RDEA0,a3Obe000000LI5BEAW,,true,2026-06-12T04:00:56.000+0000,2026-06-13T22:14:07.000+0000
a3Mbe000000KNIWEA4,RSC-005198,Qualquer,,,Atendimento,a3Nbe000000Q1BlEAK,a3Kbe000000D9REEA0,a3Obe000000LHyjEAG,,true,2026-06-12T04:00:56.000+0000,2026-06-13T22:14:07.000+0000
a3Mbe000000KNIXEA4,RSC-005199,Qualquer,,,Atendimento,a3Nbe000000Q1BlEAK,a3Kbe000000D9REEA0,a3Obe000000LI0LEAW,,true,2026-06-12T04:00:56.000+0000,2026-06-13T22:14:07.000+0000
a3Mbe000000KNIYEA4,RSC-005200,Qualquer,,,Atendimento,a3Nbe000000Q1BlEAK,a3Kbe000000D9REEA0,a3Obe000000LI1xEAG,,true,2026-06-12T04:00:56.000+0000,2026-06-13T22:14:07.000+0000
a3Mbe000000KNIZEA4,RSC-005201,Qualquer,,,Atendimento,a3Nbe000000Q1BlEAK,a3Kbe000000D9REEA0,a3Obe000000LI5BEAW,,true,2026-06-12T04:00:56.000+0000,2026-06-13T22:14:07.000+0000
a3Mbe000000KNIaEAO,RSC-005202,Qualquer,,,Atendimento,a3Nbe000000Q1BlEAK,a3Kbe000000D9RFEA0,a3Obe000000LHyjEAG,,true,2026-06-12T04:00:56.000+0000,2026-06-13T22:14:07.000+0000
a3Mbe000000KNIbEAO,RSC-005203,Qualquer,,,Atendimento,a3Nbe000000Q1BlEAK,a3Kbe000000D9RFEA0,a3Obe000000LI0LEAW,,true,2026-06-12T04:00:56.000+0000,2026-06-13T22:14:07.000+0000
a3Mbe000000KNIcEAO,RSC-005204,Qualquer,,,Atendimento,a3Nbe000000Q1BlEAK,a3Kbe000000D9RFEA0,a3Obe000000LI1xEAG,,true,2026-06-12T04:00:56.000+0000,2026-06-13T22:14:07.000+0000
a3Mbe000000KNIdEAO,RSC-005205,Qualquer,,,Atendimento,a3Nbe000000Q1BlEAK,a3Kbe000000D9RFEA0,a3Obe000000LI5BEAW,,true,2026-06-12T04:00:56.000+0000,2026-06-13T22:14:07.000+0000
a3Mbe000000KNIeEAO,RSC-005206,Qualquer,,,Atendimento,a3Nbe000000Q1BlEAK,a3Kbe000000D9RGEA0,a3Obe000000LHyjEAG,,true,2026-06-12T04:00:56.000+0000,2026-06-13T22:14:07.000+0000
a3Mbe000000KNIfEAO,RSC-005207,Qualquer,,,Atendimento,a3Nbe000000Q1BlEAK,a3Kbe000000D9RGEA0,a3Obe000000LI0LEAW,,true,2026-06-12T04:00:56.000+0000,2026-06-13T22:14:07.000+0000
a3Mbe000000KNIgEAO,RSC-005208,Qualquer,,,Atendimento,a3Nbe000000Q1BlEAK,a3Kbe000000D9RGEA0,a3Obe000000LI1xEAG,,true,2026-06-12T04:00:56.000+0000,2026-06-13T22:14:07.000+0000
a3Mbe000000KNIhEAO,RSC-005209,Qualquer,,,Atendimento,a3Nbe000000Q1BlEAK,a3Kbe000000D9RGEA0,a3Obe000000LI5BEAW,,true,2026-06-12T04:00:56.000+0000,2026-06-13T22:14:07.000+0000
a3Mbe000000KNIiEAO,RSC-005210,Qualquer,,,Atendimento,a3Nbe000000Q1BlEAK,a3Kbe000000D9RHEA0,a3Obe000000LHyjEAG,,true,2026-06-12T04:00:56.000+0000,2026-06-13T22:14:07.000+0000
a3Mbe000000KNIjEAO,RSC-005211,Qualquer,,,Atendimento,a3Nbe000000Q1BlEAK,a3Kbe000000D9RHEA0,a3Obe000000LI0LEAW,,true,2026-06-12T04:00:56.000+0000,2026-06-13T22:14:07.000+0000
a3Mbe000000KNIkEAO,RSC-005212,Qualquer,,,Atendimento,a3Nbe000000Q1BlEAK,a3Kbe000000D9RHEA0,a3Obe000000LI1xEAG,,true,2026-06-12T04:00:56.000+0000,2026-06-13T22:14:07.000+0000
a3Mbe000000KNIlEAO,RSC-005213,Qualquer,,,Atendimento,a3Nbe000000Q1BlEAK,a3Kbe000000D9RHEA0,a3Obe000000LI5BEAW,,true,2026-06-12T04:00:56.000+0000,2026-06-13T22:14:07.000+0000
a3Mbe000000KNImEAO,RSC-005214,Qualquer,,,Atendimento,a3Nbe000000Q1BlEAK,a3Kbe000000D9RIEA0,a3Obe000000LHyjEAG,,true,2026-06-12T04:00:56.000+0000,2026-06-13T22:14:07.000+0000
a3Mbe000000KNInEAO,RSC-005215,Qualquer,,,Atendimento,a3Nbe000000Q1BlEAK,a3Kbe000000D9RIEA0,a3Obe000000LI0LEAW,,true,2026-06-12T04:00:56.000+0000,2026-06-13T22:14:07.000+0000
a3Mbe000000KNIoEAO,RSC-005216,Qualquer,,,Atendimento,a3Nbe000000Q1BlEAK,a3Kbe000000D9RIEA0,a3Obe000000LI1xEAG,,true,2026-06-12T04:00:56.000+0000,2026-06-13T22:14:07.000+0000
a3Mbe000000KNIpEAO,RSC-005217,Qualquer,,,Atendimento,a3Nbe000000Q1BlEAK,a3Kbe000000D9RIEA0,a3Obe000000LI5BEAW,,true,2026-06-12T04:00:56.000+0000,2026-06-13T22:14:07.000+0000
a3Mbe000000KNIqEAO,RSC-005218,Qualquer,,,Atendimento,a3Nbe000000Q1BlEAK,a3Kbe000000D9RJEA0,a3Obe000000LHyjEAG,,true,2026-06-12T04:00:56.000+0000,2026-06-13T22:14:07.000+0000
a3Mbe000000KNIrEAO,RSC-005219,Qualquer,,,Atendimento,a3Nbe000000Q1BlEAK,a3Kbe000000D9RJEA0,a3Obe000000LI0LEAW,,true,2026-06-12T04:00:56.000+0000,2026-06-13T22:14:07.000+0000
a3Mbe000000KNIsEAO,RSC-005220,Qualquer,,,Atendimento,a3Nbe000000Q1BlEAK,a3Kbe000000D9RJEA0,a3Obe000000LI1xEAG,,true,2026-06-12T04:00:56.000+0000,2026-06-13T22:14:07.000+0000
a3Mbe000000KNItEAO,RSC-005221,Qualquer,,,Atendimento,a3Nbe000000Q1BlEAK,a3Kbe000000D9RJEA0,a3Obe000000LI5BEAW,,true,2026-06-12T04:00:56.000+0000,2026-06-13T22:14:07.000+0000
a3Mbe000000KNIuEAO,RSC-005222,Qualquer,,,Atendimento,a3Nbe000000Q1BlEAK,a3Kbe000000D9RKEA0,a3Obe000000LHyjEAG,,true,2026-06-12T04:00:56.000+0000,2026-06-13T22:14:07.000+0000
a3Mbe000000KNIvEAO,RSC-005223,Qualquer,,,Atendimento,a3Nbe000000Q1BlEAK,a3Kbe000000D9RKEA0,a3Obe000000LI0LEAW,,true,2026-06-12T04:00:56.000+0000,2026-06-13T22:14:07.000+0000
a3Mbe000000KNIwEAO,RSC-005224,Qualquer,,,Atendimento,a3Nbe000000Q1BlEAK,a3Kbe000000D9RKEA0,a3Obe000000LI1xEAG,,true,2026-06-12T04:00:56.000+0000,2026-06-13T22:14:07.000+0000
a3Mbe000000KNIxEAO,RSC-005225,Qualquer,,,Atendimento,a3Nbe000000Q1BlEAK,a3Kbe000000D9RKEA0,a3Obe000000LI5BEAW,,true,2026-06-12T04:00:56.000+0000,2026-06-13T22:14:07.000+0000
a3Mbe000000KNIyEAO,RSC-005226,Qualquer,,,Atendimento,a3Nbe000000Q1BlEAK,a3Kbe000000D9RLEA0,a3Obe000000LHyjEAG,,true,2026-06-12T04:00:56.000+0000,2026-06-13T22:14:07.000+0000
a3Mbe000000KNIzEAO,RSC-005227,Qualquer,,,Atendimento,a3Nbe000000Q1BlEAK,a3Kbe000000D9RLEA0,a3Obe000000LI0LEAW,,true,2026-06-12T04:00:56.000+0000,2026-06-13T22:14:07.000+0000
a3Mbe000000KNJ0EAO,RSC-005228,Qualquer,,,Atendimento,a3Nbe000000Q1BlEAK,a3Kbe000000D9RLEA0,a3Obe000000LI1xEAG,,true,2026-06-12T04:00:56.000+0000,2026-06-13T22:14:07.000+0000
a3Mbe000000KNJ1EAO,RSC-005229,Qualquer,,,Atendimento,a3Nbe000000Q1BlEAK,a3Kbe000000D9RLEA0,a3Obe000000LI5BEAW,,true,2026-06-12T04:00:56.000+0000,2026-06-13T22:14:07.000+0000
a3Mbe000000KNJ2EAO,RSC-005230,Qualquer,,,Atendimento,a3Nbe000000Q1BlEAK,a3Kbe000000D9RMEA0,a3Obe000000LHyjEAG,,true,2026-06-12T04:00:56.000+0000,2026-06-13T22:14:07.000+0000
a3Mbe000000KNJ3EAO,RSC-005231,Qualquer,,,Atendimento,a3Nbe000000Q1BlEAK,a3Kbe000000D9RMEA0,a3Obe000000LI0LEAW,,true,2026-06-12T04:00:56.000+0000,2026-06-13T22:14:07.000+0000
a3Mbe000000KNJ4EAO,RSC-005232,Qualquer,,,Atendimento,a3Nbe000000Q1BlEAK,a3Kbe000000D9RMEA0,a3Obe000000LI1xEAG,,true,2026-06-12T04:00:56.000+0000,2026-06-13T22:14:07.000+0000
a3Mbe000000KNJ5EAO,RSC-005233,Qualquer,,,Atendimento,a3Nbe000000Q1BlEAK,a3Kbe000000D9RMEA0,a3Obe000000LI5BEAW,,true,2026-06-12T04:00:56.000+0000,2026-06-13T22:14:07.000+0000
a3Mbe000000KNJ6EAO,RSC-005234,Qualquer,,,Atendimento,a3Nbe000000Q1BlEAK,a3Kbe000000D9RNEA0,a3Obe000000LHyjEAG,,true,2026-06-12T04:00:56.000+0000,2026-06-13T22:14:08.000+0000
a3Mbe000000KNJ7EAO,RSC-005235,Qualquer,,,Atendimento,a3Nbe000000Q1BlEAK,a3Kbe000000D9RNEA0,a3Obe000000LI0LEAW,,true,2026-06-12T04:00:56.000+0000,2026-06-13T22:14:08.000+0000
a3Mbe000000KNJ8EAO,RSC-005236,Qualquer,,,Atendimento,a3Nbe000000Q1BlEAK,a3Kbe000000D9RNEA0,a3Obe000000LI1xEAG,,true,2026-06-12T04:00:56.000+0000,2026-06-13T22:14:08.000+0000
a3Mbe000000KNJ9EAO,RSC-005237,Qualquer,,,Atendimento,a3Nbe000000Q1BlEAK,a3Kbe000000D9RNEA0,a3Obe000000LI5BEAW,,true,2026-06-12T04:00:56.000+0000,2026-06-13T22:14:08.000+0000
a3Mbe000000KNJAEA4,RSC-005238,Qualquer,,,Atendimento,a3Nbe000000Q1BlEAK,a3Kbe000000D9ROEA0,a3Obe000000LHyjEAG,,true,2026-06-12T04:00:56.000+0000,2026-06-13T22:14:08.000+0000
a3Mbe000000KNJBEA4,RSC-005239,Qualquer,,,Atendimento,a3Nbe000000Q1BlEAK,a3Kbe000000D9ROEA0,a3Obe000000LI0LEAW,,true,2026-06-12T04:00:56.000+0000,2026-06-13T22:14:08.000+0000
a3Mbe000000KNJCEA4,RSC-005240,Qualquer,,,Atendimento,a3Nbe000000Q1BlEAK,a3Kbe000000D9ROEA0,a3Obe000000LI1xEAG,,true,2026-06-12T04:00:56.000+0000,2026-06-13T22:14:08.000+0000
a3Mbe000000KNJDEA4,RSC-005241,Qualquer,,,Atendimento,a3Nbe000000Q1BlEAK,a3Kbe000000D9ROEA0,a3Obe000000LI5BEAW,,true,2026-06-12T04:00:56.000+0000,2026-06-13T22:14:08.000+0000
a3Mbe000000KNJEEA4,RSC-005242,Qualquer,,,Atendimento,a3Nbe000000Q1BlEAK,a3Kbe000000D9RPEA0,a3Obe000000LHyjEAG,,true,2026-06-12T04:00:56.000+0000,2026-06-13T22:14:08.000+0000
a3Mbe000000KNJFEA4,RSC-005243,Qualquer,,,Atendimento,a3Nbe000000Q1BlEAK,a3Kbe000000D9RPEA0,a3Obe000000LI0LEAW,,true,2026-06-12T04:00:56.000+0000,2026-06-13T22:14:08.000+0000
a3Mbe000000KNJGEA4,RSC-005244,Qualquer,,,Atendimento,a3Nbe000000Q1BlEAK,a3Kbe000000D9RPEA0,a3Obe000000LI1xEAG,,true,2026-06-12T04:00:56.000+0000,2026-06-13T22:14:08.000+0000
a3Mbe000000KNJHEA4,RSC-005245,Qualquer,,,Atendimento,a3Nbe000000Q1BlEAK,a3Kbe000000D9RPEA0,a3Obe000000LI5BEAW,,true,2026-06-12T04:00:56.000+0000,2026-06-13T22:14:08.000+0000
a3Mbe000000KNJIEA4,RSC-005246,Qualquer,,,Atendimento,a3Nbe000000Q1BlEAK,a3Kbe000000D9RQEA0,a3Obe000000LHyjEAG,,true,2026-06-12T04:00:56.000+0000,2026-06-13T22:14:08.000+0000
a3Mbe000000KNJJEA4,RSC-005247,Qualquer,,,Atendimento,a3Nbe000000Q1BlEAK,a3Kbe000000D9RQEA0,a3Obe000000LI0LEAW,,true,2026-06-12T04:00:56.000+0000,2026-06-13T22:14:08.000+0000
a3Mbe000000KNJKEA4,RSC-005248,Qualquer,,,Atendimento,a3Nbe000000Q1BlEAK,a3Kbe000000D9RQEA0,a3Obe000000LI1xEAG,,true,2026-06-12T04:00:56.000+0000,2026-06-13T22:14:08.000+0000
a3Mbe000000KNJLEA4,RSC-005249,Qualquer,,,Atendimento,a3Nbe000000Q1BlEAK,a3Kbe000000D9RQEA0,a3Obe000000LI5BEAW,,true,2026-06-12T04:00:56.000+0000,2026-06-13T22:14:08.000+0000
a3Mbe000000KNJMEA4,RSC-005250,Qualquer,,,Atendimento,a3Nbe000000Q1BlEAK,a3Kbe000000D9RREA0,a3Obe000000LHyjEAG,,true,2026-06-12T04:00:56.000+0000,2026-06-13T22:14:08.000+0000
a3Mbe000000KNJNEA4,RSC-005251,Qualquer,,,Atendimento,a3Nbe000000Q1BlEAK,a3Kbe000000D9RREA0,a3Obe000000LI0LEAW,,true,2026-06-12T04:00:56.000+0000,2026-06-13T22:14:08.000+0000
a3Mbe000000KNJOEA4,RSC-005252,Qualquer,,,Atendimento,a3Nbe000000Q1BlEAK,a3Kbe000000D9RREA0,a3Obe000000LI1xEAG,,true,2026-06-12T04:00:56.000+0000,2026-06-13T22:14:08.000+0000
a3Mbe000000KNJPEA4,RSC-005253,Qualquer,,,Atendimento,a3Nbe000000Q1BlEAK,a3Kbe000000D9RREA0,a3Obe000000LI5BEAW,,true,2026-06-12T04:00:56.000+0000,2026-06-13T22:14:08.000+0000
a3Mbe000000KNJQEA4,RSC-005254,Qualquer,,,Atendimento,a3Nbe000000Q1BlEAK,a3Kbe000000D9RSEA0,a3Obe000000LHyjEAG,,true,2026-06-12T04:00:56.000+0000,2026-06-13T22:14:08.000+0000
a3Mbe000000KNJREA4,RSC-005255,Qualquer,,,Atendimento,a3Nbe000000Q1BlEAK,a3Kbe000000D9RSEA0,a3Obe000000LI0LEAW,,true,2026-06-12T04:00:56.000+0000,2026-06-13T22:14:08.000+0000
a3Mbe000000KNJSEA4,RSC-005256,Qualquer,,,Atendimento,a3Nbe000000Q1BlEAK,a3Kbe000000D9RSEA0,a3Obe000000LI1xEAG,,true,2026-06-12T04:00:56.000+0000,2026-06-13T22:14:08.000+0000
a3Mbe000000KNJTEA4,RSC-005257,Qualquer,,,Atendimento,a3Nbe000000Q1BlEAK,a3Kbe000000D9RSEA0,a3Obe000000LI5BEAW,,true,2026-06-12T04:00:56.000+0000,2026-06-13T22:14:08.000+0000
a3Mbe000000KNJUEA4,RSC-005258,Qualquer,,,Atendimento,a3Nbe000000Q1BlEAK,a3Kbe000000D9RTEA0,a3Obe000000LHyjEAG,,true,2026-06-12T04:00:56.000+0000,2026-06-13T22:14:08.000+0000
a3Mbe000000KNJVEA4,RSC-005259,Qualquer,,,Atendimento,a3Nbe000000Q1BlEAK,a3Kbe000000D9RTEA0,a3Obe000000LI0LEAW,,true,2026-06-12T04:00:56.000+0000,2026-06-13T22:14:08.000+0000
a3Mbe000000KNJWEA4,RSC-005260,Qualquer,,,Atendimento,a3Nbe000000Q1BlEAK,a3Kbe000000D9RTEA0,a3Obe000000LI1xEAG,,true,2026-06-12T04:00:56.000+0000,2026-06-13T22:14:08.000+0000
a3Mbe000000KNJXEA4,RSC-005261,Qualquer,,,Atendimento,a3Nbe000000Q1BlEAK,a3Kbe000000D9RTEA0,a3Obe000000LI5BEAW,,true,2026-06-12T04:00:56.000+0000,2026-06-13T22:14:08.000+0000
a3Mbe000000KNJYEA4,RSC-005262,Qualquer,,,Atendimento,a3Nbe000000Q1BlEAK,a3Kbe000000D9RUEA0,a3Obe000000LHyjEAG,,true,2026-06-12T04:00:56.000+0000,2026-06-13T22:14:08.000+0000
a3Mbe000000KNJZEA4,RSC-005263,Qualquer,,,Atendimento,a3Nbe000000Q1BlEAK,a3Kbe000000D9RUEA0,a3Obe000000LI0LEAW,,true,2026-06-12T04:00:56.000+0000,2026-06-13T22:14:08.000+0000
a3Mbe000000KNJaEAO,RSC-005264,Qualquer,,,Atendimento,a3Nbe000000Q1BlEAK,a3Kbe000000D9RUEA0,a3Obe000000LI1xEAG,,true,2026-06-12T04:00:56.000+0000,2026-06-13T22:14:08.000+0000
a3Mbe000000KNJbEAO,RSC-005265,Qualquer,,,Atendimento,a3Nbe000000Q1BlEAK,a3Kbe000000D9RUEA0,a3Obe000000LI5BEAW,,true,2026-06-12T04:00:56.000+0000,2026-06-13T22:14:08.000+0000
a3Mbe000000KNJcEAO,RSC-005266,Qualquer,,,Atendimento,a3Nbe000000Q1BlEAK,a3Kbe000000D9RVEA0,a3Obe000000LHyjEAG,,true,2026-06-12T04:00:56.000+0000,2026-06-13T22:14:08.000+0000
a3Mbe000000KNJdEAO,RSC-005267,Qualquer,,,Atendimento,a3Nbe000000Q1BlEAK,a3Kbe000000D9RVEA0,a3Obe000000LI0LEAW,,true,2026-06-12T04:00:56.000+0000,2026-06-13T22:14:08.000+0000
a3Mbe000000KNJeEAO,RSC-005268,Qualquer,,,Atendimento,a3Nbe000000Q1BlEAK,a3Kbe000000D9RVEA0,a3Obe000000LI1xEAG,,true,2026-06-12T04:00:56.000+0000,2026-06-13T22:14:08.000+0000
a3Mbe000000KNJfEAO,RSC-005269,Qualquer,,,Atendimento,a3Nbe000000Q1BlEAK,a3Kbe000000D9RVEA0,a3Obe000000LI5BEAW,,true,2026-06-12T04:00:56.000+0000,2026-06-13T22:14:08.000+0000
a3Mbe000000KNJgEAO,RSC-005270,Qualquer,,,Atendimento,a3Nbe000000Q1BlEAK,a3Kbe000000D9RWEA0,a3Obe000000LHyjEAG,,true,2026-06-12T04:00:56.000+0000,2026-06-13T22:14:08.000+0000
a3Mbe000000KNJhEAO,RSC-005271,Qualquer,,,Atendimento,a3Nbe000000Q1BlEAK,a3Kbe000000D9RWEA0,a3Obe000000LI0LEAW,,true,2026-06-12T04:00:56.000+0000,2026-06-13T22:14:08.000+0000
a3Mbe000000KNJiEAO,RSC-005272,Qualquer,,,Atendimento,a3Nbe000000Q1BlEAK,a3Kbe000000D9RWEA0,a3Obe000000LI1xEAG,,true,2026-06-12T04:00:56.000+0000,2026-06-13T22:14:08.000+0000
a3Mbe000000KNJjEAO,RSC-005273,Qualquer,,,Atendimento,a3Nbe000000Q1BlEAK,a3Kbe000000D9RWEA0,a3Obe000000LI5BEAW,,true,2026-06-12T04:00:56.000+0000,2026-06-13T22:14:08.000+0000
a3Mbe000000KNJkEAO,RSC-005274,Qualquer,,,Atendimento,a3Nbe000000Q1BlEAK,a3Kbe000000D9RXEA0,a3Obe000000LHyjEAG,,true,2026-06-12T04:00:56.000+0000,2026-06-13T22:14:08.000+0000
a3Mbe000000KNJlEAO,RSC-005275,Qualquer,,,Atendimento,a3Nbe000000Q1BlEAK,a3Kbe000000D9RXEA0,a3Obe000000LI0LEAW,,true,2026-06-12T04:00:56.000+0000,2026-06-13T22:14:08.000+0000
a3Mbe000000KNJmEAO,RSC-005276,Qualquer,,,Atendimento,a3Nbe000000Q1BlEAK,a3Kbe000000D9RXEA0,a3Obe000000LI1xEAG,,true,2026-06-12T04:00:56.000+0000,2026-06-13T22:14:08.000+0000
a3Mbe000000KNJnEAO,RSC-005277,Qualquer,,,Atendimento,a3Nbe000000Q1BlEAK,a3Kbe000000D9RXEA0,a3Obe000000LI5BEAW,,true,2026-06-12T04:00:56.000+0000,2026-06-13T22:14:08.000+0000
a3Mbe000000KNJoEAO,RSC-005278,Qualquer,,,Atendimento,a3Nbe000000Q1BlEAK,a3Kbe000000D9RYEA0,a3Obe000000LHyjEAG,,true,2026-06-12T04:00:56.000+0000,2026-06-13T22:14:08.000+0000
a3Mbe000000KNJpEAO,RSC-005279,Qualquer,,,Atendimento,a3Nbe000000Q1BlEAK,a3Kbe000000D9RYEA0,a3Obe000000LI0LEAW,,true,2026-06-12T04:00:56.000+0000,2026-06-13T22:14:08.000+0000
a3Mbe000000KNJqEAO,RSC-005280,Qualquer,,,Atendimento,a3Nbe000000Q1BlEAK,a3Kbe000000D9RYEA0,a3Obe000000LI1xEAG,,true,2026-06-12T04:00:56.000+0000,2026-06-13T22:14:08.000+0000
a3Mbe000000KNJrEAO,RSC-005281,Qualquer,,,Atendimento,a3Nbe000000Q1BlEAK,a3Kbe000000D9RYEA0,a3Obe000000LI5BEAW,,true,2026-06-12T04:00:56.000+0000,2026-06-13T22:14:08.000+0000
a3Mbe000000KNJsEAO,RSC-005282,Qualquer,,,Atendimento,a3Nbe000000Q1BlEAK,a3Kbe000000D9RZEA0,a3Obe000000LHyjEAG,,true,2026-06-12T04:00:56.000+0000,2026-06-13T22:14:08.000+0000
a3Mbe000000KNJtEAO,RSC-005283,Qualquer,,,Atendimento,a3Nbe000000Q1BlEAK,a3Kbe000000D9RZEA0,a3Obe000000LI0LEAW,,true,2026-06-12T04:00:56.000+0000,2026-06-13T22:14:08.000+0000
a3Mbe000000KNJuEAO,RSC-005284,Qualquer,,,Atendimento,a3Nbe000000Q1BlEAK,a3Kbe000000D9RZEA0,a3Obe000000LI1xEAG,,true,2026-06-12T04:00:56.000+0000,2026-06-13T22:14:08.000+0000
a3Mbe000000KNJvEAO,RSC-005285,Qualquer,,,Atendimento,a3Nbe000000Q1BlEAK,a3Kbe000000D9RZEA0,a3Obe000000LI5BEAW,,true,2026-06-12T04:00:56.000+0000,2026-06-13T22:14:08.000+0000
a3Mbe000000KNJwEAO,RSC-005286,Qualquer,,,Atendimento,a3Nbe000000Q1BlEAK,a3Kbe000000D9RaEAK,a3Obe000000LHyjEAG,,true,2026-06-12T04:00:56.000+0000,2026-06-13T22:14:08.000+0000
a3Mbe000000KNJxEAO,RSC-005287,Qualquer,,,Atendimento,a3Nbe000000Q1BlEAK,a3Kbe000000D9RaEAK,a3Obe000000LI0LEAW,,true,2026-06-12T04:00:56.000+0000,2026-06-13T22:14:08.000+0000
a3Mbe000000KNJyEAO,RSC-005288,Qualquer,,,Atendimento,a3Nbe000000Q1BlEAK,a3Kbe000000D9RaEAK,a3Obe000000LI1xEAG,,true,2026-06-12T04:00:56.000+0000,2026-06-13T22:14:08.000+0000
a3Mbe000000KNJzEAO,RSC-005289,Qualquer,,,Atendimento,a3Nbe000000Q1BlEAK,a3Kbe000000D9RaEAK,a3Obe000000LI5BEAW,,true,2026-06-12T04:00:56.000+0000,2026-06-13T22:14:08.000+0000
a3Mbe000000KNK0EAO,RSC-005290,Qualquer,,,Atendimento,a3Nbe000000Q1BlEAK,a3Kbe000000D9RbEAK,a3Obe000000LHyjEAG,,true,2026-06-12T04:00:56.000+0000,2026-06-13T22:14:08.000+0000
a3Mbe000000KNK1EAO,RSC-005291,Qualquer,,,Atendimento,a3Nbe000000Q1BlEAK,a3Kbe000000D9RbEAK,a3Obe000000LI0LEAW,,true,2026-06-12T04:00:56.000+0000,2026-06-13T22:14:08.000+0000
a3Mbe000000KNK2EAO,RSC-005292,Qualquer,,,Atendimento,a3Nbe000000Q1BlEAK,a3Kbe000000D9RbEAK,a3Obe000000LI1xEAG,,true,2026-06-12T04:00:56.000+0000,2026-06-13T22:14:08.000+0000
a3Mbe000000KNK3EAO,RSC-005293,Qualquer,,,Atendimento,a3Nbe000000Q1BlEAK,a3Kbe000000D9RbEAK,a3Obe000000LI5BEAW,,true,2026-06-12T04:00:56.000+0000,2026-06-13T22:14:08.000+0000
a3Mbe000000KNK4EAO,RSC-005294,Qualquer,,,Atendimento,a3Nbe000000Q1BlEAK,a3Kbe000000D9RcEAK,a3Obe000000LHyjEAG,,true,2026-06-12T04:00:56.000+0000,2026-06-13T22:14:08.000+0000
a3Mbe000000KNK5EAO,RSC-005295,Qualquer,,,Atendimento,a3Nbe000000Q1BlEAK,a3Kbe000000D9RcEAK,a3Obe000000LI0LEAW,,true,2026-06-12T04:00:56.000+0000,2026-06-13T22:14:08.000+0000
a3Mbe000000KNK6EAO,RSC-005296,Qualquer,,,Atendimento,a3Nbe000000Q1BlEAK,a3Kbe000000D9RcEAK,a3Obe000000LI1xEAG,,true,2026-06-12T04:00:56.000+0000,2026-06-13T22:14:08.000+0000
a3Mbe000000KNK7EAO,RSC-005297,Qualquer,,,Atendimento,a3Nbe000000Q1BlEAK,a3Kbe000000D9RcEAK,a3Obe000000LI5BEAW,,true,2026-06-12T04:00:56.000+0000,2026-06-13T22:14:08.000+0000
a3Mbe000000KNK8EAO,RSC-005298,Qualquer,,,Atendimento,a3Nbe000000Q1BlEAK,a3Kbe000000D9RdEAK,a3Obe000000LHyjEAG,,true,2026-06-12T04:00:56.000+0000,2026-06-13T22:14:08.000+0000
a3Mbe000000KNK9EAO,RSC-005299,Qualquer,,,Atendimento,a3Nbe000000Q1BlEAK,a3Kbe000000D9RdEAK,a3Obe000000LI0LEAW,,true,2026-06-12T04:00:56.000+0000,2026-06-13T22:14:08.000+0000
a3Mbe000000KNKAEA4,RSC-005300,Qualquer,,,Atendimento,a3Nbe000000Q1BlEAK,a3Kbe000000D9RdEAK,a3Obe000000LI1xEAG,,true,2026-06-12T04:00:56.000+0000,2026-06-13T22:14:08.000+0000
a3Mbe000000KNKBEA4,RSC-005301,Qualquer,,,Atendimento,a3Nbe000000Q1BlEAK,a3Kbe000000D9RdEAK,a3Obe000000LI5BEAW,,true,2026-06-12T04:00:56.000+0000,2026-06-13T22:14:08.000+0000
a3Mbe000000KNKCEA4,RSC-005302,Qualquer,,,Atendimento,a3Nbe000000Q1BlEAK,a3Kbe000000D9ReEAK,a3Obe000000LHyjEAG,,true,2026-06-12T04:00:56.000+0000,2026-06-13T22:14:08.000+0000
a3Mbe000000KNKDEA4,RSC-005303,Qualquer,,,Atendimento,a3Nbe000000Q1BlEAK,a3Kbe000000D9ReEAK,a3Obe000000LI0LEAW,,true,2026-06-12T04:00:56.000+0000,2026-06-13T22:14:08.000+0000
a3Mbe000000KNKEEA4,RSC-005304,Qualquer,,,Atendimento,a3Nbe000000Q1BlEAK,a3Kbe000000D9ReEAK,a3Obe000000LI1xEAG,,true,2026-06-12T04:00:56.000+0000,2026-06-13T22:14:08.000+0000
a3Mbe000000KNKFEA4,RSC-005305,Qualquer,,,Atendimento,a3Nbe000000Q1BlEAK,a3Kbe000000D9ReEAK,a3Obe000000LI5BEAW,,true,2026-06-12T04:00:56.000+0000,2026-06-13T22:14:08.000+0000
a3Mbe000000KNKGEA4,RSC-005306,Qualquer,,,Atendimento,a3Nbe000000Q1BlEAK,a3Kbe000000D9RfEAK,a3Obe000000LHyjEAG,,true,2026-06-12T04:00:56.000+0000,2026-06-13T22:14:08.000+0000
a3Mbe000000KNKHEA4,RSC-005307,Qualquer,,,Atendimento,a3Nbe000000Q1BlEAK,a3Kbe000000D9RfEAK,a3Obe000000LI0LEAW,,true,2026-06-12T04:00:56.000+0000,2026-06-13T22:14:08.000+0000
a3Mbe000000KNKIEA4,RSC-005308,Qualquer,,,Atendimento,a3Nbe000000Q1BlEAK,a3Kbe000000D9RfEAK,a3Obe000000LI1xEAG,,true,2026-06-12T04:00:56.000+0000,2026-06-13T22:14:08.000+0000
a3Mbe000000KNKJEA4,RSC-005309,Qualquer,,,Atendimento,a3Nbe000000Q1BlEAK,a3Kbe000000D9RfEAK,a3Obe000000LI5BEAW,,true,2026-06-12T04:00:56.000+0000,2026-06-13T22:14:08.000+0000
a3Mbe000000KNKKEA4,RSC-005310,Qualquer,,,Atendimento,a3Nbe000000Q1BlEAK,a3Kbe000000D9RgEAK,a3Obe000000LHyjEAG,,true,2026-06-12T04:00:56.000+0000,2026-06-13T22:14:08.000+0000
a3Mbe000000KNKLEA4,RSC-005311,Qualquer,,,Atendimento,a3Nbe000000Q1BlEAK,a3Kbe000000D9RgEAK,a3Obe000000LI0LEAW,,true,2026-06-12T04:00:56.000+0000,2026-06-13T22:14:08.000+0000
a3Mbe000000KNKMEA4,RSC-005312,Qualquer,,,Atendimento,a3Nbe000000Q1BlEAK,a3Kbe000000D9RgEAK,a3Obe000000LI1xEAG,,true,2026-06-12T04:00:56.000+0000,2026-06-13T22:14:08.000+0000
a3Mbe000000KNKNEA4,RSC-005313,Qualquer,,,Atendimento,a3Nbe000000Q1BlEAK,a3Kbe000000D9RgEAK,a3Obe000000LI5BEAW,,true,2026-06-12T04:00:56.000+0000,2026-06-13T22:14:08.000+0000
a3Mbe000000KNKOEA4,RSC-005314,Qualquer,,,Atendimento,a3Nbe000000Q1BlEAK,a3Kbe000000D9RhEAK,a3Obe000000LHyjEAG,,true,2026-06-12T04:00:56.000+0000,2026-06-13T22:14:08.000+0000
a3Mbe000000KNKPEA4,RSC-005315,Qualquer,,,Atendimento,a3Nbe000000Q1BlEAK,a3Kbe000000D9RhEAK,a3Obe000000LI0LEAW,,true,2026-06-12T04:00:56.000+0000,2026-06-13T22:14:08.000+0000
a3Mbe000000KNKQEA4,RSC-005316,Qualquer,,,Atendimento,a3Nbe000000Q1BlEAK,a3Kbe000000D9RhEAK,a3Obe000000LI1xEAG,,true,2026-06-12T04:00:56.000+0000,2026-06-13T22:14:08.000+0000
a3Mbe000000KNKREA4,RSC-005317,Qualquer,,,Atendimento,a3Nbe000000Q1BlEAK,a3Kbe000000D9RhEAK,a3Obe000000LI5BEAW,,true,2026-06-12T04:00:56.000+0000,2026-06-13T22:14:08.000+0000
a3Mbe000000KNKSEA4,RSC-005318,Qualquer,,,Atendimento,a3Nbe000000Q1BlEAK,a3Kbe000000D9RiEAK,a3Obe000000LHyjEAG,,true,2026-06-12T04:00:56.000+0000,2026-06-13T22:14:08.000+0000
a3Mbe000000KNKTEA4,RSC-005319,Qualquer,,,Atendimento,a3Nbe000000Q1BlEAK,a3Kbe000000D9RiEAK,a3Obe000000LI0LEAW,,true,2026-06-12T04:00:56.000+0000,2026-06-13T22:14:08.000+0000
a3Mbe000000KNKUEA4,RSC-005320,Qualquer,,,Atendimento,a3Nbe000000Q1BlEAK,a3Kbe000000D9RiEAK,a3Obe000000LI1xEAG,,true,2026-06-12T04:00:56.000+0000,2026-06-13T22:14:08.000+0000
a3Mbe000000KNKVEA4,RSC-005321,Qualquer,,,Atendimento,a3Nbe000000Q1BlEAK,a3Kbe000000D9RiEAK,a3Obe000000LI5BEAW,,true,2026-06-12T04:00:56.000+0000,2026-06-13T22:14:08.000+0000
a3Mbe000000KNKWEA4,RSC-005322,Qualquer,,,Atendimento,a3Nbe000000Q1BlEAK,a3Kbe000000D9RjEAK,a3Obe000000LHyjEAG,,true,2026-06-12T04:00:56.000+0000,2026-06-13T22:14:08.000+0000
a3Mbe000000KNKXEA4,RSC-005323,Qualquer,,,Atendimento,a3Nbe000000Q1BlEAK,a3Kbe000000D9RjEAK,a3Obe000000LI0LEAW,,true,2026-06-12T04:00:56.000+0000,2026-06-13T22:14:08.000+0000
a3Mbe000000KNKYEA4,RSC-005324,Qualquer,,,Atendimento,a3Nbe000000Q1BlEAK,a3Kbe000000D9RjEAK,a3Obe000000LI1xEAG,,true,2026-06-12T04:00:56.000+0000,2026-06-13T22:14:08.000+0000
a3Mbe000000KNKZEA4,RSC-005325,Qualquer,,,Atendimento,a3Nbe000000Q1BlEAK,a3Kbe000000D9RjEAK,a3Obe000000LI5BEAW,,true,2026-06-12T04:00:56.000+0000,2026-06-13T22:14:08.000+0000
a3Mbe000000KNKaEAO,RSC-005326,Qualquer,,,Atendimento,a3Nbe000000Q1BlEAK,a3Kbe000000D9RkEAK,a3Obe000000LHyjEAG,,true,2026-06-12T04:00:56.000+0000,2026-06-13T22:14:08.000+0000
a3Mbe000000KNKbEAO,RSC-005327,Qualquer,,,Atendimento,a3Nbe000000Q1BlEAK,a3Kbe000000D9RkEAK,a3Obe000000LI0LEAW,,true,2026-06-12T04:00:56.000+0000,2026-06-13T22:14:08.000+0000
a3Mbe000000KNKcEAO,RSC-005328,Qualquer,,,Atendimento,a3Nbe000000Q1BlEAK,a3Kbe000000D9RkEAK,a3Obe000000LI1xEAG,,true,2026-06-12T04:00:56.000+0000,2026-06-13T22:14:08.000+0000
a3Mbe000000KNKdEAO,RSC-005329,Qualquer,,,Atendimento,a3Nbe000000Q1BlEAK,a3Kbe000000D9RkEAK,a3Obe000000LI5BEAW,,true,2026-06-12T04:00:56.000+0000,2026-06-13T22:14:08.000+0000
a3Mbe000000KNKeEAO,RSC-005330,Qualquer,,,Atendimento,a3Nbe000000Q1BlEAK,a3Kbe000000D9RlEAK,a3Obe000000LHyjEAG,,true,2026-06-12T04:00:56.000+0000,2026-06-13T22:14:08.000+0000
a3Mbe000000KNKfEAO,RSC-005331,Qualquer,,,Atendimento,a3Nbe000000Q1BlEAK,a3Kbe000000D9RlEAK,a3Obe000000LI0LEAW,,true,2026-06-12T04:00:56.000+0000,2026-06-13T22:14:08.000+0000
a3Mbe000000KNKgEAO,RSC-005332,Qualquer,,,Atendimento,a3Nbe000000Q1BlEAK,a3Kbe000000D9RlEAK,a3Obe000000LI1xEAG,,true,2026-06-12T04:00:56.000+0000,2026-06-13T22:14:08.000+0000
a3Mbe000000KNKhEAO,RSC-005333,Qualquer,,,Atendimento,a3Nbe000000Q1BlEAK,a3Kbe000000D9RlEAK,a3Obe000000LI5BEAW,,true,2026-06-12T04:00:56.000+0000,2026-06-13T22:14:08.000+0000
a3Mbe000000KNKiEAO,RSC-005334,Qualquer,,,Atendimento,a3Nbe000000Q1BlEAK,a3Kbe000000D9RmEAK,a3Obe000000LHyjEAG,,true,2026-06-12T04:00:56.000+0000,2026-06-13T22:14:08.000+0000
a3Mbe000000KNKjEAO,RSC-005335,Qualquer,,,Atendimento,a3Nbe000000Q1BlEAK,a3Kbe000000D9RmEAK,a3Obe000000LI0LEAW,,true,2026-06-12T04:00:56.000+0000,2026-06-13T22:14:08.000+0000
a3Mbe000000KNKkEAO,RSC-005336,Qualquer,,,Atendimento,a3Nbe000000Q1BlEAK,a3Kbe000000D9RmEAK,a3Obe000000LI1xEAG,,true,2026-06-12T04:00:56.000+0000,2026-06-13T22:14:08.000+0000
a3Mbe000000KNKlEAO,RSC-005337,Qualquer,,,Atendimento,a3Nbe000000Q1BlEAK,a3Kbe000000D9RmEAK,a3Obe000000LI5BEAW,,true,2026-06-12T04:00:56.000+0000,2026-06-13T22:14:08.000+0000
a3Mbe000000KNKmEAO,RSC-005338,Qualquer,,,Atendimento,a3Nbe000000Q1BlEAK,a3Kbe000000D9RnEAK,a3Obe000000LHyjEAG,,true,2026-06-12T04:00:56.000+0000,2026-06-13T22:14:08.000+0000
a3Mbe000000KNKnEAO,RSC-005339,Qualquer,,,Atendimento,a3Nbe000000Q1BlEAK,a3Kbe000000D9RnEAK,a3Obe000000LI0LEAW,,true,2026-06-12T04:00:56.000+0000,2026-06-13T22:14:08.000+0000
a3Mbe000000KNKoEAO,RSC-005340,Qualquer,,,Atendimento,a3Nbe000000Q1BlEAK,a3Kbe000000D9RnEAK,a3Obe000000LI1xEAG,,true,2026-06-12T04:00:56.000+0000,2026-06-13T22:14:08.000+0000
a3Mbe000000KNKpEAO,RSC-005341,Qualquer,,,Atendimento,a3Nbe000000Q1BlEAK,a3Kbe000000D9RnEAK,a3Obe000000LI5BEAW,,true,2026-06-12T04:00:56.000+0000,2026-06-13T22:14:08.000+0000
a3Mbe000000KNKqEAO,RSC-005342,Qualquer,,,Atendimento,a3Nbe000000Q1BlEAK,a3Kbe000000D9RoEAK,a3Obe000000LHyjEAG,,true,2026-06-12T04:00:56.000+0000,2026-06-13T22:14:08.000+0000
a3Mbe000000KNKrEAO,RSC-005343,Qualquer,,,Atendimento,a3Nbe000000Q1BlEAK,a3Kbe000000D9RoEAK,a3Obe000000LI0LEAW,,true,2026-06-12T04:00:56.000+0000,2026-06-13T22:14:08.000+0000
a3Mbe000000KNKsEAO,RSC-005344,Qualquer,,,Atendimento,a3Nbe000000Q1BlEAK,a3Kbe000000D9RoEAK,a3Obe000000LI1xEAG,,true,2026-06-12T04:00:56.000+0000,2026-06-13T22:14:08.000+0000
a3Mbe000000KNKtEAO,RSC-005345,Qualquer,,,Atendimento,a3Nbe000000Q1BlEAK,a3Kbe000000D9RoEAK,a3Obe000000LI5BEAW,,true,2026-06-12T04:00:56.000+0000,2026-06-13T22:14:08.000+0000
a3Mbe000000KNKuEAO,RSC-005346,Qualquer,,,Atendimento,a3Nbe000000Q1BlEAK,a3Kbe000000D9RpEAK,a3Obe000000LHyjEAG,,true,2026-06-12T04:00:56.000+0000,2026-06-13T22:14:08.000+0000
a3Mbe000000KNKvEAO,RSC-005347,Qualquer,,,Atendimento,a3Nbe000000Q1BlEAK,a3Kbe000000D9RpEAK,a3Obe000000LI0LEAW,,true,2026-06-12T04:00:56.000+0000,2026-06-13T22:14:08.000+0000
a3Mbe000000KNKwEAO,RSC-005348,Qualquer,,,Atendimento,a3Nbe000000Q1BlEAK,a3Kbe000000D9RpEAK,a3Obe000000LI1xEAG,,true,2026-06-12T04:00:56.000+0000,2026-06-13T22:14:08.000+0000
a3Mbe000000KNKxEAO,RSC-005349,Qualquer,,,Atendimento,a3Nbe000000Q1BlEAK,a3Kbe000000D9RpEAK,a3Obe000000LI5BEAW,,true,2026-06-12T04:00:56.000+0000,2026-06-13T22:14:08.000+0000
a3Mbe000000KNKyEAO,RSC-005350,Qualquer,,,Atendimento,a3Nbe000000Q1BlEAK,a3Kbe000000D9RqEAK,a3Obe000000LHyjEAG,,true,2026-06-12T04:00:56.000+0000,2026-06-13T22:14:08.000+0000
a3Mbe000000KNKzEAO,RSC-005351,Qualquer,,,Atendimento,a3Nbe000000Q1BlEAK,a3Kbe000000D9RqEAK,a3Obe000000LI0LEAW,,true,2026-06-12T04:00:56.000+0000,2026-06-13T22:14:08.000+0000
a3Mbe000000KNL0EAO,RSC-005352,Qualquer,,,Atendimento,a3Nbe000000Q1BlEAK,a3Kbe000000D9RqEAK,a3Obe000000LI1xEAG,,true,2026-06-12T04:00:56.000+0000,2026-06-13T22:14:08.000+0000
a3Mbe000000KNL1EAO,RSC-005353,Qualquer,,,Atendimento,a3Nbe000000Q1BlEAK,a3Kbe000000D9RqEAK,a3Obe000000LI5BEAW,,true,2026-06-12T04:00:56.000+0000,2026-06-13T22:14:08.000+0000
a3Mbe000000KNL2EAO,RSC-005354,Qualquer,,,Atendimento,a3Nbe000000Q1BlEAK,a3Kbe000000D9RrEAK,a3Obe000000LHyjEAG,,true,2026-06-12T04:00:56.000+0000,2026-06-13T22:14:08.000+0000
a3Mbe000000KNL3EAO,RSC-005355,Qualquer,,,Atendimento,a3Nbe000000Q1BlEAK,a3Kbe000000D9RrEAK,a3Obe000000LI0LEAW,,true,2026-06-12T04:00:56.000+0000,2026-06-13T22:14:08.000+0000
a3Mbe000000KNL4EAO,RSC-005356,Qualquer,,,Atendimento,a3Nbe000000Q1BlEAK,a3Kbe000000D9RrEAK,a3Obe000000LI1xEAG,,true,2026-06-12T04:00:56.000+0000,2026-06-13T22:14:08.000+0000
a3Mbe000000KNL5EAO,RSC-005357,Qualquer,,,Atendimento,a3Nbe000000Q1BlEAK,a3Kbe000000D9RrEAK,a3Obe000000LI5BEAW,,true,2026-06-12T04:00:56.000+0000,2026-06-13T22:14:08.000+0000
a3Mbe000000KNL6EAO,RSC-005358,Qualquer,,,Atendimento,a3Nbe000000Q1BlEAK,a3Kbe000000D9RsEAK,a3Obe000000LHyjEAG,,true,2026-06-12T04:00:56.000+0000,2026-06-13T22:14:08.000+0000
a3Mbe000000KNL7EAO,RSC-005359,Qualquer,,,Atendimento,a3Nbe000000Q1BlEAK,a3Kbe000000D9RsEAK,a3Obe000000LI0LEAW,,true,2026-06-12T04:00:56.000+0000,2026-06-13T22:14:08.000+0000
a3Mbe000000KNL8EAO,RSC-005360,Qualquer,,,Atendimento,a3Nbe000000Q1BlEAK,a3Kbe000000D9RsEAK,a3Obe000000LI1xEAG,,true,2026-06-12T04:00:56.000+0000,2026-06-13T22:14:08.000+0000
a3Mbe000000KNL9EAO,RSC-005361,Qualquer,,,Atendimento,a3Nbe000000Q1BlEAK,a3Kbe000000D9RsEAK,a3Obe000000LI5BEAW,,true,2026-06-12T04:00:56.000+0000,2026-06-13T22:14:08.000+0000
a3Mbe000000KNLAEA4,RSC-005362,Qualquer,,,Atendimento,a3Nbe000000Q1BlEAK,a3Kbe000000D9RtEAK,a3Obe000000LHyjEAG,,true,2026-06-12T04:00:56.000+0000,2026-06-13T22:14:08.000+0000
a3Mbe000000KNLBEA4,RSC-005363,Qualquer,,,Atendimento,a3Nbe000000Q1BlEAK,a3Kbe000000D9RtEAK,a3Obe000000LI0LEAW,,true,2026-06-12T04:00:56.000+0000,2026-06-13T22:14:08.000+0000
a3Mbe000000KNLCEA4,RSC-005364,Qualquer,,,Atendimento,a3Nbe000000Q1BlEAK,a3Kbe000000D9RtEAK,a3Obe000000LI1xEAG,,true,2026-06-12T04:00:56.000+0000,2026-06-13T22:14:08.000+0000
a3Mbe000000KNLDEA4,RSC-005365,Qualquer,,,Atendimento,a3Nbe000000Q1BlEAK,a3Kbe000000D9RtEAK,a3Obe000000LI5BEAW,,true,2026-06-12T04:00:56.000+0000,2026-06-13T22:14:08.000+0000
a3Mbe000000KNLEEA4,RSC-005366,Qualquer,,,Atendimento,a3Nbe000000Q1BlEAK,a3Kbe000000D9RuEAK,a3Obe000000LHyjEAG,,true,2026-06-12T04:00:56.000+0000,2026-06-13T22:14:08.000+0000
a3Mbe000000KNLFEA4,RSC-005367,Qualquer,,,Atendimento,a3Nbe000000Q1BlEAK,a3Kbe000000D9RuEAK,a3Obe000000LI0LEAW,,true,2026-06-12T04:00:56.000+0000,2026-06-13T22:14:08.000+0000
a3Mbe000000KNLGEA4,RSC-005368,Qualquer,,,Atendimento,a3Nbe000000Q1BlEAK,a3Kbe000000D9RuEAK,a3Obe000000LI1xEAG,,true,2026-06-12T04:00:56.000+0000,2026-06-13T22:14:08.000+0000
a3Mbe000000KNLHEA4,RSC-005369,Qualquer,,,Atendimento,a3Nbe000000Q1BlEAK,a3Kbe000000D9RuEAK,a3Obe000000LI5BEAW,,true,2026-06-12T04:00:56.000+0000,2026-06-13T22:14:08.000+0000
a3Mbe000000KNLIEA4,RSC-005370,Qualquer,,,Atendimento,a3Nbe000000Q1BlEAK,a3Kbe000000D9RvEAK,a3Obe000000LHyjEAG,,true,2026-06-12T04:00:56.000+0000,2026-06-13T22:14:08.000+0000
a3Mbe000000KNLJEA4,RSC-005371,Qualquer,,,Atendimento,a3Nbe000000Q1BlEAK,a3Kbe000000D9RvEAK,a3Obe000000LI0LEAW,,true,2026-06-12T04:00:56.000+0000,2026-06-13T22:14:08.000+0000
a3Mbe000000KNLKEA4,RSC-005372,Qualquer,,,Atendimento,a3Nbe000000Q1BlEAK,a3Kbe000000D9RvEAK,a3Obe000000LI1xEAG,,true,2026-06-12T04:00:56.000+0000,2026-06-13T22:14:08.000+0000
a3Mbe000000KNLLEA4,RSC-005373,Qualquer,,,Atendimento,a3Nbe000000Q1BlEAK,a3Kbe000000D9RvEAK,a3Obe000000LI5BEAW,,true,2026-06-12T04:00:56.000+0000,2026-06-13T22:14:08.000+0000
a3Mbe000000KNLMEA4,RSC-005374,Qualquer,,,Atendimento,a3Nbe000000Q1BlEAK,a3Kbe000000D9RwEAK,a3Obe000000LHyjEAG,,true,2026-06-12T04:00:56.000+0000,2026-06-13T22:14:08.000+0000
a3Mbe000000KNLNEA4,RSC-005375,Qualquer,,,Atendimento,a3Nbe000000Q1BlEAK,a3Kbe000000D9RwEAK,a3Obe000000LI0LEAW,,true,2026-06-12T04:00:56.000+0000,2026-06-13T22:14:08.000+0000
a3Mbe000000KNLOEA4,RSC-005376,Qualquer,,,Atendimento,a3Nbe000000Q1BlEAK,a3Kbe000000D9RwEAK,a3Obe000000LI1xEAG,,true,2026-06-12T04:00:56.000+0000,2026-06-13T22:14:08.000+0000
a3Mbe000000KNLPEA4,RSC-005377,Qualquer,,,Atendimento,a3Nbe000000Q1BlEAK,a3Kbe000000D9RwEAK,a3Obe000000LI5BEAW,,true,2026-06-12T04:00:56.000+0000,2026-06-13T22:14:08.000+0000
a3Mbe000000KNLQEA4,RSC-005378,Qualquer,,,Atendimento,a3Nbe000000Q1BlEAK,a3Kbe000000D9RxEAK,a3Obe000000LHyjEAG,,true,2026-06-12T04:00:56.000+0000,2026-06-13T22:14:08.000+0000
a3Mbe000000KNLREA4,RSC-005379,Qualquer,,,Atendimento,a3Nbe000000Q1BlEAK,a3Kbe000000D9RxEAK,a3Obe000000LI0LEAW,,true,2026-06-12T04:00:56.000+0000,2026-06-13T22:14:08.000+0000
a3Mbe000000KNLSEA4,RSC-005380,Qualquer,,,Atendimento,a3Nbe000000Q1BlEAK,a3Kbe000000D9RxEAK,a3Obe000000LI1xEAG,,true,2026-06-12T04:00:56.000+0000,2026-06-13T22:14:08.000+0000
a3Mbe000000KNLTEA4,RSC-005381,Qualquer,,,Atendimento,a3Nbe000000Q1BlEAK,a3Kbe000000D9RxEAK,a3Obe000000LI5BEAW,,true,2026-06-12T04:00:56.000+0000,2026-06-13T22:14:08.000+0000
a3Mbe000000KNLUEA4,RSC-005382,Qualquer,,,Atendimento,a3Nbe000000Q1BlEAK,a3Kbe000000D9RyEAK,a3Obe000000LHyjEAG,,true,2026-06-12T04:00:56.000+0000,2026-06-13T22:14:08.000+0000
a3Mbe000000KNLVEA4,RSC-005383,Qualquer,,,Atendimento,a3Nbe000000Q1BlEAK,a3Kbe000000D9RyEAK,a3Obe000000LI0LEAW,,true,2026-06-12T04:00:56.000+0000,2026-06-13T22:14:08.000+0000
a3Mbe000000KNLWEA4,RSC-005384,Qualquer,,,Atendimento,a3Nbe000000Q1BlEAK,a3Kbe000000D9RyEAK,a3Obe000000LI1xEAG,,true,2026-06-12T04:00:56.000+0000,2026-06-13T22:14:08.000+0000
a3Mbe000000KNLXEA4,RSC-005385,Qualquer,,,Atendimento,a3Nbe000000Q1BlEAK,a3Kbe000000D9RyEAK,a3Obe000000LI5BEAW,,true,2026-06-12T04:00:56.000+0000,2026-06-13T22:14:08.000+0000
a3Mbe000000KNLYEA4,RSC-005386,Qualquer,,,Atendimento,a3Nbe000000Q1BlEAK,a3Kbe000000D9RzEAK,a3Obe000000LHyjEAG,,true,2026-06-12T04:00:56.000+0000,2026-06-13T22:14:08.000+0000
a3Mbe000000KNLZEA4,RSC-005387,Qualquer,,,Atendimento,a3Nbe000000Q1BlEAK,a3Kbe000000D9RzEAK,a3Obe000000LI0LEAW,,true,2026-06-12T04:00:56.000+0000,2026-06-13T22:14:08.000+0000
a3Mbe000000KNLaEAO,RSC-005388,Qualquer,,,Atendimento,a3Nbe000000Q1BlEAK,a3Kbe000000D9RzEAK,a3Obe000000LI1xEAG,,true,2026-06-12T04:00:56.000+0000,2026-06-13T22:14:08.000+0000
a3Mbe000000KNLbEAO,RSC-005389,Qualquer,,,Atendimento,a3Nbe000000Q1BlEAK,a3Kbe000000D9RzEAK,a3Obe000000LI5BEAW,,true,2026-06-12T04:00:56.000+0000,2026-06-13T22:14:08.000+0000
a3Mbe000000KNLcEAO,RSC-005390,Qualquer,,,Atendimento,a3Nbe000000Q1BlEAK,a3Kbe000000D9S0EAK,a3Obe000000LHyjEAG,,true,2026-06-12T04:00:56.000+0000,2026-06-13T22:14:08.000+0000
a3Mbe000000KNLdEAO,RSC-005391,Qualquer,,,Atendimento,a3Nbe000000Q1BlEAK,a3Kbe000000D9S0EAK,a3Obe000000LI0LEAW,,true,2026-06-12T04:00:56.000+0000,2026-06-13T22:14:08.000+0000
a3Mbe000000KNLeEAO,RSC-005392,Qualquer,,,Atendimento,a3Nbe000000Q1BlEAK,a3Kbe000000D9S0EAK,a3Obe000000LI1xEAG,,true,2026-06-12T04:00:56.000+0000,2026-06-13T22:14:08.000+0000
a3Mbe000000KNLfEAO,RSC-005393,Qualquer,,,Atendimento,a3Nbe000000Q1BlEAK,a3Kbe000000D9S0EAK,a3Obe000000LI5BEAW,,true,2026-06-12T04:00:56.000+0000,2026-06-13T22:14:08.000+0000
a3Mbe000000KNLgEAO,RSC-005394,Qualquer,,,Atendimento,a3Nbe000000Q1BlEAK,a3Kbe000000D9MFEA0,a3Obe000000LHyjEAG,,true,2026-06-12T04:00:56.000+0000,2026-06-13T22:14:08.000+0000
a3Mbe000000KNLhEAO,RSC-005395,Qualquer,,,Atendimento,a3Nbe000000Q1BlEAK,a3Kbe000000D9MFEA0,a3Obe000000LI0LEAW,,true,2026-06-12T04:00:56.000+0000,2026-06-13T22:14:08.000+0000
a3Mbe000000KNLiEAO,RSC-005396,Qualquer,,,Atendimento,a3Nbe000000Q1BlEAK,a3Kbe000000D9MFEA0,a3Obe000000LI1xEAG,,true,2026-06-12T04:00:56.000+0000,2026-06-13T22:14:08.000+0000
a3Mbe000000KNLjEAO,RSC-005397,Qualquer,,,Atendimento,a3Nbe000000Q1BlEAK,a3Kbe000000D9MFEA0,a3Obe000000LI5BEAW,,true,2026-06-12T04:00:56.000+0000,2026-06-13T22:14:08.000+0000
a3Mbe000000KNLkEAO,RSC-005398,Qualquer,,,Atendimento,a3Nbe000000Q1BlEAK,a3Kbe000000D9S1EAK,a3Obe000000LHyjEAG,,true,2026-06-12T04:00:56.000+0000,2026-06-13T22:14:08.000+0000
a3Mbe000000KNLlEAO,RSC-005399,Qualquer,,,Atendimento,a3Nbe000000Q1BlEAK,a3Kbe000000D9S1EAK,a3Obe000000LI0LEAW,,true,2026-06-12T04:00:56.000+0000,2026-06-13T22:14:08.000+0000
a3Mbe000000KNLmEAO,RSC-005400,Qualquer,,,Atendimento,a3Nbe000000Q1BlEAK,a3Kbe000000D9S1EAK,a3Obe000000LI1xEAG,,true,2026-06-12T04:00:56.000+0000,2026-06-13T22:14:08.000+0000
a3Mbe000000KNLnEAO,RSC-005401,Qualquer,,,Atendimento,a3Nbe000000Q1BlEAK,a3Kbe000000D9S1EAK,a3Obe000000LI5BEAW,,true,2026-06-12T04:00:56.000+0000,2026-06-13T22:14:08.000+0000
a3Mbe000000KNLoEAO,RSC-005402,Qualquer,,,Atendimento,a3Nbe000000Q1BlEAK,a3Kbe000000D9MGEA0,a3Obe000000LHyjEAG,,true,2026-06-12T04:00:56.000+0000,2026-06-13T22:14:08.000+0000
a3Mbe000000KNLpEAO,RSC-005403,Qualquer,,,Atendimento,a3Nbe000000Q1BlEAK,a3Kbe000000D9MGEA0,a3Obe000000LI0LEAW,,true,2026-06-12T04:00:56.000+0000,2026-06-13T22:14:08.000+0000
a3Mbe000000KNLqEAO,RSC-005404,Qualquer,,,Atendimento,a3Nbe000000Q1BlEAK,a3Kbe000000D9MGEA0,a3Obe000000LI1xEAG,,true,2026-06-12T04:00:56.000+0000,2026-06-13T22:14:08.000+0000
a3Mbe000000KNLrEAO,RSC-005405,Qualquer,,,Atendimento,a3Nbe000000Q1BlEAK,a3Kbe000000D9MGEA0,a3Obe000000LI5BEAW,,true,2026-06-12T04:00:56.000+0000,2026-06-13T22:14:08.000+0000
a3Mbe000000KNLsEAO,RSC-005406,Qualquer,,,Atendimento,a3Nbe000000Q1BlEAK,a3Kbe000000D9S2EAK,a3Obe000000LHyjEAG,,true,2026-06-12T04:00:56.000+0000,2026-06-13T22:14:08.000+0000
a3Mbe000000KNLtEAO,RSC-005407,Qualquer,,,Atendimento,a3Nbe000000Q1BlEAK,a3Kbe000000D9S2EAK,a3Obe000000LI0LEAW,,true,2026-06-12T04:00:56.000+0000,2026-06-13T22:14:08.000+0000
a3Mbe000000KNLuEAO,RSC-005408,Qualquer,,,Atendimento,a3Nbe000000Q1BlEAK,a3Kbe000000D9S2EAK,a3Obe000000LI1xEAG,,true,2026-06-12T04:00:56.000+0000,2026-06-13T22:14:08.000+0000
a3Mbe000000KNLvEAO,RSC-005409,Qualquer,,,Atendimento,a3Nbe000000Q1BlEAK,a3Kbe000000D9S2EAK,a3Obe000000LI5BEAW,,true,2026-06-12T04:00:56.000+0000,2026-06-13T22:14:08.000+0000
a3Mbe000000KNLwEAO,RSC-005410,Qualquer,,,Atendimento,a3Nbe000000Q1BlEAK,a3Kbe000000D9MHEA0,a3Obe000000LHyjEAG,,true,2026-06-12T04:00:56.000+0000,2026-06-13T22:14:08.000+0000
a3Mbe000000KNLxEAO,RSC-005411,Qualquer,,,Atendimento,a3Nbe000000Q1BlEAK,a3Kbe000000D9MHEA0,a3Obe000000LI0LEAW,,true,2026-06-12T04:00:56.000+0000,2026-06-13T22:14:08.000+0000
a3Mbe000000KNLyEAO,RSC-005412,Qualquer,,,Atendimento,a3Nbe000000Q1BlEAK,a3Kbe000000D9MHEA0,a3Obe000000LI1xEAG,,true,2026-06-12T04:00:56.000+0000,2026-06-13T22:14:08.000+0000
a3Mbe000000KNLzEAO,RSC-005413,Qualquer,,,Atendimento,a3Nbe000000Q1BlEAK,a3Kbe000000D9MHEA0,a3Obe000000LI5BEAW,,true,2026-06-12T04:00:56.000+0000,2026-06-13T22:14:08.000+0000
a3Mbe000000KNM0EAO,RSC-005414,Qualquer,,,Atendimento,a3Nbe000000Q1BlEAK,a3Kbe000000D9S3EAK,a3Obe000000LHyjEAG,,true,2026-06-12T04:00:56.000+0000,2026-06-13T22:14:08.000+0000
a3Mbe000000KNM1EAO,RSC-005415,Qualquer,,,Atendimento,a3Nbe000000Q1BlEAK,a3Kbe000000D9S3EAK,a3Obe000000LI0LEAW,,true,2026-06-12T04:00:56.000+0000,2026-06-13T22:14:08.000+0000
a3Mbe000000KNM2EAO,RSC-005416,Qualquer,,,Atendimento,a3Nbe000000Q1BlEAK,a3Kbe000000D9S3EAK,a3Obe000000LI1xEAG,,true,2026-06-12T04:00:56.000+0000,2026-06-13T22:14:08.000+0000
a3Mbe000000KNM3EAO,RSC-005417,Qualquer,,,Atendimento,a3Nbe000000Q1BlEAK,a3Kbe000000D9S3EAK,a3Obe000000LI5BEAW,,true,2026-06-12T04:00:56.000+0000,2026-06-13T22:14:08.000+0000
a3Mbe000000KNM4EAO,RSC-005418,Qualquer,,,Atendimento,a3Nbe000000Q1BlEAK,a3Kbe000000D9S4EAK,a3Obe000000LHyjEAG,,true,2026-06-12T04:00:56.000+0000,2026-06-13T22:14:08.000+0000
a3Mbe000000KNM5EAO,RSC-005419,Qualquer,,,Atendimento,a3Nbe000000Q1BlEAK,a3Kbe000000D9S4EAK,a3Obe000000LI0LEAW,,true,2026-06-12T04:00:56.000+0000,2026-06-13T22:14:08.000+0000
a3Mbe000000KNM6EAO,RSC-005420,Qualquer,,,Atendimento,a3Nbe000000Q1BlEAK,a3Kbe000000D9S4EAK,a3Obe000000LI1xEAG,,true,2026-06-12T04:00:56.000+0000,2026-06-13T22:14:08.000+0000
a3Mbe000000KNM7EAO,RSC-005421,Qualquer,,,Atendimento,a3Nbe000000Q1BlEAK,a3Kbe000000D9S4EAK,a3Obe000000LI5BEAW,,true,2026-06-12T04:00:56.000+0000,2026-06-13T22:14:08.000+0000
a3Mbe000000KNM8EAO,RSC-005422,Qualquer,,,Atendimento,a3Nbe000000Q1BlEAK,a3Kbe000000D9S5EAK,a3Obe000000LHyjEAG,,true,2026-06-12T04:00:56.000+0000,2026-06-13T22:14:08.000+0000
a3Mbe000000KNM9EAO,RSC-005423,Qualquer,,,Atendimento,a3Nbe000000Q1BlEAK,a3Kbe000000D9S5EAK,a3Obe000000LI0LEAW,,true,2026-06-12T04:00:56.000+0000,2026-06-13T22:14:08.000+0000
a3Mbe000000KNMAEA4,RSC-005424,Qualquer,,,Atendimento,a3Nbe000000Q1BlEAK,a3Kbe000000D9S5EAK,a3Obe000000LI1xEAG,,true,2026-06-12T04:00:56.000+0000,2026-06-13T22:14:08.000+0000
a3Mbe000000KNMBEA4,RSC-005425,Qualquer,,,Atendimento,a3Nbe000000Q1BlEAK,a3Kbe000000D9S5EAK,a3Obe000000LI5BEAW,,true,2026-06-12T04:00:56.000+0000,2026-06-13T22:14:08.000+0000
a3Mbe000000KNMCEA4,RSC-005426,Qualquer,,,Atendimento,a3Nbe000000Q1BlEAK,a3Kbe000000D9S6EAK,a3Obe000000LHyjEAG,,true,2026-06-12T04:00:56.000+0000,2026-06-13T22:14:08.000+0000
a3Mbe000000KNMDEA4,RSC-005427,Qualquer,,,Atendimento,a3Nbe000000Q1BlEAK,a3Kbe000000D9S6EAK,a3Obe000000LI0LEAW,,true,2026-06-12T04:00:56.000+0000,2026-06-13T22:14:08.000+0000
a3Mbe000000KNMEEA4,RSC-005428,Qualquer,,,Atendimento,a3Nbe000000Q1BlEAK,a3Kbe000000D9S6EAK,a3Obe000000LI1xEAG,,true,2026-06-12T04:00:56.000+0000,2026-06-13T22:14:08.000+0000
a3Mbe000000KNMFEA4,RSC-005429,Qualquer,,,Atendimento,a3Nbe000000Q1BlEAK,a3Kbe000000D9S6EAK,a3Obe000000LI5BEAW,,true,2026-06-12T04:00:56.000+0000,2026-06-13T22:14:08.000+0000
a3Mbe000000KNMGEA4,RSC-005430,Qualquer,,,Atendimento,a3Nbe000000Q1BlEAK,a3Kbe000000D9S7EAK,a3Obe000000LHyjEAG,,true,2026-06-12T04:00:56.000+0000,2026-06-13T22:14:08.000+0000
a3Mbe000000KNMHEA4,RSC-005431,Qualquer,,,Atendimento,a3Nbe000000Q1BlEAK,a3Kbe000000D9S7EAK,a3Obe000000LI0LEAW,,true,2026-06-12T04:00:56.000+0000,2026-06-13T22:14:08.000+0000
a3Mbe000000KNMIEA4,RSC-005432,Qualquer,,,Atendimento,a3Nbe000000Q1BlEAK,a3Kbe000000D9S7EAK,a3Obe000000LI1xEAG,,true,2026-06-12T04:00:56.000+0000,2026-06-13T22:14:08.000+0000
a3Mbe000000KNMJEA4,RSC-005433,Qualquer,,,Atendimento,a3Nbe000000Q1BlEAK,a3Kbe000000D9S7EAK,a3Obe000000LI5BEAW,,true,2026-06-12T04:00:56.000+0000,2026-06-13T22:14:08.000+0000
a3Mbe000000KNMKEA4,RSC-005434,Qualquer,,,Atendimento,a3Nbe000000Q1BlEAK,a3Kbe000000D9S8EAK,a3Obe000000LHyjEAG,,true,2026-06-12T04:00:56.000+0000,2026-06-13T22:14:08.000+0000
a3Mbe000000KNMLEA4,RSC-005435,Qualquer,,,Atendimento,a3Nbe000000Q1BlEAK,a3Kbe000000D9S8EAK,a3Obe000000LI0LEAW,,true,2026-06-12T04:00:56.000+0000,2026-06-13T22:14:08.000+0000
a3Mbe000000KNMMEA4,RSC-005436,Qualquer,,,Atendimento,a3Nbe000000Q1BlEAK,a3Kbe000000D9S8EAK,a3Obe000000LI1xEAG,,true,2026-06-12T04:00:56.000+0000,2026-06-13T22:14:08.000+0000
a3Mbe000000KNMNEA4,RSC-005437,Qualquer,,,Atendimento,a3Nbe000000Q1BlEAK,a3Kbe000000D9S8EAK,a3Obe000000LI5BEAW,,true,2026-06-12T04:00:56.000+0000,2026-06-13T22:14:08.000+0000
a3Mbe000000KNMOEA4,RSC-005438,Qualquer,,,Atendimento,a3Nbe000000Q1BlEAK,a3Kbe000000D9S9EAK,a3Obe000000LHyjEAG,,true,2026-06-12T04:00:56.000+0000,2026-06-13T22:14:08.000+0000
a3Mbe000000KNMPEA4,RSC-005439,Qualquer,,,Atendimento,a3Nbe000000Q1BlEAK,a3Kbe000000D9S9EAK,a3Obe000000LI0LEAW,,true,2026-06-12T04:00:56.000+0000,2026-06-13T22:14:08.000+0000
a3Mbe000000KNMQEA4,RSC-005440,Qualquer,,,Atendimento,a3Nbe000000Q1BlEAK,a3Kbe000000D9S9EAK,a3Obe000000LI1xEAG,,true,2026-06-12T04:00:56.000+0000,2026-06-13T22:14:08.000+0000
a3Mbe000000KNMREA4,RSC-005441,Qualquer,,,Atendimento,a3Nbe000000Q1BlEAK,a3Kbe000000D9S9EAK,a3Obe000000LI5BEAW,,true,2026-06-12T04:00:56.000+0000,2026-06-13T22:14:08.000+0000
a3Mbe000000KNMSEA4,RSC-005442,Qualquer,,,Atendimento,a3Nbe000000Q1BlEAK,a3Kbe000000D9SAEA0,a3Obe000000LHyjEAG,,true,2026-06-12T04:00:56.000+0000,2026-06-13T22:14:08.000+0000
a3Mbe000000KNMTEA4,RSC-005443,Qualquer,,,Atendimento,a3Nbe000000Q1BlEAK,a3Kbe000000D9SAEA0,a3Obe000000LI0LEAW,,true,2026-06-12T04:00:56.000+0000,2026-06-13T22:14:08.000+0000
a3Mbe000000KNMUEA4,RSC-005444,Qualquer,,,Atendimento,a3Nbe000000Q1BlEAK,a3Kbe000000D9SAEA0,a3Obe000000LI1xEAG,,true,2026-06-12T04:00:56.000+0000,2026-06-13T22:14:08.000+0000
a3Mbe000000KNMVEA4,RSC-005445,Qualquer,,,Atendimento,a3Nbe000000Q1BlEAK,a3Kbe000000D9SAEA0,a3Obe000000LI5BEAW,,true,2026-06-12T04:00:56.000+0000,2026-06-13T22:14:08.000+0000
a3Mbe000000KNMWEA4,RSC-005446,Qualquer,,,Atendimento,a3Nbe000000Q1BlEAK,a3Kbe000000D9SBEA0,a3Obe000000LHyjEAG,,true,2026-06-12T04:00:56.000+0000,2026-06-13T22:14:08.000+0000
a3Mbe000000KNMXEA4,RSC-005447,Qualquer,,,Atendimento,a3Nbe000000Q1BlEAK,a3Kbe000000D9SBEA0,a3Obe000000LI0LEAW,,true,2026-06-12T04:00:56.000+0000,2026-06-13T22:14:08.000+0000
a3Mbe000000KNMYEA4,RSC-005448,Qualquer,,,Atendimento,a3Nbe000000Q1BlEAK,a3Kbe000000D9SBEA0,a3Obe000000LI1xEAG,,true,2026-06-12T04:00:56.000+0000,2026-06-13T22:14:08.000+0000
a3Mbe000000KNMZEA4,RSC-005449,Qualquer,,,Atendimento,a3Nbe000000Q1BlEAK,a3Kbe000000D9SBEA0,a3Obe000000LI5BEAW,,true,2026-06-12T04:00:56.000+0000,2026-06-13T22:14:08.000+0000
a3Mbe000000KNMaEAO,RSC-005450,Qualquer,,,Atendimento,a3Nbe000000Q1BlEAK,a3Kbe000000D9SCEA0,a3Obe000000LHyjEAG,,true,2026-06-12T04:00:56.000+0000,2026-06-13T22:14:08.000+0000
a3Mbe000000KNMbEAO,RSC-005451,Qualquer,,,Atendimento,a3Nbe000000Q1BlEAK,a3Kbe000000D9SCEA0,a3Obe000000LI0LEAW,,true,2026-06-12T04:00:56.000+0000,2026-06-13T22:14:08.000+0000
a3Mbe000000KNMcEAO,RSC-005452,Qualquer,,,Atendimento,a3Nbe000000Q1BlEAK,a3Kbe000000D9SCEA0,a3Obe000000LI1xEAG,,true,2026-06-12T04:00:56.000+0000,2026-06-13T22:14:08.000+0000
a3Mbe000000KNMdEAO,RSC-005453,Qualquer,,,Atendimento,a3Nbe000000Q1BlEAK,a3Kbe000000D9SCEA0,a3Obe000000LI5BEAW,,true,2026-06-12T04:00:56.000+0000,2026-06-13T22:14:08.000+0000
a3Mbe000000KNMeEAO,RSC-005454,Qualquer,,,Atendimento,a3Nbe000000Q1BlEAK,a3Kbe000000D9SDEA0,a3Obe000000LHyjEAG,,true,2026-06-12T04:00:56.000+0000,2026-06-13T22:14:08.000+0000
a3Mbe000000KNMfEAO,RSC-005455,Qualquer,,,Atendimento,a3Nbe000000Q1BlEAK,a3Kbe000000D9SDEA0,a3Obe000000LI0LEAW,,true,2026-06-12T04:00:56.000+0000,2026-06-13T22:14:08.000+0000
a3Mbe000000KNMgEAO,RSC-005456,Qualquer,,,Atendimento,a3Nbe000000Q1BlEAK,a3Kbe000000D9SDEA0,a3Obe000000LI1xEAG,,true,2026-06-12T04:00:56.000+0000,2026-06-13T22:14:08.000+0000
a3Mbe000000KNMhEAO,RSC-005457,Qualquer,,,Atendimento,a3Nbe000000Q1BlEAK,a3Kbe000000D9SDEA0,a3Obe000000LI5BEAW,,true,2026-06-12T04:00:56.000+0000,2026-06-13T22:14:08.000+0000
a3Mbe000000KNMiEAO,RSC-005458,Qualquer,,,Atendimento,a3Nbe000000Q1BlEAK,a3Kbe000000D9SEEA0,a3Obe000000LHyjEAG,,true,2026-06-12T04:00:56.000+0000,2026-06-13T22:14:08.000+0000
a3Mbe000000KNMjEAO,RSC-005459,Qualquer,,,Atendimento,a3Nbe000000Q1BlEAK,a3Kbe000000D9SEEA0,a3Obe000000LI0LEAW,,true,2026-06-12T04:00:56.000+0000,2026-06-13T22:14:08.000+0000
a3Mbe000000KNMkEAO,RSC-005460,Qualquer,,,Atendimento,a3Nbe000000Q1BlEAK,a3Kbe000000D9SEEA0,a3Obe000000LI1xEAG,,true,2026-06-12T04:00:56.000+0000,2026-06-13T22:14:08.000+0000
a3Mbe000000KNMlEAO,RSC-005461,Qualquer,,,Atendimento,a3Nbe000000Q1BlEAK,a3Kbe000000D9SEEA0,a3Obe000000LI5BEAW,,true,2026-06-12T04:00:56.000+0000,2026-06-13T22:14:08.000+0000
a3Mbe000000KNMmEAO,RSC-005462,Qualquer,,,Atendimento,a3Nbe000000Q1BlEAK,a3Kbe000000D9MIEA0,a3Obe000000LHyjEAG,,true,2026-06-12T04:00:56.000+0000,2026-06-13T22:14:08.000+0000
a3Mbe000000KNMnEAO,RSC-005463,Qualquer,,,Atendimento,a3Nbe000000Q1BlEAK,a3Kbe000000D9MIEA0,a3Obe000000LI0LEAW,,true,2026-06-12T04:00:56.000+0000,2026-06-13T22:14:08.000+0000
a3Mbe000000KNMoEAO,RSC-005464,Qualquer,,,Atendimento,a3Nbe000000Q1BlEAK,a3Kbe000000D9MIEA0,a3Obe000000LI5BEAW,,true,2026-06-12T04:00:56.000+0000,2026-06-13T22:14:08.000+0000
a3Mbe000000KNMpEAO,RSC-005465,Qualquer,,,Atendimento,a3Nbe000000Q1BlEAK,a3Kbe000000D9MJEA0,a3Obe000000LHyjEAG,,true,2026-06-12T04:00:56.000+0000,2026-06-13T22:14:08.000+0000
a3Mbe000000KNMqEAO,RSC-005466,Qualquer,,,Atendimento,a3Nbe000000Q1BlEAK,a3Kbe000000D9MJEA0,a3Obe000000LI0LEAW,,true,2026-06-12T04:00:56.000+0000,2026-06-13T22:14:08.000+0000
a3Mbe000000KNMrEAO,RSC-005467,Qualquer,,,Atendimento,a3Nbe000000Q1BlEAK,a3Kbe000000D9MJEA0,a3Obe000000LI5BEAW,,true,2026-06-12T04:00:56.000+0000,2026-06-13T22:14:08.000+0000
a3Mbe000000KNMsEAO,RSC-005468,Qualquer,,,Atendimento,a3Nbe000000Q1BlEAK,a3Kbe000000D9MKEA0,a3Obe000000LHyjEAG,,true,2026-06-12T04:00:56.000+0000,2026-06-13T22:14:08.000+0000
a3Mbe000000KNMtEAO,RSC-005469,Qualquer,,,Atendimento,a3Nbe000000Q1BlEAK,a3Kbe000000D9MKEA0,a3Obe000000LI0LEAW,,true,2026-06-12T04:00:56.000+0000,2026-06-13T22:14:08.000+0000
a3Mbe000000KNMuEAO,RSC-005470,Qualquer,,,Atendimento,a3Nbe000000Q1BlEAK,a3Kbe000000D9MKEA0,a3Obe000000LI5BEAW,,true,2026-06-12T04:00:56.000+0000,2026-06-13T22:14:08.000+0000
a3Mbe000000KNMvEAO,RSC-005471,Qualquer,,,Atendimento,a3Nbe000000Q1BlEAK,a3Kbe000000D9MLEA0,a3Obe000000LHyjEAG,,true,2026-06-12T04:00:56.000+0000,2026-06-13T22:14:08.000+0000
a3Mbe000000KNMwEAO,RSC-005472,Qualquer,,,Atendimento,a3Nbe000000Q1BlEAK,a3Kbe000000D9MLEA0,a3Obe000000LI0LEAW,,true,2026-06-12T04:00:56.000+0000,2026-06-13T22:14:08.000+0000
a3Mbe000000KNMxEAO,RSC-005473,Qualquer,,,Atendimento,a3Nbe000000Q1BlEAK,a3Kbe000000D9MLEA0,a3Obe000000LI5BEAW,,true,2026-06-12T04:00:56.000+0000,2026-06-13T22:14:08.000+0000
a3Mbe000000KNMyEAO,RSC-005474,Qualquer,,,Atendimento,a3Nbe000000Q1BlEAK,a3Kbe000000D9MMEA0,a3Obe000000LHyjEAG,,true,2026-06-12T04:00:56.000+0000,2026-06-13T22:14:08.000+0000
a3Mbe000000KNMzEAO,RSC-005475,Qualquer,,,Atendimento,a3Nbe000000Q1BlEAK,a3Kbe000000D9MMEA0,a3Obe000000LI0LEAW,,true,2026-06-12T04:00:56.000+0000,2026-06-13T22:14:08.000+0000
a3Mbe000000KNN0EAO,RSC-005476,Qualquer,,,Atendimento,a3Nbe000000Q1BlEAK,a3Kbe000000D9MMEA0,a3Obe000000LI5BEAW,,true,2026-06-12T04:00:56.000+0000,2026-06-13T22:14:08.000+0000
a3Mbe000000KNN1EAO,RSC-005477,Qualquer,,,Atendimento,a3Nbe000000Q1BlEAK,a3Kbe000000D9MNEA0,a3Obe000000LHyjEAG,,true,2026-06-12T04:00:56.000+0000,2026-06-13T22:14:08.000+0000
a3Mbe000000KNN2EAO,RSC-005478,Qualquer,,,Atendimento,a3Nbe000000Q1BlEAK,a3Kbe000000D9MNEA0,a3Obe000000LI0LEAW,,true,2026-06-12T04:00:56.000+0000,2026-06-13T22:14:08.000+0000
a3Mbe000000KNN3EAO,RSC-005479,Qualquer,,,Atendimento,a3Nbe000000Q1BlEAK,a3Kbe000000D9MNEA0,a3Obe000000LI5BEAW,,true,2026-06-12T04:00:56.000+0000,2026-06-13T22:14:08.000+0000
a3Mbe000000KNN4EAO,RSC-005480,Qualquer,,,Atendimento,a3Nbe000000Q1BlEAK,a3Kbe000000D9SFEA0,a3Obe000000LHyjEAG,,true,2026-06-12T04:00:56.000+0000,2026-06-13T22:14:08.000+0000
a3Mbe000000KNN5EAO,RSC-005481,Qualquer,,,Atendimento,a3Nbe000000Q1BlEAK,a3Kbe000000D9SFEA0,a3Obe000000LI0LEAW,,true,2026-06-12T04:00:56.000+0000,2026-06-13T22:14:08.000+0000
a3Mbe000000KNN6EAO,RSC-005482,Qualquer,,,Atendimento,a3Nbe000000Q1BlEAK,a3Kbe000000D9SFEA0,a3Obe000000LI5BEAW,,true,2026-06-12T04:00:56.000+0000,2026-06-13T22:14:08.000+0000
a3Mbe000000KNN7EAO,RSC-005483,Qualquer,,,Atendimento,a3Nbe000000Q1BlEAK,a3Kbe000000D9SGEA0,a3Obe000000LHyjEAG,,true,2026-06-12T04:00:56.000+0000,2026-06-13T22:14:08.000+0000
a3Mbe000000KNN8EAO,RSC-005484,Qualquer,,,Atendimento,a3Nbe000000Q1BlEAK,a3Kbe000000D9SGEA0,a3Obe000000LI0LEAW,,true,2026-06-12T04:00:56.000+0000,2026-06-13T22:14:08.000+0000
a3Mbe000000KNN9EAO,RSC-005485,Qualquer,,,Atendimento,a3Nbe000000Q1BlEAK,a3Kbe000000D9SGEA0,a3Obe000000LI5BEAW,,true,2026-06-12T04:00:56.000+0000,2026-06-13T22:14:08.000+0000
a3Mbe000000KNNAEA4,RSC-005486,Qualquer,,,Atendimento,a3Nbe000000Q1BlEAK,a3Kbe000000D9SHEA0,a3Obe000000LHyjEAG,,true,2026-06-12T04:00:56.000+0000,2026-06-13T22:14:08.000+0000
a3Mbe000000KNNBEA4,RSC-005487,Qualquer,,,Atendimento,a3Nbe000000Q1BlEAK,a3Kbe000000D9SHEA0,a3Obe000000LI0LEAW,,true,2026-06-12T04:00:56.000+0000,2026-06-13T22:14:08.000+0000
a3Mbe000000KNNCEA4,RSC-005488,Qualquer,,,Atendimento,a3Nbe000000Q1BlEAK,a3Kbe000000D9SHEA0,a3Obe000000LI1xEAG,,true,2026-06-12T04:00:56.000+0000,2026-06-13T22:14:08.000+0000
a3Mbe000000KNNDEA4,RSC-005489,Qualquer,,,Atendimento,a3Nbe000000Q1BlEAK,a3Kbe000000D9SHEA0,a3Obe000000LI5BEAW,,true,2026-06-12T04:00:56.000+0000,2026-06-13T22:14:08.000+0000
a3Mbe000000KNNEEA4,RSC-005490,Qualquer,,,Atendimento,a3Nbe000000Q1BlEAK,a3Kbe000000D9SIEA0,a3Obe000000LHyjEAG,,true,2026-06-12T04:00:56.000+0000,2026-06-13T22:14:08.000+0000
a3Mbe000000KNNFEA4,RSC-005491,Qualquer,,,Atendimento,a3Nbe000000Q1BlEAK,a3Kbe000000D9SIEA0,a3Obe000000LI0LEAW,,true,2026-06-12T04:00:56.000+0000,2026-06-13T22:14:08.000+0000
a3Mbe000000KNNGEA4,RSC-005492,Qualquer,,,Atendimento,a3Nbe000000Q1BlEAK,a3Kbe000000D9SIEA0,a3Obe000000LI1xEAG,,true,2026-06-12T04:00:56.000+0000,2026-06-13T22:14:08.000+0000
a3Mbe000000KNNHEA4,RSC-005493,Qualquer,,,Atendimento,a3Nbe000000Q1BlEAK,a3Kbe000000D9SIEA0,a3Obe000000LI5BEAW,,true,2026-06-12T04:00:56.000+0000,2026-06-13T22:14:08.000+0000
a3Mbe000000KNNIEA4,RSC-005494,Qualquer,,,Atendimento,a3Nbe000000Q1BlEAK,a3Kbe000000D9SJEA0,a3Obe000000LHyjEAG,,true,2026-06-12T04:00:56.000+0000,2026-06-13T22:14:08.000+0000
a3Mbe000000KNNJEA4,RSC-005495,Qualquer,,,Atendimento,a3Nbe000000Q1BlEAK,a3Kbe000000D9SJEA0,a3Obe000000LI0LEAW,,true,2026-06-12T04:00:56.000+0000,2026-06-13T22:14:08.000+0000
a3Mbe000000KNNKEA4,RSC-005496,Qualquer,,,Atendimento,a3Nbe000000Q1BlEAK,a3Kbe000000D9SJEA0,a3Obe000000LI1xEAG,,true,2026-06-12T04:00:56.000+0000,2026-06-13T22:14:08.000+0000
a3Mbe000000KNNLEA4,RSC-005497,Qualquer,,,Atendimento,a3Nbe000000Q1BlEAK,a3Kbe000000D9SJEA0,a3Obe000000LI5BEAW,,true,2026-06-12T04:00:56.000+0000,2026-06-13T22:14:08.000+0000
a3Mbe000000KNNMEA4,RSC-005498,Qualquer,,,Atendimento,a3Nbe000000Q1BlEAK,a3Kbe000000D9SKEA0,a3Obe000000LHyjEAG,,true,2026-06-12T04:00:56.000+0000,2026-06-13T22:14:08.000+0000
a3Mbe000000KNNNEA4,RSC-005499,Qualquer,,,Atendimento,a3Nbe000000Q1BlEAK,a3Kbe000000D9SKEA0,a3Obe000000LI0LEAW,,true,2026-06-12T04:00:56.000+0000,2026-06-13T22:14:08.000+0000
a3Mbe000000KNNOEA4,RSC-005500,Qualquer,,,Atendimento,a3Nbe000000Q1BlEAK,a3Kbe000000D9SKEA0,a3Obe000000LI1xEAG,,true,2026-06-12T04:00:56.000+0000,2026-06-13T22:14:08.000+0000
a3Mbe000000KNNPEA4,RSC-005501,Qualquer,,,Atendimento,a3Nbe000000Q1BlEAK,a3Kbe000000D9SKEA0,a3Obe000000LI5BEAW,,true,2026-06-12T04:00:56.000+0000,2026-06-13T22:14:08.000+0000
a3Mbe000000KNNQEA4,RSC-005502,Qualquer,,,Atendimento,a3Nbe000000Q1BlEAK,a3Kbe000000D9SLEA0,a3Obe000000LHyjEAG,,true,2026-06-12T04:00:56.000+0000,2026-06-13T22:14:08.000+0000
a3Mbe000000KNNREA4,RSC-005503,Qualquer,,,Atendimento,a3Nbe000000Q1BlEAK,a3Kbe000000D9SLEA0,a3Obe000000LI0LEAW,,true,2026-06-12T04:00:56.000+0000,2026-06-13T22:14:08.000+0000
a3Mbe000000KNNSEA4,RSC-005504,Qualquer,,,Atendimento,a3Nbe000000Q1BlEAK,a3Kbe000000D9SLEA0,a3Obe000000LI1xEAG,,true,2026-06-12T04:00:56.000+0000,2026-06-13T22:14:08.000+0000
a3Mbe000000KNNTEA4,RSC-005505,Qualquer,,,Atendimento,a3Nbe000000Q1BlEAK,a3Kbe000000D9SLEA0,a3Obe000000LI5BEAW,,true,2026-06-12T04:00:56.000+0000,2026-06-13T22:14:08.000+0000
a3Mbe000000KNNUEA4,RSC-005506,Qualquer,,,Atendimento,a3Nbe000000Q1BlEAK,a3Kbe000000D9SMEA0,a3Obe000000LHyjEAG,,true,2026-06-12T04:00:56.000+0000,2026-06-13T22:14:08.000+0000
a3Mbe000000KNNVEA4,RSC-005507,Qualquer,,,Atendimento,a3Nbe000000Q1BlEAK,a3Kbe000000D9SMEA0,a3Obe000000LI0LEAW,,true,2026-06-12T04:00:56.000+0000,2026-06-13T22:14:08.000+0000
a3Mbe000000KNNWEA4,RSC-005508,Qualquer,,,Atendimento,a3Nbe000000Q1BlEAK,a3Kbe000000D9SMEA0,a3Obe000000LI1xEAG,,true,2026-06-12T04:00:56.000+0000,2026-06-13T22:14:08.000+0000
a3Mbe000000KNNXEA4,RSC-005509,Qualquer,,,Atendimento,a3Nbe000000Q1BlEAK,a3Kbe000000D9SMEA0,a3Obe000000LI5BEAW,,true,2026-06-12T04:00:56.000+0000,2026-06-13T22:14:08.000+0000
a3Mbe000000KNNYEA4,RSC-005510,Qualquer,,,Atendimento,a3Nbe000000Q1BlEAK,a3Kbe000000D9SNEA0,a3Obe000000LHyjEAG,,true,2026-06-12T04:00:56.000+0000,2026-06-13T22:14:08.000+0000
a3Mbe000000KNNZEA4,RSC-005511,Qualquer,,,Atendimento,a3Nbe000000Q1BlEAK,a3Kbe000000D9SNEA0,a3Obe000000LI0LEAW,,true,2026-06-12T04:00:56.000+0000,2026-06-13T22:14:08.000+0000
a3Mbe000000KNNaEAO,RSC-005512,Qualquer,,,Atendimento,a3Nbe000000Q1BlEAK,a3Kbe000000D9SNEA0,a3Obe000000LI1xEAG,,true,2026-06-12T04:00:56.000+0000,2026-06-13T22:14:08.000+0000
a3Mbe000000KNNbEAO,RSC-005513,Qualquer,,,Atendimento,a3Nbe000000Q1BlEAK,a3Kbe000000D9SNEA0,a3Obe000000LI5BEAW,,true,2026-06-12T04:00:56.000+0000,2026-06-13T22:14:08.000+0000
a3Mbe000000KNNcEAO,RSC-005514,Qualquer,,,Atendimento,a3Nbe000000Q1BlEAK,a3Kbe000000D9MOEA0,a3Obe000000LHyjEAG,,true,2026-06-12T04:00:56.000+0000,2026-06-13T22:14:08.000+0000
a3Mbe000000KNNdEAO,RSC-005515,Qualquer,,,Atendimento,a3Nbe000000Q1BlEAK,a3Kbe000000D9MOEA0,a3Obe000000LI0LEAW,,true,2026-06-12T04:00:56.000+0000,2026-06-13T22:14:08.000+0000
a3Mbe000000KNNeEAO,RSC-005516,Qualquer,,,Atendimento,a3Nbe000000Q1BlEAK,a3Kbe000000D9MOEA0,a3Obe000000LI1xEAG,,true,2026-06-12T04:00:56.000+0000,2026-06-13T22:14:08.000+0000
a3Mbe000000KNNfEAO,RSC-005517,Qualquer,,,Atendimento,a3Nbe000000Q1BlEAK,a3Kbe000000D9MOEA0,a3Obe000000LI5BEAW,,true,2026-06-12T04:00:56.000+0000,2026-06-13T22:14:08.000+0000
a3Mbe000000KNNgEAO,RSC-005518,Qualquer,,,Atendimento,a3Nbe000000Q1BlEAK,a3Kbe000000D9MPEA0,a3Obe000000LHyjEAG,,true,2026-06-12T04:00:56.000+0000,2026-06-13T22:14:08.000+0000
a3Mbe000000KNNhEAO,RSC-005519,Qualquer,,,Atendimento,a3Nbe000000Q1BlEAK,a3Kbe000000D9MPEA0,a3Obe000000LI0LEAW,,true,2026-06-12T04:00:56.000+0000,2026-06-13T22:14:08.000+0000
a3Mbe000000KNNiEAO,RSC-005520,Qualquer,,,Atendimento,a3Nbe000000Q1BlEAK,a3Kbe000000D9MPEA0,a3Obe000000LI1xEAG,,true,2026-06-12T04:00:56.000+0000,2026-06-13T22:14:08.000+0000
a3Mbe000000KNNjEAO,RSC-005521,Qualquer,,,Atendimento,a3Nbe000000Q1BlEAK,a3Kbe000000D9MPEA0,a3Obe000000LI5BEAW,,true,2026-06-12T04:00:56.000+0000,2026-06-13T22:14:08.000+0000
a3Mbe000000KNNkEAO,RSC-005522,Qualquer,,,Atendimento,a3Nbe000000Q1BlEAK,a3Kbe000000D9MQEA0,a3Obe000000LHyjEAG,,true,2026-06-12T04:00:56.000+0000,2026-06-13T22:14:08.000+0000
a3Mbe000000KNNlEAO,RSC-005523,Qualquer,,,Atendimento,a3Nbe000000Q1BlEAK,a3Kbe000000D9MQEA0,a3Obe000000LI0LEAW,,true,2026-06-12T04:00:56.000+0000,2026-06-13T22:14:08.000+0000
a3Mbe000000KNNmEAO,RSC-005524,Qualquer,,,Atendimento,a3Nbe000000Q1BlEAK,a3Kbe000000D9MQEA0,a3Obe000000LI1xEAG,,true,2026-06-12T04:00:56.000+0000,2026-06-13T22:14:08.000+0000
a3Mbe000000KNNnEAO,RSC-005525,Qualquer,,,Atendimento,a3Nbe000000Q1BlEAK,a3Kbe000000D9MQEA0,a3Obe000000LI5BEAW,,true,2026-06-12T04:00:56.000+0000,2026-06-13T22:14:08.000+0000
a3Mbe000000KNNoEAO,RSC-005526,Qualquer,,,Atendimento,a3Nbe000000Q1BlEAK,a3Kbe000000D9SOEA0,a3Obe000000LHyjEAG,,true,2026-06-12T04:00:56.000+0000,2026-06-13T22:14:08.000+0000
a3Mbe000000KNNpEAO,RSC-005527,Qualquer,,,Atendimento,a3Nbe000000Q1BlEAK,a3Kbe000000D9SOEA0,a3Obe000000LI0LEAW,,true,2026-06-12T04:00:56.000+0000,2026-06-13T22:14:08.000+0000
a3Mbe000000KNNqEAO,RSC-005528,Qualquer,,,Atendimento,a3Nbe000000Q1BlEAK,a3Kbe000000D9SOEA0,a3Obe000000LI1xEAG,,true,2026-06-12T04:00:56.000+0000,2026-06-13T22:14:08.000+0000
a3Mbe000000KNNrEAO,RSC-005529,Qualquer,,,Atendimento,a3Nbe000000Q1BlEAK,a3Kbe000000D9SOEA0,a3Obe000000LI5BEAW,,true,2026-06-12T04:00:56.000+0000,2026-06-13T22:14:08.000+0000
a3Mbe000000KNNsEAO,RSC-005530,Qualquer,,,Atendimento,a3Nbe000000Q1BlEAK,a3Kbe000000D9SPEA0,a3Obe000000LHyjEAG,,true,2026-06-12T04:00:56.000+0000,2026-06-13T22:14:08.000+0000
a3Mbe000000KNNtEAO,RSC-005531,Qualquer,,,Atendimento,a3Nbe000000Q1BlEAK,a3Kbe000000D9SPEA0,a3Obe000000LI0LEAW,,true,2026-06-12T04:00:56.000+0000,2026-06-13T22:14:08.000+0000
a3Mbe000000KNNuEAO,RSC-005532,Qualquer,,,Atendimento,a3Nbe000000Q1BlEAK,a3Kbe000000D9SPEA0,a3Obe000000LI1xEAG,,true,2026-06-12T04:00:56.000+0000,2026-06-13T22:14:08.000+0000
a3Mbe000000KNNvEAO,RSC-005533,Qualquer,,,Atendimento,a3Nbe000000Q1BlEAK,a3Kbe000000D9SPEA0,a3Obe000000LI5BEAW,,true,2026-06-12T04:00:56.000+0000,2026-06-13T22:14:08.000+0000
a3Mbe000000KNNwEAO,RSC-005534,Qualquer,,,Atendimento,a3Nbe000000Q1BlEAK,a3Kbe000000D9MREA0,a3Obe000000LHyjEAG,,true,2026-06-12T04:00:56.000+0000,2026-06-13T22:14:08.000+0000
a3Mbe000000KNNxEAO,RSC-005535,Qualquer,,,Atendimento,a3Nbe000000Q1BlEAK,a3Kbe000000D9MREA0,a3Obe000000LI0LEAW,,true,2026-06-12T04:00:56.000+0000,2026-06-13T22:14:08.000+0000
a3Mbe000000KNNyEAO,RSC-005536,Qualquer,,,Atendimento,a3Nbe000000Q1BlEAK,a3Kbe000000D9MREA0,a3Obe000000LI5BEAW,,true,2026-06-12T04:00:56.000+0000,2026-06-13T22:14:08.000+0000
a3Mbe000000KNNzEAO,RSC-005537,Qualquer,,,Atendimento,a3Nbe000000Q1BlEAK,a3Kbe000000D9SQEA0,a3Obe000000LHyjEAG,,true,2026-06-12T04:00:56.000+0000,2026-06-13T22:14:08.000+0000
a3Mbe000000KNO0EAO,RSC-005538,Qualquer,,,Atendimento,a3Nbe000000Q1BlEAK,a3Kbe000000D9SQEA0,a3Obe000000LI0LEAW,,true,2026-06-12T04:00:56.000+0000,2026-06-13T22:14:08.000+0000
a3Mbe000000KNO1EAO,RSC-005539,Qualquer,,,Atendimento,a3Nbe000000Q1BlEAK,a3Kbe000000D9SQEA0,a3Obe000000LI5BEAW,,true,2026-06-12T04:00:56.000+0000,2026-06-13T22:14:08.000+0000
a3Mbe000000KNO2EAO,RSC-005540,Qualquer,,,Atendimento,a3Nbe000000Q1BlEAK,a3Kbe000000D9SREA0,a3Obe000000LHyjEAG,,true,2026-06-12T04:00:56.000+0000,2026-06-13T22:14:08.000+0000
a3Mbe000000KNO3EAO,RSC-005541,Qualquer,,,Atendimento,a3Nbe000000Q1BlEAK,a3Kbe000000D9SREA0,a3Obe000000LI0LEAW,,true,2026-06-12T04:00:56.000+0000,2026-06-13T22:14:08.000+0000
a3Mbe000000KNO4EAO,RSC-005542,Qualquer,,,Atendimento,a3Nbe000000Q1BlEAK,a3Kbe000000D9SREA0,a3Obe000000LI5BEAW,,true,2026-06-12T04:00:56.000+0000,2026-06-13T22:14:08.000+0000
a3Mbe000000KNO5EAO,RSC-005543,Qualquer,,,Atendimento,a3Nbe000000Q1BlEAK,a3Kbe000000D9MSEA0,a3Obe000000LHyjEAG,,true,2026-06-12T04:00:56.000+0000,2026-06-13T22:14:08.000+0000
a3Mbe000000KNO6EAO,RSC-005544,Qualquer,,,Atendimento,a3Nbe000000Q1BlEAK,a3Kbe000000D9MSEA0,a3Obe000000LI0LEAW,,true,2026-06-12T04:00:56.000+0000,2026-06-13T22:14:08.000+0000
a3Mbe000000KNO7EAO,RSC-005545,Qualquer,,,Atendimento,a3Nbe000000Q1BlEAK,a3Kbe000000D9MSEA0,a3Obe000000LI5BEAW,,true,2026-06-12T04:00:56.000+0000,2026-06-13T22:14:08.000+0000
a3Mbe000000KNO8EAO,RSC-005546,Qualquer,,,Atendimento,a3Nbe000000Q1BlEAK,a3Kbe000000D9SSEA0,a3Obe000000LHyjEAG,,true,2026-06-12T04:00:56.000+0000,2026-06-13T22:14:08.000+0000
a3Mbe000000KNO9EAO,RSC-005547,Qualquer,,,Atendimento,a3Nbe000000Q1BlEAK,a3Kbe000000D9SSEA0,a3Obe000000LI0LEAW,,true,2026-06-12T04:00:56.000+0000,2026-06-13T22:14:08.000+0000
a3Mbe000000KNOAEA4,RSC-005548,Qualquer,,,Atendimento,a3Nbe000000Q1BlEAK,a3Kbe000000D9SSEA0,a3Obe000000LI5BEAW,,true,2026-06-12T04:00:56.000+0000,2026-06-13T22:14:08.000+0000
a3Mbe000000KNOBEA4,RSC-005549,Qualquer,,,Atendimento,a3Nbe000000Q1BlEAK,a3Kbe000000D9MTEA0,a3Obe000000LHyjEAG,,true,2026-06-12T04:00:56.000+0000,2026-06-13T22:14:08.000+0000
a3Mbe000000KNOCEA4,RSC-005550,Qualquer,,,Atendimento,a3Nbe000000Q1BlEAK,a3Kbe000000D9MTEA0,a3Obe000000LI0LEAW,,true,2026-06-12T04:00:56.000+0000,2026-06-13T22:14:08.000+0000
a3Mbe000000KNODEA4,RSC-005551,Qualquer,,,Atendimento,a3Nbe000000Q1BlEAK,a3Kbe000000D9MTEA0,a3Obe000000LI5BEAW,,true,2026-06-12T04:00:56.000+0000,2026-06-13T22:14:08.000+0000
a3Mbe000000KNOEEA4,RSC-005552,Qualquer,,,Atendimento,a3Nbe000000Q1BlEAK,a3Kbe000000D9MUEA0,a3Obe000000LHyjEAG,,true,2026-06-12T04:00:56.000+0000,2026-06-13T22:14:08.000+0000
a3Mbe000000KNOFEA4,RSC-005553,Qualquer,,,Atendimento,a3Nbe000000Q1BlEAK,a3Kbe000000D9MUEA0,a3Obe000000LI0LEAW,,true,2026-06-12T04:00:56.000+0000,2026-06-13T22:14:08.000+0000
a3Mbe000000KNOGEA4,RSC-005554,Qualquer,,,Atendimento,a3Nbe000000Q1BlEAK,a3Kbe000000D9MUEA0,a3Obe000000LI5BEAW,,true,2026-06-12T04:00:56.000+0000,2026-06-13T22:14:08.000+0000
a3Mbe000000KNOHEA4,RSC-005555,Qualquer,,,Atendimento,a3Nbe000000Q1BlEAK,a3Kbe000000D9STEA0,a3Obe000000LHyjEAG,,true,2026-06-12T04:00:56.000+0000,2026-06-13T22:14:08.000+0000
a3Mbe000000KNOIEA4,RSC-005556,Qualquer,,,Atendimento,a3Nbe000000Q1BlEAK,a3Kbe000000D9STEA0,a3Obe000000LI0LEAW,,true,2026-06-12T04:00:56.000+0000,2026-06-13T22:14:08.000+0000
a3Mbe000000KNOJEA4,RSC-005557,Qualquer,,,Atendimento,a3Nbe000000Q1BlEAK,a3Kbe000000D9STEA0,a3Obe000000LI5BEAW,,true,2026-06-12T04:00:56.000+0000,2026-06-13T22:14:08.000+0000
a3Mbe000000KNOKEA4,RSC-005558,Qualquer,,,Atendimento,a3Nbe000000Q1BlEAK,a3Kbe000000D9SUEA0,a3Obe000000LHyjEAG,,true,2026-06-12T04:00:56.000+0000,2026-06-13T22:14:08.000+0000
a3Mbe000000KNOLEA4,RSC-005559,Qualquer,,,Atendimento,a3Nbe000000Q1BlEAK,a3Kbe000000D9SUEA0,a3Obe000000LI0LEAW,,true,2026-06-12T04:00:56.000+0000,2026-06-13T22:14:08.000+0000
a3Mbe000000KNOMEA4,RSC-005560,Qualquer,,,Atendimento,a3Nbe000000Q1BlEAK,a3Kbe000000D9SUEA0,a3Obe000000LI5BEAW,,true,2026-06-12T04:00:56.000+0000,2026-06-13T22:14:08.000+0000
a3Mbe000000KNONEA4,RSC-005561,Qualquer,,,Atendimento,a3Nbe000000Q1BlEAK,a3Kbe000000D9SVEA0,a3Obe000000LHyjEAG,,true,2026-06-12T04:00:56.000+0000,2026-06-13T22:14:08.000+0000
a3Mbe000000KNOOEA4,RSC-005562,Qualquer,,,Atendimento,a3Nbe000000Q1BlEAK,a3Kbe000000D9SVEA0,a3Obe000000LI0LEAW,,true,2026-06-12T04:00:56.000+0000,2026-06-13T22:14:08.000+0000
a3Mbe000000KNOPEA4,RSC-005563,Qualquer,,,Atendimento,a3Nbe000000Q1BlEAK,a3Kbe000000D9SVEA0,a3Obe000000LI1xEAG,,true,2026-06-12T04:00:56.000+0000,2026-06-13T22:14:08.000+0000
a3Mbe000000KNOQEA4,RSC-005564,Qualquer,,,Atendimento,a3Nbe000000Q1BlEAK,a3Kbe000000D9SVEA0,a3Obe000000LI5BEAW,,true,2026-06-12T04:00:56.000+0000,2026-06-13T22:14:08.000+0000
a3Mbe000000KNOREA4,RSC-005565,Qualquer,,,Atendimento,a3Nbe000000Q1BlEAK,a3Kbe000000D9SWEA0,a3Obe000000LHyjEAG,,true,2026-06-12T04:00:56.000+0000,2026-06-13T22:14:08.000+0000
a3Mbe000000KNOSEA4,RSC-005566,Qualquer,,,Atendimento,a3Nbe000000Q1BlEAK,a3Kbe000000D9SWEA0,a3Obe000000LI0LEAW,,true,2026-06-12T04:00:56.000+0000,2026-06-13T22:14:08.000+0000
a3Mbe000000KNOTEA4,RSC-005567,Qualquer,,,Atendimento,a3Nbe000000Q1BlEAK,a3Kbe000000D9SWEA0,a3Obe000000LI1xEAG,,true,2026-06-12T04:00:56.000+0000,2026-06-13T22:14:08.000+0000
a3Mbe000000KNOUEA4,RSC-005568,Qualquer,,,Atendimento,a3Nbe000000Q1BlEAK,a3Kbe000000D9SWEA0,a3Obe000000LI5BEAW,,true,2026-06-12T04:00:56.000+0000,2026-06-13T22:14:08.000+0000
a3Mbe000000KNOVEA4,RSC-005569,Qualquer,,,Atendimento,a3Nbe000000Q1BlEAK,a3Kbe000000D9SXEA0,a3Obe000000LHyjEAG,,true,2026-06-12T04:00:56.000+0000,2026-06-13T22:14:08.000+0000
a3Mbe000000KNOWEA4,RSC-005570,Qualquer,,,Atendimento,a3Nbe000000Q1BlEAK,a3Kbe000000D9SXEA0,a3Obe000000LI0LEAW,,true,2026-06-12T04:00:56.000+0000,2026-06-13T22:14:08.000+0000
a3Mbe000000KNOXEA4,RSC-005571,Qualquer,,,Atendimento,a3Nbe000000Q1BlEAK,a3Kbe000000D9SXEA0,a3Obe000000LI1xEAG,,true,2026-06-12T04:00:56.000+0000,2026-06-13T22:14:08.000+0000
a3Mbe000000KNOYEA4,RSC-005572,Qualquer,,,Atendimento,a3Nbe000000Q1BlEAK,a3Kbe000000D9SXEA0,a3Obe000000LI5BEAW,,true,2026-06-12T04:00:56.000+0000,2026-06-13T22:14:08.000+0000
a3Mbe000000KNOZEA4,RSC-005573,Qualquer,,,Atendimento,a3Nbe000000Q1BlEAK,a3Kbe000000D9SYEA0,a3Obe000000LHyjEAG,,true,2026-06-12T04:00:56.000+0000,2026-06-13T22:14:08.000+0000
a3Mbe000000KNOaEAO,RSC-005574,Qualquer,,,Atendimento,a3Nbe000000Q1BlEAK,a3Kbe000000D9SYEA0,a3Obe000000LI0LEAW,,true,2026-06-12T04:00:56.000+0000,2026-06-13T22:14:08.000+0000
a3Mbe000000KNObEAO,RSC-005575,Qualquer,,,Atendimento,a3Nbe000000Q1BlEAK,a3Kbe000000D9SYEA0,a3Obe000000LI5BEAW,,true,2026-06-12T04:00:56.000+0000,2026-06-13T22:14:08.000+0000
a3Mbe000000KNOcEAO,RSC-005576,Qualquer,,,Atendimento,a3Nbe000000Q1BlEAK,a3Kbe000000D9SZEA0,a3Obe000000LHyjEAG,,true,2026-06-12T04:00:56.000+0000,2026-06-13T22:14:08.000+0000
a3Mbe000000KNOdEAO,RSC-005577,Qualquer,,,Atendimento,a3Nbe000000Q1BlEAK,a3Kbe000000D9SZEA0,a3Obe000000LI0LEAW,,true,2026-06-12T04:00:56.000+0000,2026-06-13T22:14:08.000+0000
a3Mbe000000KNOeEAO,RSC-005578,Qualquer,,,Atendimento,a3Nbe000000Q1BlEAK,a3Kbe000000D9SZEA0,a3Obe000000LI5BEAW,,true,2026-06-12T04:00:56.000+0000,2026-06-13T22:14:08.000+0000
a3Mbe000000KNOfEAO,RSC-005579,Qualquer,,,Atendimento,a3Nbe000000Q1BlEAK,a3Kbe000000D9SaEAK,a3Obe000000LHyjEAG,,true,2026-06-12T04:00:57.000+0000,2026-06-13T22:14:08.000+0000
a3Mbe000000KNOgEAO,RSC-005580,Qualquer,,,Atendimento,a3Nbe000000Q1BlEAK,a3Kbe000000D9SaEAK,a3Obe000000LI0LEAW,,true,2026-06-12T04:00:57.000+0000,2026-06-13T22:14:08.000+0000
a3Mbe000000KNOhEAO,RSC-005581,Qualquer,,,Atendimento,a3Nbe000000Q1BlEAK,a3Kbe000000D9SaEAK,a3Obe000000LI5BEAW,,true,2026-06-12T04:00:57.000+0000,2026-06-13T22:14:08.000+0000
a3Mbe000000KNOiEAO,RSC-005582,Qualquer,,,Atendimento,a3Nbe000000Q1BlEAK,a3Kbe000000D9SbEAK,a3Obe000000LHyjEAG,,true,2026-06-12T04:00:57.000+0000,2026-06-13T22:14:08.000+0000
a3Mbe000000KNOjEAO,RSC-005583,Qualquer,,,Atendimento,a3Nbe000000Q1BlEAK,a3Kbe000000D9SbEAK,a3Obe000000LI0LEAW,,true,2026-06-12T04:00:57.000+0000,2026-06-13T22:14:08.000+0000
a3Mbe000000KNOkEAO,RSC-005584,Qualquer,,,Atendimento,a3Nbe000000Q1BlEAK,a3Kbe000000D9SbEAK,a3Obe000000LI5BEAW,,true,2026-06-12T04:00:57.000+0000,2026-06-13T22:14:08.000+0000
a3Mbe000000KNOlEAO,RSC-005585,Qualquer,,,Atendimento,a3Nbe000000Q1BlEAK,a3Kbe000000D9ScEAK,a3Obe000000LHyjEAG,,true,2026-06-12T04:00:57.000+0000,2026-06-13T22:14:08.000+0000
a3Mbe000000KNOmEAO,RSC-005586,Qualquer,,,Atendimento,a3Nbe000000Q1BlEAK,a3Kbe000000D9ScEAK,a3Obe000000LI0LEAW,,true,2026-06-12T04:00:57.000+0000,2026-06-13T22:14:08.000+0000
a3Mbe000000KNOnEAO,RSC-005587,Qualquer,,,Atendimento,a3Nbe000000Q1BlEAK,a3Kbe000000D9ScEAK,a3Obe000000LI5BEAW,,true,2026-06-12T04:00:57.000+0000,2026-06-13T22:14:08.000+0000
a3Mbe000000KNOoEAO,RSC-005588,Qualquer,,,Atendimento,a3Nbe000000Q1BlEAK,a3Kbe000000D9SdEAK,a3Obe000000LHyjEAG,,true,2026-06-12T04:00:57.000+0000,2026-06-13T22:14:08.000+0000
a3Mbe000000KNOpEAO,RSC-005589,Qualquer,,,Atendimento,a3Nbe000000Q1BlEAK,a3Kbe000000D9SdEAK,a3Obe000000LI0LEAW,,true,2026-06-12T04:00:57.000+0000,2026-06-13T22:14:08.000+0000
a3Mbe000000KNOqEAO,RSC-005590,Qualquer,,,Atendimento,a3Nbe000000Q1BlEAK,a3Kbe000000D9SdEAK,a3Obe000000LI5BEAW,,true,2026-06-12T04:00:57.000+0000,2026-06-13T22:14:08.000+0000
a3Mbe000000KNOrEAO,RSC-005591,Qualquer,,,Atendimento,a3Nbe000000Q1BlEAK,a3Kbe000000D9SeEAK,a3Obe000000LHyjEAG,,true,2026-06-12T04:00:57.000+0000,2026-06-13T22:14:08.000+0000
a3Mbe000000KNOsEAO,RSC-005592,Qualquer,,,Atendimento,a3Nbe000000Q1BlEAK,a3Kbe000000D9SeEAK,a3Obe000000LI0LEAW,,true,2026-06-12T04:00:57.000+0000,2026-06-13T22:14:08.000+0000
a3Mbe000000KNOtEAO,RSC-005593,Qualquer,,,Atendimento,a3Nbe000000Q1BlEAK,a3Kbe000000D9SeEAK,a3Obe000000LI5BEAW,,true,2026-06-12T04:00:57.000+0000,2026-06-13T22:14:08.000+0000
a3Mbe000000KNOuEAO,RSC-005594,Qualquer,,,Atendimento,a3Nbe000000Q1BlEAK,a3Kbe000000D9SfEAK,a3Obe000000LHyjEAG,,true,2026-06-12T04:00:57.000+0000,2026-06-13T22:14:08.000+0000
a3Mbe000000KNOvEAO,RSC-005595,Qualquer,,,Atendimento,a3Nbe000000Q1BlEAK,a3Kbe000000D9SfEAK,a3Obe000000LI0LEAW,,true,2026-06-12T04:00:57.000+0000,2026-06-13T22:14:08.000+0000
a3Mbe000000KNOwEAO,RSC-005596,Qualquer,,,Atendimento,a3Nbe000000Q1BlEAK,a3Kbe000000D9SfEAK,a3Obe000000LI5BEAW,,true,2026-06-12T04:00:57.000+0000,2026-06-13T22:14:08.000+0000
a3Mbe000000KNOxEAO,RSC-005597,Qualquer,,,Atendimento,a3Nbe000000Q1BlEAK,a3Kbe000000D9SgEAK,a3Obe000000LHyjEAG,,true,2026-06-12T04:00:57.000+0000,2026-06-13T22:14:08.000+0000
a3Mbe000000KNOyEAO,RSC-005598,Qualquer,,,Atendimento,a3Nbe000000Q1BlEAK,a3Kbe000000D9SgEAK,a3Obe000000LI0LEAW,,true,2026-06-12T04:00:57.000+0000,2026-06-13T22:14:08.000+0000
a3Mbe000000KNOzEAO,RSC-005599,Qualquer,,,Atendimento,a3Nbe000000Q1BlEAK,a3Kbe000000D9SgEAK,a3Obe000000LI5BEAW,,true,2026-06-12T04:00:57.000+0000,2026-06-13T22:14:08.000+0000
a3Mbe000000KNP0EAO,RSC-005600,Qualquer,,,Atendimento,a3Nbe000000Q1BlEAK,a3Kbe000000D9ShEAK,a3Obe000000LHyjEAG,,true,2026-06-12T04:00:57.000+0000,2026-06-13T22:14:08.000+0000
a3Mbe000000KNP1EAO,RSC-005601,Qualquer,,,Atendimento,a3Nbe000000Q1BlEAK,a3Kbe000000D9ShEAK,a3Obe000000LI0LEAW,,true,2026-06-12T04:00:57.000+0000,2026-06-13T22:14:08.000+0000
a3Mbe000000KNP2EAO,RSC-005602,Qualquer,,,Atendimento,a3Nbe000000Q1BlEAK,a3Kbe000000D9ShEAK,a3Obe000000LI5BEAW,,true,2026-06-12T04:00:57.000+0000,2026-06-13T22:14:08.000+0000
a3Mbe000000KNP3EAO,RSC-005603,Qualquer,,,Atendimento,a3Nbe000000Q1BlEAK,a3Kbe000000D9SiEAK,a3Obe000000LHyjEAG,,true,2026-06-12T04:00:57.000+0000,2026-06-13T22:14:08.000+0000
a3Mbe000000KNP4EAO,RSC-005604,Qualquer,,,Atendimento,a3Nbe000000Q1BlEAK,a3Kbe000000D9SiEAK,a3Obe000000LI0LEAW,,true,2026-06-12T04:00:57.000+0000,2026-06-13T22:14:08.000+0000
a3Mbe000000KNP5EAO,RSC-005605,Qualquer,,,Atendimento,a3Nbe000000Q1BlEAK,a3Kbe000000D9SiEAK,a3Obe000000LI5BEAW,,true,2026-06-12T04:00:57.000+0000,2026-06-13T22:14:08.000+0000
a3Mbe000000KNP6EAO,RSC-005606,Qualquer,,,Atendimento,a3Nbe000000Q1BlEAK,a3Kbe000000D9SjEAK,a3Obe000000LHyjEAG,,true,2026-06-12T04:00:57.000+0000,2026-06-13T22:14:08.000+0000
a3Mbe000000KNP7EAO,RSC-005607,Qualquer,,,Atendimento,a3Nbe000000Q1BlEAK,a3Kbe000000D9SjEAK,a3Obe000000LI0LEAW,,true,2026-06-12T04:00:57.000+0000,2026-06-13T22:14:08.000+0000
a3Mbe000000KNP8EAO,RSC-005608,Qualquer,,,Atendimento,a3Nbe000000Q1BlEAK,a3Kbe000000D9SjEAK,a3Obe000000LI5BEAW,,true,2026-06-12T04:00:57.000+0000,2026-06-13T22:14:08.000+0000
a3Mbe000000KNP9EAO,RSC-005609,Qualquer,,,Atendimento,a3Nbe000000Q1BlEAK,a3Kbe000000D9SkEAK,a3Obe000000LHyjEAG,,true,2026-06-12T04:00:57.000+0000,2026-06-13T22:14:08.000+0000
a3Mbe000000KNPAEA4,RSC-005610,Qualquer,,,Atendimento,a3Nbe000000Q1BlEAK,a3Kbe000000D9SkEAK,a3Obe000000LI0LEAW,,true,2026-06-12T04:00:57.000+0000,2026-06-13T22:14:08.000+0000
a3Mbe000000KNPBEA4,RSC-005611,Qualquer,,,Atendimento,a3Nbe000000Q1BlEAK,a3Kbe000000D9SkEAK,a3Obe000000LI5BEAW,,true,2026-06-12T04:00:57.000+0000,2026-06-13T22:14:08.000+0000
a3Mbe000000KNPCEA4,RSC-005612,Qualquer,,,Atendimento,a3Nbe000000Q1BlEAK,a3Kbe000000D9SlEAK,a3Obe000000LHyjEAG,,true,2026-06-12T04:00:57.000+0000,2026-06-13T22:14:08.000+0000
a3Mbe000000KNPDEA4,RSC-005613,Qualquer,,,Atendimento,a3Nbe000000Q1BlEAK,a3Kbe000000D9SlEAK,a3Obe000000LI0LEAW,,true,2026-06-12T04:00:57.000+0000,2026-06-13T22:14:08.000+0000
a3Mbe000000KNPEEA4,RSC-005614,Qualquer,,,Atendimento,a3Nbe000000Q1BlEAK,a3Kbe000000D9SlEAK,a3Obe000000LI1xEAG,,true,2026-06-12T04:00:57.000+0000,2026-06-13T22:14:08.000+0000
a3Mbe000000KNPFEA4,RSC-005615,Qualquer,,,Atendimento,a3Nbe000000Q1BlEAK,a3Kbe000000D9SlEAK,a3Obe000000LI5BEAW,,true,2026-06-12T04:00:57.000+0000,2026-06-13T22:14:08.000+0000
a3Mbe000000KNPGEA4,RSC-005616,Qualquer,,,Atendimento,a3Nbe000000Q1BlEAK,a3Kbe000000D9SmEAK,a3Obe000000LHyjEAG,,true,2026-06-12T04:00:57.000+0000,2026-06-13T22:14:08.000+0000
a3Mbe000000KNPHEA4,RSC-005617,Qualquer,,,Atendimento,a3Nbe000000Q1BlEAK,a3Kbe000000D9SmEAK,a3Obe000000LI0LEAW,,true,2026-06-12T04:00:57.000+0000,2026-06-13T22:14:08.000+0000
a3Mbe000000KNPIEA4,RSC-005618,Qualquer,,,Atendimento,a3Nbe000000Q1BlEAK,a3Kbe000000D9SmEAK,a3Obe000000LI1xEAG,,true,2026-06-12T04:00:57.000+0000,2026-06-13T22:14:08.000+0000
a3Mbe000000KNPJEA4,RSC-005619,Qualquer,,,Atendimento,a3Nbe000000Q1BlEAK,a3Kbe000000D9SmEAK,a3Obe000000LI5BEAW,,true,2026-06-12T04:00:57.000+0000,2026-06-13T22:14:08.000+0000
a3Mbe000000KNPKEA4,RSC-005620,Qualquer,,,Atendimento,a3Nbe000000Q1BlEAK,a3Kbe000000D9SnEAK,a3Obe000000LHyjEAG,,true,2026-06-12T04:00:57.000+0000,2026-06-13T22:14:08.000+0000
a3Mbe000000KNPLEA4,RSC-005621,Qualquer,,,Atendimento,a3Nbe000000Q1BlEAK,a3Kbe000000D9SnEAK,a3Obe000000LI0LEAW,,true,2026-06-12T04:00:57.000+0000,2026-06-13T22:14:08.000+0000
a3Mbe000000KNPMEA4,RSC-005622,Qualquer,,,Atendimento,a3Nbe000000Q1BlEAK,a3Kbe000000D9SnEAK,a3Obe000000LI1xEAG,,true,2026-06-12T04:00:57.000+0000,2026-06-13T22:14:08.000+0000
a3Mbe000000KNPNEA4,RSC-005623,Qualquer,,,Atendimento,a3Nbe000000Q1BlEAK,a3Kbe000000D9SnEAK,a3Obe000000LI5BEAW,,true,2026-06-12T04:00:57.000+0000,2026-06-13T22:14:08.000+0000
a3Mbe000000KNPOEA4,RSC-005624,Qualquer,,,Atendimento,a3Nbe000000Q1BlEAK,a3Kbe000000D9SoEAK,a3Obe000000LHyjEAG,,true,2026-06-12T04:00:57.000+0000,2026-06-13T22:14:08.000+0000
a3Mbe000000KNPPEA4,RSC-005625,Qualquer,,,Atendimento,a3Nbe000000Q1BlEAK,a3Kbe000000D9SoEAK,a3Obe000000LI0LEAW,,true,2026-06-12T04:00:57.000+0000,2026-06-13T22:14:08.000+0000
a3Mbe000000KNPQEA4,RSC-005626,Qualquer,,,Atendimento,a3Nbe000000Q1BlEAK,a3Kbe000000D9SoEAK,a3Obe000000LI1xEAG,,true,2026-06-12T04:00:57.000+0000,2026-06-13T22:14:08.000+0000
a3Mbe000000KNPREA4,RSC-005627,Qualquer,,,Atendimento,a3Nbe000000Q1BlEAK,a3Kbe000000D9SoEAK,a3Obe000000LI5BEAW,,true,2026-06-12T04:00:57.000+0000,2026-06-13T22:14:08.000+0000
a3Mbe000000KNPSEA4,RSC-005628,Qualquer,,,Atendimento,a3Nbe000000Q1BlEAK,a3Kbe000000D9MVEA0,a3Obe000000LHyjEAG,,true,2026-06-12T04:00:57.000+0000,2026-06-13T22:14:08.000+0000
a3Mbe000000KNPTEA4,RSC-005629,Qualquer,,,Atendimento,a3Nbe000000Q1BlEAK,a3Kbe000000D9MVEA0,a3Obe000000LI0LEAW,,true,2026-06-12T04:00:57.000+0000,2026-06-13T22:14:08.000+0000
a3Mbe000000KNPUEA4,RSC-005630,Qualquer,,,Atendimento,a3Nbe000000Q1BlEAK,a3Kbe000000D9MVEA0,a3Obe000000LI1xEAG,,true,2026-06-12T04:00:57.000+0000,2026-06-13T22:14:08.000+0000
a3Mbe000000KNPVEA4,RSC-005631,Qualquer,,,Atendimento,a3Nbe000000Q1BlEAK,a3Kbe000000D9MVEA0,a3Obe000000LI5BEAW,,true,2026-06-12T04:00:57.000+0000,2026-06-13T22:14:08.000+0000
a3Mbe000000KNPWEA4,RSC-005632,Qualquer,,,Atendimento,a3Nbe000000Q1BlEAK,a3Kbe000000D9MWEA0,a3Obe000000LHyjEAG,,true,2026-06-12T04:00:57.000+0000,2026-06-13T22:14:08.000+0000
a3Mbe000000KNPXEA4,RSC-005633,Qualquer,,,Atendimento,a3Nbe000000Q1BlEAK,a3Kbe000000D9MWEA0,a3Obe000000LI0LEAW,,true,2026-06-12T04:00:57.000+0000,2026-06-13T22:14:08.000+0000
a3Mbe000000KNPYEA4,RSC-005634,Qualquer,,,Atendimento,a3Nbe000000Q1BlEAK,a3Kbe000000D9MWEA0,a3Obe000000LI1xEAG,,true,2026-06-12T04:00:57.000+0000,2026-06-13T22:14:08.000+0000
a3Mbe000000KNPZEA4,RSC-005635,Qualquer,,,Atendimento,a3Nbe000000Q1BlEAK,a3Kbe000000D9MWEA0,a3Obe000000LI5BEAW,,true,2026-06-12T04:00:57.000+0000,2026-06-13T22:14:08.000+0000
a3Mbe000000KNPaEAO,RSC-005636,Qualquer,,,Atendimento,a3Nbe000000Q1BlEAK,a3Kbe000000D9SpEAK,a3Obe000000LHyjEAG,,true,2026-06-12T04:00:57.000+0000,2026-06-13T22:14:08.000+0000
a3Mbe000000KNPbEAO,RSC-005637,Qualquer,,,Atendimento,a3Nbe000000Q1BlEAK,a3Kbe000000D9SpEAK,a3Obe000000LI0LEAW,,true,2026-06-12T04:00:57.000+0000,2026-06-13T22:14:08.000+0000
a3Mbe000000KNPcEAO,RSC-005638,Qualquer,,,Atendimento,a3Nbe000000Q1BlEAK,a3Kbe000000D9SpEAK,a3Obe000000LI1xEAG,,true,2026-06-12T04:00:57.000+0000,2026-06-13T22:14:08.000+0000
a3Mbe000000KNPdEAO,RSC-005639,Qualquer,,,Atendimento,a3Nbe000000Q1BlEAK,a3Kbe000000D9SpEAK,a3Obe000000LI5BEAW,,true,2026-06-12T04:00:57.000+0000,2026-06-13T22:14:08.000+0000
a3Mbe000000KNPeEAO,RSC-005640,Qualquer,,,Atendimento,a3Nbe000000Q1BlEAK,a3Kbe000000D9MXEA0,a3Obe000000LHyjEAG,,true,2026-06-12T04:00:57.000+0000,2026-06-13T22:14:08.000+0000
a3Mbe000000KNPfEAO,RSC-005641,Qualquer,,,Atendimento,a3Nbe000000Q1BlEAK,a3Kbe000000D9MXEA0,a3Obe000000LI0LEAW,,true,2026-06-12T04:00:57.000+0000,2026-06-13T22:14:08.000+0000
a3Mbe000000KNPgEAO,RSC-005642,Qualquer,,,Atendimento,a3Nbe000000Q1BlEAK,a3Kbe000000D9MXEA0,a3Obe000000LI1xEAG,,true,2026-06-12T04:00:57.000+0000,2026-06-13T22:14:08.000+0000
a3Mbe000000KNPhEAO,RSC-005643,Qualquer,,,Atendimento,a3Nbe000000Q1BlEAK,a3Kbe000000D9MXEA0,a3Obe000000LI5BEAW,,true,2026-06-12T04:00:57.000+0000,2026-06-13T22:14:08.000+0000
a3Mbe000000KNPiEAO,RSC-005644,Qualquer,,,Atendimento,a3Nbe000000Q1BlEAK,a3Kbe000000D9SqEAK,a3Obe000000LHyjEAG,,true,2026-06-12T04:00:57.000+0000,2026-06-13T22:14:08.000+0000
a3Mbe000000KNPjEAO,RSC-005645,Qualquer,,,Atendimento,a3Nbe000000Q1BlEAK,a3Kbe000000D9SqEAK,a3Obe000000LI0LEAW,,true,2026-06-12T04:00:57.000+0000,2026-06-13T22:14:08.000+0000
a3Mbe000000KNPkEAO,RSC-005646,Qualquer,,,Atendimento,a3Nbe000000Q1BlEAK,a3Kbe000000D9SqEAK,a3Obe000000LI1xEAG,,true,2026-06-12T04:00:57.000+0000,2026-06-13T22:14:08.000+0000
a3Mbe000000KNPlEAO,RSC-005647,Qualquer,,,Atendimento,a3Nbe000000Q1BlEAK,a3Kbe000000D9SqEAK,a3Obe000000LI5BEAW,,true,2026-06-12T04:00:57.000+0000,2026-06-13T22:14:08.000+0000
a3Mbe000000KNPmEAO,RSC-005648,Qualquer,,,Atendimento,a3Nbe000000Q1BlEAK,a3Kbe000000D9SrEAK,a3Obe000000LHyjEAG,,true,2026-06-12T04:00:57.000+0000,2026-06-13T22:14:08.000+0000
a3Mbe000000KNPnEAO,RSC-005649,Qualquer,,,Atendimento,a3Nbe000000Q1BlEAK,a3Kbe000000D9SrEAK,a3Obe000000LI0LEAW,,true,2026-06-12T04:00:57.000+0000,2026-06-13T22:14:08.000+0000
a3Mbe000000KNPoEAO,RSC-005650,Qualquer,,,Atendimento,a3Nbe000000Q1BlEAK,a3Kbe000000D9SrEAK,a3Obe000000LI1xEAG,,true,2026-06-12T04:00:57.000+0000,2026-06-13T22:14:08.000+0000
a3Mbe000000KNPpEAO,RSC-005651,Qualquer,,,Atendimento,a3Nbe000000Q1BlEAK,a3Kbe000000D9SrEAK,a3Obe000000LI5BEAW,,true,2026-06-12T04:00:57.000+0000,2026-06-13T22:14:08.000+0000
a3Mbe000000KNPqEAO,RSC-005652,Qualquer,,,Atendimento,a3Nbe000000Q1BlEAK,a3Kbe000000D9SsEAK,a3Obe000000LHyjEAG,,true,2026-06-12T04:00:57.000+0000,2026-06-13T22:14:08.000+0000
a3Mbe000000KNPrEAO,RSC-005653,Qualquer,,,Atendimento,a3Nbe000000Q1BlEAK,a3Kbe000000D9SsEAK,a3Obe000000LI0LEAW,,true,2026-06-12T04:00:57.000+0000,2026-06-13T22:14:08.000+0000
a3Mbe000000KNPsEAO,RSC-005654,Qualquer,,,Atendimento,a3Nbe000000Q1BlEAK,a3Kbe000000D9SsEAK,a3Obe000000LI1xEAG,,true,2026-06-12T04:00:57.000+0000,2026-06-13T22:14:08.000+0000
a3Mbe000000KNPtEAO,RSC-005655,Qualquer,,,Atendimento,a3Nbe000000Q1BlEAK,a3Kbe000000D9SsEAK,a3Obe000000LI5BEAW,,true,2026-06-12T04:00:57.000+0000,2026-06-13T22:14:08.000+0000
a3Mbe000000KNPuEAO,RSC-005656,Qualquer,,,Atendimento,a3Nbe000000Q1BlEAK,a3Kbe000000D9StEAK,a3Obe000000LHyjEAG,,true,2026-06-12T04:00:57.000+0000,2026-06-13T22:14:08.000+0000
a3Mbe000000KNPvEAO,RSC-005657,Qualquer,,,Atendimento,a3Nbe000000Q1BlEAK,a3Kbe000000D9StEAK,a3Obe000000LI0LEAW,,true,2026-06-12T04:00:57.000+0000,2026-06-13T22:14:08.000+0000
a3Mbe000000KNPwEAO,RSC-005658,Qualquer,,,Atendimento,a3Nbe000000Q1BlEAK,a3Kbe000000D9StEAK,a3Obe000000LI1xEAG,,true,2026-06-12T04:00:57.000+0000,2026-06-13T22:14:08.000+0000
a3Mbe000000KNPxEAO,RSC-005659,Qualquer,,,Atendimento,a3Nbe000000Q1BlEAK,a3Kbe000000D9StEAK,a3Obe000000LI5BEAW,,true,2026-06-12T04:00:57.000+0000,2026-06-13T22:14:08.000+0000
a3Mbe000000KNPyEAO,RSC-005660,Qualquer,,,Atendimento,a3Nbe000000Q1BlEAK,a3Kbe000000D9SuEAK,a3Obe000000LHyjEAG,,true,2026-06-12T04:00:57.000+0000,2026-06-13T22:14:08.000+0000
a3Mbe000000KNPzEAO,RSC-005661,Qualquer,,,Atendimento,a3Nbe000000Q1BlEAK,a3Kbe000000D9SuEAK,a3Obe000000LI0LEAW,,true,2026-06-12T04:00:57.000+0000,2026-06-13T22:14:08.000+0000
a3Mbe000000KNQ0EAO,RSC-005662,Qualquer,,,Atendimento,a3Nbe000000Q1BlEAK,a3Kbe000000D9SuEAK,a3Obe000000LI1xEAG,,true,2026-06-12T04:00:57.000+0000,2026-06-13T22:14:08.000+0000
a3Mbe000000KNQ1EAO,RSC-005663,Qualquer,,,Atendimento,a3Nbe000000Q1BlEAK,a3Kbe000000D9SuEAK,a3Obe000000LI5BEAW,,true,2026-06-12T04:00:57.000+0000,2026-06-13T22:14:08.000+0000
a3Mbe000000KNQ2EAO,RSC-005664,Qualquer,,,Atendimento,a3Nbe000000Q1BlEAK,a3Kbe000000D9SvEAK,a3Obe000000LHyjEAG,,true,2026-06-12T04:00:57.000+0000,2026-06-13T22:14:08.000+0000
a3Mbe000000KNQ3EAO,RSC-005665,Qualquer,,,Atendimento,a3Nbe000000Q1BlEAK,a3Kbe000000D9SvEAK,a3Obe000000LI0LEAW,,true,2026-06-12T04:00:57.000+0000,2026-06-13T22:14:08.000+0000
a3Mbe000000KNQ4EAO,RSC-005666,Qualquer,,,Atendimento,a3Nbe000000Q1BlEAK,a3Kbe000000D9SvEAK,a3Obe000000LI1xEAG,,true,2026-06-12T04:00:57.000+0000,2026-06-13T22:14:08.000+0000
a3Mbe000000KNQ5EAO,RSC-005667,Qualquer,,,Atendimento,a3Nbe000000Q1BlEAK,a3Kbe000000D9SvEAK,a3Obe000000LI5BEAW,,true,2026-06-12T04:00:57.000+0000,2026-06-13T22:14:08.000+0000
a3Mbe000000KNQ6EAO,RSC-005668,Qualquer,,,Atendimento,a3Nbe000000Q1BlEAK,a3Kbe000000D9SwEAK,a3Obe000000LHyjEAG,,true,2026-06-12T04:00:57.000+0000,2026-06-13T22:14:08.000+0000
a3Mbe000000KNQ7EAO,RSC-005669,Qualquer,,,Atendimento,a3Nbe000000Q1BlEAK,a3Kbe000000D9SwEAK,a3Obe000000LI0LEAW,,true,2026-06-12T04:00:57.000+0000,2026-06-13T22:14:08.000+0000
a3Mbe000000KNQ8EAO,RSC-005670,Qualquer,,,Atendimento,a3Nbe000000Q1BlEAK,a3Kbe000000D9SwEAK,a3Obe000000LI1xEAG,,true,2026-06-12T04:00:57.000+0000,2026-06-13T22:14:08.000+0000
a3Mbe000000KNQ9EAO,RSC-005671,Qualquer,,,Atendimento,a3Nbe000000Q1BlEAK,a3Kbe000000D9SwEAK,a3Obe000000LI5BEAW,,true,2026-06-12T04:00:57.000+0000,2026-06-13T22:14:08.000+0000
a3Mbe000000KNQAEA4,RSC-005672,Qualquer,,,Atendimento,a3Nbe000000Q1BlEAK,a3Kbe000000D9SxEAK,a3Obe000000LHyjEAG,,true,2026-06-12T04:00:57.000+0000,2026-06-13T22:14:08.000+0000
a3Mbe000000KNQBEA4,RSC-005673,Qualquer,,,Atendimento,a3Nbe000000Q1BlEAK,a3Kbe000000D9SxEAK,a3Obe000000LI0LEAW,,true,2026-06-12T04:00:57.000+0000,2026-06-13T22:14:08.000+0000
a3Mbe000000KNQCEA4,RSC-005674,Qualquer,,,Atendimento,a3Nbe000000Q1BlEAK,a3Kbe000000D9SxEAK,a3Obe000000LI1xEAG,,true,2026-06-12T04:00:57.000+0000,2026-06-13T22:14:08.000+0000
a3Mbe000000KNQDEA4,RSC-005675,Qualquer,,,Atendimento,a3Nbe000000Q1BlEAK,a3Kbe000000D9SxEAK,a3Obe000000LI5BEAW,,true,2026-06-12T04:00:57.000+0000,2026-06-13T22:14:08.000+0000
a3Mbe000000KNQEEA4,RSC-005676,Qualquer,,,Atendimento,a3Nbe000000Q1BlEAK,a3Kbe000000D9SyEAK,a3Obe000000LHyjEAG,,true,2026-06-12T04:00:57.000+0000,2026-06-13T22:14:08.000+0000
a3Mbe000000KNQFEA4,RSC-005677,Qualquer,,,Atendimento,a3Nbe000000Q1BlEAK,a3Kbe000000D9SyEAK,a3Obe000000LI0LEAW,,true,2026-06-12T04:00:57.000+0000,2026-06-13T22:14:08.000+0000
a3Mbe000000KNQGEA4,RSC-005678,Qualquer,,,Atendimento,a3Nbe000000Q1BlEAK,a3Kbe000000D9SyEAK,a3Obe000000LI1xEAG,,true,2026-06-12T04:00:57.000+0000,2026-06-13T22:14:08.000+0000
a3Mbe000000KNQHEA4,RSC-005679,Qualquer,,,Atendimento,a3Nbe000000Q1BlEAK,a3Kbe000000D9SyEAK,a3Obe000000LI5BEAW,,true,2026-06-12T04:00:57.000+0000,2026-06-13T22:14:08.000+0000
a3Mbe000000KNQIEA4,RSC-005680,Qualquer,,,Atendimento,a3Nbe000000Q1BlEAK,a3Kbe000000D9SzEAK,a3Obe000000LHyjEAG,,true,2026-06-12T04:00:57.000+0000,2026-06-13T22:14:08.000+0000
a3Mbe000000KNQJEA4,RSC-005681,Qualquer,,,Atendimento,a3Nbe000000Q1BlEAK,a3Kbe000000D9SzEAK,a3Obe000000LI0LEAW,,true,2026-06-12T04:00:57.000+0000,2026-06-13T22:14:08.000+0000
a3Mbe000000KNQKEA4,RSC-005682,Qualquer,,,Atendimento,a3Nbe000000Q1BlEAK,a3Kbe000000D9SzEAK,a3Obe000000LI1xEAG,,true,2026-06-12T04:00:57.000+0000,2026-06-13T22:14:08.000+0000
a3Mbe000000KNQLEA4,RSC-005683,Qualquer,,,Atendimento,a3Nbe000000Q1BlEAK,a3Kbe000000D9SzEAK,a3Obe000000LI5BEAW,,true,2026-06-12T04:00:57.000+0000,2026-06-13T22:14:08.000+0000
a3Mbe000000KNQMEA4,RSC-005684,Qualquer,,,Atendimento,a3Nbe000000Q1BlEAK,a3Kbe000000D9T0EAK,a3Obe000000LHyjEAG,,true,2026-06-12T04:00:57.000+0000,2026-06-13T22:14:08.000+0000
a3Mbe000000KNQNEA4,RSC-005685,Qualquer,,,Atendimento,a3Nbe000000Q1BlEAK,a3Kbe000000D9T0EAK,a3Obe000000LI0LEAW,,true,2026-06-12T04:00:57.000+0000,2026-06-13T22:14:08.000+0000
a3Mbe000000KNQOEA4,RSC-005686,Qualquer,,,Atendimento,a3Nbe000000Q1BlEAK,a3Kbe000000D9T0EAK,a3Obe000000LI1xEAG,,true,2026-06-12T04:00:57.000+0000,2026-06-13T22:14:08.000+0000
a3Mbe000000KNQPEA4,RSC-005687,Qualquer,,,Atendimento,a3Nbe000000Q1BlEAK,a3Kbe000000D9T0EAK,a3Obe000000LI5BEAW,,true,2026-06-12T04:00:57.000+0000,2026-06-13T22:14:08.000+0000
a3Mbe000000KNQQEA4,RSC-005688,Qualquer,,,Atendimento,a3Nbe000000Q1BlEAK,a3Kbe000000D9T1EAK,a3Obe000000LHyjEAG,,true,2026-06-12T04:00:57.000+0000,2026-06-13T22:14:08.000+0000
a3Mbe000000KNQREA4,RSC-005689,Qualquer,,,Atendimento,a3Nbe000000Q1BlEAK,a3Kbe000000D9T1EAK,a3Obe000000LI0LEAW,,true,2026-06-12T04:00:57.000+0000,2026-06-13T22:14:08.000+0000
a3Mbe000000KNQSEA4,RSC-005690,Qualquer,,,Atendimento,a3Nbe000000Q1BlEAK,a3Kbe000000D9T1EAK,a3Obe000000LI1xEAG,,true,2026-06-12T04:00:57.000+0000,2026-06-13T22:14:08.000+0000
a3Mbe000000KNQTEA4,RSC-005691,Qualquer,,,Atendimento,a3Nbe000000Q1BlEAK,a3Kbe000000D9T1EAK,a3Obe000000LI5BEAW,,true,2026-06-12T04:00:57.000+0000,2026-06-13T22:14:08.000+0000
a3Mbe000000KNQUEA4,RSC-005692,Qualquer,,,Atendimento,a3Nbe000000Q1BlEAK,a3Kbe000000D9T2EAK,a3Obe000000LHyjEAG,,true,2026-06-12T04:00:57.000+0000,2026-06-13T22:14:08.000+0000
a3Mbe000000KNQVEA4,RSC-005693,Qualquer,,,Atendimento,a3Nbe000000Q1BlEAK,a3Kbe000000D9T2EAK,a3Obe000000LI0LEAW,,true,2026-06-12T04:00:57.000+0000,2026-06-13T22:14:08.000+0000
a3Mbe000000KNQWEA4,RSC-005694,Qualquer,,,Atendimento,a3Nbe000000Q1BlEAK,a3Kbe000000D9T2EAK,a3Obe000000LI1xEAG,,true,2026-06-12T04:00:57.000+0000,2026-06-13T22:14:08.000+0000
a3Mbe000000KNQXEA4,RSC-005695,Qualquer,,,Atendimento,a3Nbe000000Q1BlEAK,a3Kbe000000D9T2EAK,a3Obe000000LI5BEAW,,true,2026-06-12T04:00:57.000+0000,2026-06-13T22:14:08.000+0000
a3Mbe000000KNQYEA4,RSC-005696,Qualquer,,,Atendimento,a3Nbe000000Q1BlEAK,a3Kbe000000D9T3EAK,a3Obe000000LHyjEAG,,true,2026-06-12T04:00:57.000+0000,2026-06-13T22:14:08.000+0000
a3Mbe000000KNQZEA4,RSC-005697,Qualquer,,,Atendimento,a3Nbe000000Q1BlEAK,a3Kbe000000D9T3EAK,a3Obe000000LI0LEAW,,true,2026-06-12T04:00:57.000+0000,2026-06-13T22:14:08.000+0000
a3Mbe000000KNQaEAO,RSC-005698,Qualquer,,,Atendimento,a3Nbe000000Q1BlEAK,a3Kbe000000D9T3EAK,a3Obe000000LI1xEAG,,true,2026-06-12T04:00:57.000+0000,2026-06-13T22:14:08.000+0000
a3Mbe000000KNQbEAO,RSC-005699,Qualquer,,,Atendimento,a3Nbe000000Q1BlEAK,a3Kbe000000D9T3EAK,a3Obe000000LI5BEAW,,true,2026-06-12T04:00:57.000+0000,2026-06-13T22:14:08.000+0000
a3Mbe000000KNQcEAO,RSC-005700,Qualquer,,,Atendimento,a3Nbe000000Q1BlEAK,a3Kbe000000D9T4EAK,a3Obe000000LHyjEAG,,true,2026-06-12T04:00:57.000+0000,2026-06-13T22:14:08.000+0000
a3Mbe000000KNQdEAO,RSC-005701,Qualquer,,,Atendimento,a3Nbe000000Q1BlEAK,a3Kbe000000D9T4EAK,a3Obe000000LI0LEAW,,true,2026-06-12T04:00:57.000+0000,2026-06-13T22:14:08.000+0000
a3Mbe000000KNQeEAO,RSC-005702,Qualquer,,,Atendimento,a3Nbe000000Q1BlEAK,a3Kbe000000D9T4EAK,a3Obe000000LI1xEAG,,true,2026-06-12T04:00:57.000+0000,2026-06-13T22:14:08.000+0000
a3Mbe000000KNQfEAO,RSC-005703,Qualquer,,,Atendimento,a3Nbe000000Q1BlEAK,a3Kbe000000D9T4EAK,a3Obe000000LI5BEAW,,true,2026-06-12T04:00:57.000+0000,2026-06-13T22:14:08.000+0000
a3Mbe000000KNQgEAO,RSC-005704,Qualquer,,,Atendimento,a3Nbe000000Q1BlEAK,a3Kbe000000D9T5EAK,a3Obe000000LHyjEAG,,true,2026-06-12T04:00:57.000+0000,2026-06-13T22:14:08.000+0000
a3Mbe000000KNQhEAO,RSC-005705,Qualquer,,,Atendimento,a3Nbe000000Q1BlEAK,a3Kbe000000D9T5EAK,a3Obe000000LI0LEAW,,true,2026-06-12T04:00:57.000+0000,2026-06-13T22:14:08.000+0000
a3Mbe000000KNQiEAO,RSC-005706,Qualquer,,,Atendimento,a3Nbe000000Q1BlEAK,a3Kbe000000D9T5EAK,a3Obe000000LI1xEAG,,true,2026-06-12T04:00:57.000+0000,2026-06-13T22:14:08.000+0000
a3Mbe000000KNQjEAO,RSC-005707,Qualquer,,,Atendimento,a3Nbe000000Q1BlEAK,a3Kbe000000D9T5EAK,a3Obe000000LI5BEAW,,true,2026-06-12T04:00:57.000+0000,2026-06-13T22:14:08.000+0000
a3Mbe000000KNQkEAO,RSC-005708,Qualquer,,,Atendimento,a3Nbe000000Q1BlEAK,a3Kbe000000D9T6EAK,a3Obe000000LHyjEAG,,true,2026-06-12T04:00:57.000+0000,2026-06-13T22:14:08.000+0000
a3Mbe000000KNQlEAO,RSC-005709,Qualquer,,,Atendimento,a3Nbe000000Q1BlEAK,a3Kbe000000D9T6EAK,a3Obe000000LI0LEAW,,true,2026-06-12T04:00:57.000+0000,2026-06-13T22:14:08.000+0000
a3Mbe000000KNQmEAO,RSC-005710,Qualquer,,,Atendimento,a3Nbe000000Q1BlEAK,a3Kbe000000D9T6EAK,a3Obe000000LI1xEAG,,true,2026-06-12T04:00:57.000+0000,2026-06-13T22:14:08.000+0000
a3Mbe000000KNQnEAO,RSC-005711,Qualquer,,,Atendimento,a3Nbe000000Q1BlEAK,a3Kbe000000D9T6EAK,a3Obe000000LI5BEAW,,true,2026-06-12T04:00:57.000+0000,2026-06-13T22:14:08.000+0000
a3Mbe000000KNQoEAO,RSC-005712,Qualquer,,,Atendimento,a3Nbe000000Q1BlEAK,a3Kbe000000D9T7EAK,a3Obe000000LHyjEAG,,true,2026-06-12T04:00:57.000+0000,2026-06-13T22:14:08.000+0000
a3Mbe000000KNQpEAO,RSC-005713,Qualquer,,,Atendimento,a3Nbe000000Q1BlEAK,a3Kbe000000D9T7EAK,a3Obe000000LI0LEAW,,true,2026-06-12T04:00:57.000+0000,2026-06-13T22:14:08.000+0000
a3Mbe000000KNQqEAO,RSC-005714,Qualquer,,,Atendimento,a3Nbe000000Q1BlEAK,a3Kbe000000D9T7EAK,a3Obe000000LI1xEAG,,true,2026-06-12T04:00:57.000+0000,2026-06-13T22:14:08.000+0000
a3Mbe000000KNQrEAO,RSC-005715,Qualquer,,,Atendimento,a3Nbe000000Q1BlEAK,a3Kbe000000D9T7EAK,a3Obe000000LI5BEAW,,true,2026-06-12T04:00:57.000+0000,2026-06-13T22:14:08.000+0000
a3Mbe000000KNQsEAO,RSC-005716,Qualquer,,,Atendimento,a3Nbe000000Q1BlEAK,a3Kbe000000D9T8EAK,a3Obe000000LHyjEAG,,true,2026-06-12T04:00:57.000+0000,2026-06-13T22:14:08.000+0000
a3Mbe000000KNQtEAO,RSC-005717,Qualquer,,,Atendimento,a3Nbe000000Q1BlEAK,a3Kbe000000D9T8EAK,a3Obe000000LI0LEAW,,true,2026-06-12T04:00:57.000+0000,2026-06-13T22:14:08.000+0000
a3Mbe000000KNQuEAO,RSC-005718,Qualquer,,,Atendimento,a3Nbe000000Q1BlEAK,a3Kbe000000D9T8EAK,a3Obe000000LI1xEAG,,true,2026-06-12T04:00:57.000+0000,2026-06-13T22:14:08.000+0000
a3Mbe000000KNQvEAO,RSC-005719,Qualquer,,,Atendimento,a3Nbe000000Q1BlEAK,a3Kbe000000D9T8EAK,a3Obe000000LI5BEAW,,true,2026-06-12T04:00:57.000+0000,2026-06-13T22:14:08.000+0000
a3Mbe000000KNQwEAO,RSC-005720,Qualquer,,,Atendimento,a3Nbe000000Q1BlEAK,a3Kbe000000D9T9EAK,a3Obe000000LHyjEAG,,true,2026-06-12T04:00:57.000+0000,2026-06-13T22:14:08.000+0000
a3Mbe000000KNQxEAO,RSC-005721,Qualquer,,,Atendimento,a3Nbe000000Q1BlEAK,a3Kbe000000D9T9EAK,a3Obe000000LI0LEAW,,true,2026-06-12T04:00:57.000+0000,2026-06-13T22:14:08.000+0000
a3Mbe000000KNQyEAO,RSC-005722,Qualquer,,,Atendimento,a3Nbe000000Q1BlEAK,a3Kbe000000D9T9EAK,a3Obe000000LI1xEAG,,true,2026-06-12T04:00:57.000+0000,2026-06-13T22:14:08.000+0000
a3Mbe000000KNQzEAO,RSC-005723,Qualquer,,,Atendimento,a3Nbe000000Q1BlEAK,a3Kbe000000D9T9EAK,a3Obe000000LI5BEAW,,true,2026-06-12T04:00:57.000+0000,2026-06-13T22:14:08.000+0000
a3Mbe000000KNR0EAO,RSC-005724,Qualquer,,,Atendimento,a3Nbe000000Q1BlEAK,a3Kbe000000D9TAEA0,a3Obe000000LHyjEAG,,true,2026-06-12T04:00:57.000+0000,2026-06-13T22:14:08.000+0000
a3Mbe000000KNR1EAO,RSC-005725,Qualquer,,,Atendimento,a3Nbe000000Q1BlEAK,a3Kbe000000D9TAEA0,a3Obe000000LI0LEAW,,true,2026-06-12T04:00:57.000+0000,2026-06-13T22:14:08.000+0000
a3Mbe000000KNR2EAO,RSC-005726,Qualquer,,,Atendimento,a3Nbe000000Q1BlEAK,a3Kbe000000D9TAEA0,a3Obe000000LI1xEAG,,true,2026-06-12T04:00:57.000+0000,2026-06-13T22:14:08.000+0000
a3Mbe000000KNR3EAO,RSC-005727,Qualquer,,,Atendimento,a3Nbe000000Q1BlEAK,a3Kbe000000D9TAEA0,a3Obe000000LI5BEAW,,true,2026-06-12T04:00:57.000+0000,2026-06-13T22:14:08.000+0000
a3Mbe000000KNR4EAO,RSC-005728,Qualquer,,,Atendimento,a3Nbe000000Q1BlEAK,a3Kbe000000D9TBEA0,a3Obe000000LHyjEAG,,true,2026-06-12T04:00:57.000+0000,2026-06-13T22:14:08.000+0000
a3Mbe000000KNR5EAO,RSC-005729,Qualquer,,,Atendimento,a3Nbe000000Q1BlEAK,a3Kbe000000D9TBEA0,a3Obe000000LI0LEAW,,true,2026-06-12T04:00:57.000+0000,2026-06-13T22:14:08.000+0000
a3Mbe000000KNR6EAO,RSC-005730,Qualquer,,,Atendimento,a3Nbe000000Q1BlEAK,a3Kbe000000D9TBEA0,a3Obe000000LI1xEAG,,true,2026-06-12T04:00:57.000+0000,2026-06-13T22:14:08.000+0000
a3Mbe000000KNR7EAO,RSC-005731,Qualquer,,,Atendimento,a3Nbe000000Q1BlEAK,a3Kbe000000D9TBEA0,a3Obe000000LI5BEAW,,true,2026-06-12T04:00:57.000+0000,2026-06-13T22:14:08.000+0000
a3Mbe000000KNR8EAO,RSC-005732,Qualquer,,,Atendimento,a3Nbe000000Q1BlEAK,a3Kbe000000D9MYEA0,a3Obe000000LHyjEAG,,true,2026-06-12T04:00:57.000+0000,2026-06-13T22:14:08.000+0000
a3Mbe000000KNR9EAO,RSC-005733,Qualquer,,,Atendimento,a3Nbe000000Q1BlEAK,a3Kbe000000D9MYEA0,a3Obe000000LI0LEAW,,true,2026-06-12T04:00:57.000+0000,2026-06-13T22:14:08.000+0000
a3Mbe000000KNRAEA4,RSC-005734,Qualquer,,,Atendimento,a3Nbe000000Q1BlEAK,a3Kbe000000D9MYEA0,a3Obe000000LI1xEAG,,true,2026-06-12T04:00:57.000+0000,2026-06-13T22:14:08.000+0000
a3Mbe000000KNRBEA4,RSC-005735,Qualquer,,,Atendimento,a3Nbe000000Q1BlEAK,a3Kbe000000D9MYEA0,a3Obe000000LI5BEAW,,true,2026-06-12T04:00:57.000+0000,2026-06-13T22:14:08.000+0000
a3Mbe000000KNRCEA4,RSC-005736,Qualquer,,,Atendimento,a3Nbe000000Q1BlEAK,a3Kbe000000D9MZEA0,a3Obe000000LHyjEAG,,true,2026-06-12T04:00:57.000+0000,2026-06-13T22:14:08.000+0000
a3Mbe000000KNRDEA4,RSC-005737,Qualquer,,,Atendimento,a3Nbe000000Q1BlEAK,a3Kbe000000D9MZEA0,a3Obe000000LI0LEAW,,true,2026-06-12T04:00:57.000+0000,2026-06-13T22:14:08.000+0000
a3Mbe000000KNREEA4,RSC-005738,Qualquer,,,Atendimento,a3Nbe000000Q1BlEAK,a3Kbe000000D9MZEA0,a3Obe000000LI1xEAG,,true,2026-06-12T04:00:57.000+0000,2026-06-13T22:14:08.000+0000
a3Mbe000000KNRFEA4,RSC-005739,Qualquer,,,Atendimento,a3Nbe000000Q1BlEAK,a3Kbe000000D9MZEA0,a3Obe000000LI5BEAW,,true,2026-06-12T04:00:57.000+0000,2026-06-13T22:14:08.000+0000
a3Mbe000000KNRGEA4,RSC-005740,Qualquer,,,Atendimento,a3Nbe000000Q1BlEAK,a3Kbe000000D9MaEAK,a3Obe000000LHyjEAG,,true,2026-06-12T04:00:57.000+0000,2026-06-13T22:14:08.000+0000
a3Mbe000000KNRHEA4,RSC-005741,Qualquer,,,Atendimento,a3Nbe000000Q1BlEAK,a3Kbe000000D9MaEAK,a3Obe000000LI0LEAW,,true,2026-06-12T04:00:57.000+0000,2026-06-13T22:14:08.000+0000
a3Mbe000000KNRIEA4,RSC-005742,Qualquer,,,Atendimento,a3Nbe000000Q1BlEAK,a3Kbe000000D9MaEAK,a3Obe000000LI1xEAG,,true,2026-06-12T04:00:57.000+0000,2026-06-13T22:14:08.000+0000
a3Mbe000000KNRJEA4,RSC-005743,Qualquer,,,Atendimento,a3Nbe000000Q1BlEAK,a3Kbe000000D9MaEAK,a3Obe000000LI5BEAW,,true,2026-06-12T04:00:57.000+0000,2026-06-13T22:14:08.000+0000
a3Mbe000000KNRKEA4,RSC-005744,Qualquer,,,Atendimento,a3Nbe000000Q1BlEAK,a3Kbe000000D9TCEA0,a3Obe000000LHyjEAG,,true,2026-06-12T04:00:57.000+0000,2026-06-13T22:14:08.000+0000
a3Mbe000000KNRLEA4,RSC-005745,Qualquer,,,Atendimento,a3Nbe000000Q1BlEAK,a3Kbe000000D9TCEA0,a3Obe000000LI0LEAW,,true,2026-06-12T04:00:57.000+0000,2026-06-13T22:14:08.000+0000
a3Mbe000000KNRMEA4,RSC-005746,Qualquer,,,Atendimento,a3Nbe000000Q1BlEAK,a3Kbe000000D9TCEA0,a3Obe000000LI1xEAG,,true,2026-06-12T04:00:57.000+0000,2026-06-13T22:14:08.000+0000
a3Mbe000000KNRNEA4,RSC-005747,Qualquer,,,Atendimento,a3Nbe000000Q1BlEAK,a3Kbe000000D9TCEA0,a3Obe000000LI5BEAW,,true,2026-06-12T04:00:57.000+0000,2026-06-13T22:14:08.000+0000
a3Mbe000000KNROEA4,RSC-005748,Qualquer,,,Atendimento,a3Nbe000000Q1BlEAK,a3Kbe000000D9TDEA0,a3Obe000000LHyjEAG,,true,2026-06-12T04:00:57.000+0000,2026-06-13T22:14:08.000+0000
a3Mbe000000KNRPEA4,RSC-005749,Qualquer,,,Atendimento,a3Nbe000000Q1BlEAK,a3Kbe000000D9TDEA0,a3Obe000000LI0LEAW,,true,2026-06-12T04:00:57.000+0000,2026-06-13T22:14:08.000+0000
a3Mbe000000KNRQEA4,RSC-005750,Qualquer,,,Atendimento,a3Nbe000000Q1BlEAK,a3Kbe000000D9TDEA0,a3Obe000000LI1xEAG,,true,2026-06-12T04:00:57.000+0000,2026-06-13T22:14:08.000+0000
a3Mbe000000KNRREA4,RSC-005751,Qualquer,,,Atendimento,a3Nbe000000Q1BlEAK,a3Kbe000000D9TDEA0,a3Obe000000LI5BEAW,,true,2026-06-12T04:00:57.000+0000,2026-06-13T22:14:08.000+0000
a3Mbe000000KNRSEA4,RSC-005752,Qualquer,,,Atendimento,a3Nbe000000Q1BlEAK,a3Kbe000000D9TEEA0,a3Obe000000LHyjEAG,,true,2026-06-12T04:00:57.000+0000,2026-06-13T22:14:08.000+0000
a3Mbe000000KNRTEA4,RSC-005753,Qualquer,,,Atendimento,a3Nbe000000Q1BlEAK,a3Kbe000000D9TEEA0,a3Obe000000LI0LEAW,,true,2026-06-12T04:00:57.000+0000,2026-06-13T22:14:08.000+0000
a3Mbe000000KNRUEA4,RSC-005754,Qualquer,,,Atendimento,a3Nbe000000Q1BlEAK,a3Kbe000000D9TEEA0,a3Obe000000LI1xEAG,,true,2026-06-12T04:00:57.000+0000,2026-06-13T22:14:08.000+0000
a3Mbe000000KNRVEA4,RSC-005755,Qualquer,,,Atendimento,a3Nbe000000Q1BlEAK,a3Kbe000000D9TEEA0,a3Obe000000LI5BEAW,,true,2026-06-12T04:00:57.000+0000,2026-06-13T22:14:08.000+0000
a3Mbe000000KNRWEA4,RSC-005756,Qualquer,,,Atendimento,a3Nbe000000Q1BlEAK,a3Kbe000000D9TFEA0,a3Obe000000LHyjEAG,,true,2026-06-12T04:00:57.000+0000,2026-06-13T22:14:08.000+0000
a3Mbe000000KNRXEA4,RSC-005757,Qualquer,,,Atendimento,a3Nbe000000Q1BlEAK,a3Kbe000000D9TFEA0,a3Obe000000LI0LEAW,,true,2026-06-12T04:00:57.000+0000,2026-06-13T22:14:08.000+0000
a3Mbe000000KNRYEA4,RSC-005758,Qualquer,,,Atendimento,a3Nbe000000Q1BlEAK,a3Kbe000000D9TFEA0,a3Obe000000LI1xEAG,,true,2026-06-12T04:00:57.000+0000,2026-06-13T22:14:08.000+0000
a3Mbe000000KNRZEA4,RSC-005759,Qualquer,,,Atendimento,a3Nbe000000Q1BlEAK,a3Kbe000000D9TFEA0,a3Obe000000LI5BEAW,,true,2026-06-12T04:00:57.000+0000,2026-06-13T22:14:08.000+0000
a3Mbe000000KNUjEAO,RSC-005936,Qualquer,,,Atendimento,a3Nbe000000QwOXEA0,a3Kbe000000BykJEAS,a3Obe000000LITOEA4,,true,2026-06-12T04:16:42.000+0000,2026-06-13T22:14:08.000+0000
a3Mbe000000KNUkEAO,RSC-005937,Qualquer,,,Atendimento,a3Nbe000000QwOXEA0,a3Kbe000000BykJEAS,a3Obe000000LIWbEAO,,true,2026-06-12T04:16:42.000+0000,2026-06-13T22:14:08.000+0000
a3Mbe000000KNUlEAO,RSC-005938,Qualquer,,,Atendimento,a3Nbe000000QwOXEA0,a3Kbe000000BykJEAS,a3Obe000000LIYDEA4,,true,2026-06-12T04:16:42.000+0000,2026-06-13T22:14:08.000+0000
a3Mbe000000KNUmEAO,RSC-005939,Qualquer,,,Atendimento,a3Nbe000000QwOXEA0,a3Kbe000000BykLEAS,a3Obe000000LITOEA4,,true,2026-06-12T04:16:42.000+0000,2026-06-13T22:14:08.000+0000
a3Mbe000000KNUnEAO,RSC-005940,Qualquer,,,Atendimento,a3Nbe000000QwOXEA0,a3Kbe000000BykLEAS,a3Obe000000LIWbEAO,,true,2026-06-12T04:16:42.000+0000,2026-06-13T22:14:08.000+0000
a3Mbe000000KNUoEAO,RSC-005941,Qualquer,,,Atendimento,a3Nbe000000QwOXEA0,a3Kbe000000BykLEAS,a3Obe000000LIYDEA4,,true,2026-06-12T04:16:42.000+0000,2026-06-13T22:14:08.000+0000
a3Mbe000000KNUpEAO,RSC-005942,Qualquer,,,Atendimento,a3Nbe000000QwOXEA0,a3Kbe000000BykKEAS,a3Obe000000LITOEA4,,true,2026-06-12T04:16:42.000+0000,2026-06-13T22:14:08.000+0000
a3Mbe000000KNUqEAO,RSC-005943,Qualquer,,,Atendimento,a3Nbe000000QwOXEA0,a3Kbe000000BykKEAS,a3Obe000000LIWbEAO,,true,2026-06-12T04:16:42.000+0000,2026-06-13T22:14:08.000+0000
a3Mbe000000KNUrEAO,RSC-005944,Qualquer,,,Atendimento,a3Nbe000000QwOXEA0,a3Kbe000000BykKEAS,a3Obe000000LIYDEA4,,true,2026-06-12T04:16:42.000+0000,2026-06-13T22:14:08.000+0000
a3Mbe000000KNUsEAO,RSC-005945,Qualquer,,,Atendimento,a3Nbe000000QwOXEA0,a3Kbe000000BykMEAS,a3Obe000000LITOEA4,,true,2026-06-12T04:16:42.000+0000,2026-06-13T22:14:08.000+0000
a3Mbe000000KNUtEAO,RSC-005946,Qualquer,,,Atendimento,a3Nbe000000QwOXEA0,a3Kbe000000BykMEAS,a3Obe000000LIWbEAO,,true,2026-06-12T04:16:42.000+0000,2026-06-13T22:14:08.000+0000
a3Mbe000000KNUuEAO,RSC-005947,Qualquer,,,Atendimento,a3Nbe000000QwOXEA0,a3Kbe000000BykMEAS,a3Obe000000LIYDEA4,,true,2026-06-12T04:16:42.000+0000,2026-06-13T22:14:08.000+0000
a3Mbe000000KNUvEAO,RSC-005948,Qualquer,,,Atendimento,a3Nbe000000QwOXEA0,a3Kbe000000BykNEAS,a3Obe000000LITOEA4,,true,2026-06-12T04:16:42.000+0000,2026-06-13T22:14:08.000+0000
a3Mbe000000KNUwEAO,RSC-005949,Qualquer,,,Atendimento,a3Nbe000000QwOXEA0,a3Kbe000000BykNEAS,a3Obe000000LIWbEAO,,true,2026-06-12T04:16:42.000+0000,2026-06-13T22:14:08.000+0000
a3Mbe000000KNUxEAO,RSC-005950,Qualquer,,,Atendimento,a3Nbe000000QwOXEA0,a3Kbe000000BykNEAS,a3Obe000000LIYDEA4,,true,2026-06-12T04:16:42.000+0000,2026-06-13T22:14:08.000+0000
a3Mbe000000KNUyEAO,RSC-005951,Qualquer,,,Atendimento,a3Nbe000000QwOXEA0,a3Kbe000000BykOEAS,a3Obe000000LITOEA4,,true,2026-06-12T04:16:42.000+0000,2026-06-13T22:14:08.000+0000
a3Mbe000000KNUzEAO,RSC-005952,Qualquer,,,Atendimento,a3Nbe000000QwOXEA0,a3Kbe000000BykOEAS,a3Obe000000LIWbEAO,,true,2026-06-12T04:16:42.000+0000,2026-06-13T22:14:08.000+0000
a3Mbe000000KNV0EAO,RSC-005953,Qualquer,,,Atendimento,a3Nbe000000QwOXEA0,a3Kbe000000BykOEAS,a3Obe000000LIYDEA4,,true,2026-06-12T04:16:42.000+0000,2026-06-13T22:14:08.000+0000
a3Mbe000000KNV1EAO,RSC-005954,Qualquer,,,Atendimento,a3Nbe000000QwOXEA0,a3Kbe000000ByfKEAS,a3Obe000000LITOEA4,,true,2026-06-12T04:16:42.000+0000,2026-06-13T22:14:08.000+0000
a3Mbe000000KNV2EAO,RSC-005955,Qualquer,,,Atendimento,a3Nbe000000QwOXEA0,a3Kbe000000ByfKEAS,a3Obe000000LIYDEA4,,true,2026-06-12T04:16:42.000+0000,2026-06-13T22:14:08.000+0000
a3Mbe000000KNV3EAO,RSC-005956,Qualquer,,,Atendimento,a3Nbe000000QwOXEA0,a3Kbe000000BykQEAS,a3Obe000000LITOEA4,,true,2026-06-12T04:16:42.000+0000,2026-06-13T22:14:08.000+0000
a3Mbe000000KNV4EAO,RSC-005957,Qualquer,,,Atendimento,a3Nbe000000QwOXEA0,a3Kbe000000BykQEAS,a3Obe000000LIWbEAO,,true,2026-06-12T04:16:42.000+0000,2026-06-13T22:14:08.000+0000
a3Mbe000000KNV5EAO,RSC-005958,Qualquer,,,Atendimento,a3Nbe000000QwOXEA0,a3Kbe000000BykQEAS,a3Obe000000LIYDEA4,,true,2026-06-12T04:16:42.000+0000,2026-06-13T22:14:08.000+0000
a3Mbe000000KNV6EAO,RSC-005959,Qualquer,,,Atendimento,a3Nbe000000QwOXEA0,a3Kbe000000BykHEAS,a3Obe000000LITOEA4,,true,2026-06-12T04:16:42.000+0000,2026-06-13T22:14:08.000+0000
a3Mbe000000KNV7EAO,RSC-005960,Qualquer,,,Atendimento,a3Nbe000000QwOXEA0,a3Kbe000000BykHEAS,a3Obe000000LIYDEA4,,true,2026-06-12T04:16:42.000+0000,2026-06-13T22:14:08.000+0000
a3Mbe000000KNV8EAO,RSC-005961,Qualquer,,,Atendimento,a3Nbe000000QwOXEA0,a3Kbe000000BykPEAS,a3Obe000000LITOEA4,,true,2026-06-12T04:16:42.000+0000,2026-06-13T22:14:08.000+0000
a3Mbe000000KNV9EAO,RSC-005962,Qualquer,,,Atendimento,a3Nbe000000QwOXEA0,a3Kbe000000BykPEAS,a3Obe000000LIWbEAO,,true,2026-06-12T04:16:42.000+0000,2026-06-13T22:14:08.000+0000
a3Mbe000000KNVAEA4,RSC-005963,Qualquer,,,Atendimento,a3Nbe000000QwOXEA0,a3Kbe000000BykPEAS,a3Obe000000LIYDEA4,,true,2026-06-12T04:16:42.000+0000,2026-06-13T22:14:08.000+0000
a3Mbe000000KNVBEA4,RSC-005964,Qualquer,,,Atendimento,a3Nbe000000QwOXEA0,a3Kbe000000BykIEAS,a3Obe000000LITOEA4,,true,2026-06-12T04:16:42.000+0000,2026-06-13T22:14:08.000+0000
a3Mbe000000KNVCEA4,RSC-005965,Qualquer,,,Atendimento,a3Nbe000000QwOXEA0,a3Kbe000000BykIEAS,a3Obe000000LIYDEA4,,true,2026-06-12T04:16:42.000+0000,2026-06-13T22:14:08.000+0000
a3Mbe000000KNVDEA4,RSC-005966,Qualquer,,,Atendimento,a3Nbe000000QwOXEA0,a3Kbe000000ByldEAC,a3Obe000000LITOEA4,,true,2026-06-12T04:16:42.000+0000,2026-06-13T22:14:08.000+0000
a3Mbe000000KNVEEA4,RSC-005967,Qualquer,,,Atendimento,a3Nbe000000QwOXEA0,a3Kbe000000ByldEAC,a3Obe000000LIWbEAO,,true,2026-06-12T04:16:42.000+0000,2026-06-13T22:14:08.000+0000
a3Mbe000000KNVFEA4,RSC-005968,Qualquer,,,Atendimento,a3Nbe000000QwOXEA0,a3Kbe000000ByldEAC,a3Obe000000LIYDEA4,,true,2026-06-12T04:16:42.000+0000,2026-06-13T22:14:08.000+0000
a3Mbe000000KNVGEA4,RSC-005969,Qualquer,,,Atendimento,a3Nbe000000QwOXEA0,a3Kbe000000ByfLEAS,a3Obe000000LITOEA4,,true,2026-06-12T04:16:42.000+0000,2026-06-13T22:14:08.000+0000
a3Mbe000000KNVHEA4,RSC-005970,Qualquer,,,Atendimento,a3Nbe000000QwOXEA0,a3Kbe000000ByfLEAS,a3Obe000000LIWbEAO,,true,2026-06-12T04:16:42.000+0000,2026-06-13T22:14:08.000+0000
a3Mbe000000KNVIEA4,RSC-005971,Qualquer,,,Atendimento,a3Nbe000000QwOXEA0,a3Kbe000000ByfLEAS,a3Obe000000LIYDEA4,,true,2026-06-12T04:16:42.000+0000,2026-06-13T22:14:08.000+0000
a3Mbe000000KNVJEA4,RSC-005972,Qualquer,,,Atendimento,a3Nbe000000QwOXEA0,a3Kbe000000ByfMEAS,a3Obe000000LITOEA4,,true,2026-06-12T04:16:42.000+0000,2026-06-13T22:14:08.000+0000
a3Mbe000000KNVKEA4,RSC-005973,Qualquer,,,Atendimento,a3Nbe000000QwOXEA0,a3Kbe000000ByfMEAS,a3Obe000000LIWbEAO,,true,2026-06-12T04:16:42.000+0000,2026-06-13T22:14:08.000+0000
a3Mbe000000KNVLEA4,RSC-005974,Qualquer,,,Atendimento,a3Nbe000000QwOXEA0,a3Kbe000000ByfMEAS,a3Obe000000LIYDEA4,,true,2026-06-12T04:16:42.000+0000,2026-06-13T22:14:08.000+0000
a3Mbe000000KNVMEA4,RSC-005975,Qualquer,,,Atendimento,a3Nbe000000QwOXEA0,a3Kbe000000ByleEAC,a3Obe000000LITOEA4,,true,2026-06-12T04:16:42.000+0000,2026-06-13T22:14:08.000+0000
a3Mbe000000KNVNEA4,RSC-005976,Qualquer,,,Atendimento,a3Nbe000000QwOXEA0,a3Kbe000000ByleEAC,a3Obe000000LIWbEAO,,true,2026-06-12T04:16:42.000+0000,2026-06-13T22:14:08.000+0000
a3Mbe000000KNVOEA4,RSC-005977,Qualquer,,,Atendimento,a3Nbe000000QwOXEA0,a3Kbe000000ByleEAC,a3Obe000000LIYDEA4,,true,2026-06-12T04:16:42.000+0000,2026-06-13T22:14:08.000+0000
a3Mbe000000KNVPEA4,RSC-005978,Qualquer,,,Atendimento,a3Nbe000000QwOXEA0,a3Kbe000000BykREAS,a3Obe000000LITOEA4,,true,2026-06-12T04:16:42.000+0000,2026-06-13T22:14:08.000+0000
a3Mbe000000KNVQEA4,RSC-005979,Qualquer,,,Atendimento,a3Nbe000000QwOXEA0,a3Kbe000000BykREAS,a3Obe000000LIWbEAO,,true,2026-06-12T04:16:42.000+0000,2026-06-13T22:14:08.000+0000
a3Mbe000000KNVREA4,RSC-005980,Qualquer,,,Atendimento,a3Nbe000000QwOXEA0,a3Kbe000000BykREAS,a3Obe000000LIYDEA4,,true,2026-06-12T04:16:42.000+0000,2026-06-13T22:14:08.000+0000
a3Mbe000000KNVSEA4,RSC-005981,Qualquer,,,Atendimento,a3Nbe000000QwOXEA0,a3Kbe000000BykTEAS,a3Obe000000LITOEA4,,true,2026-06-12T04:16:42.000+0000,2026-06-13T22:14:08.000+0000
a3Mbe000000KNVTEA4,RSC-005982,Qualquer,,,Atendimento,a3Nbe000000QwOXEA0,a3Kbe000000BykTEAS,a3Obe000000LIWbEAO,,true,2026-06-12T04:16:42.000+0000,2026-06-13T22:14:08.000+0000
a3Mbe000000KNVUEA4,RSC-005983,Qualquer,,,Atendimento,a3Nbe000000QwOXEA0,a3Kbe000000BykTEAS,a3Obe000000LIYDEA4,,true,2026-06-12T04:16:42.000+0000,2026-06-13T22:14:08.000+0000
a3Mbe000000KNVVEA4,RSC-005984,Qualquer,,,Atendimento,a3Nbe000000QwOXEA0,a3Kbe000000ByfHEAS,a3Obe000000LITOEA4,,true,2026-06-12T04:16:42.000+0000,2026-06-13T22:14:08.000+0000
a3Mbe000000KNVWEA4,RSC-005985,Qualquer,,,Atendimento,a3Nbe000000QwOXEA0,a3Kbe000000ByfHEAS,a3Obe000000LIWbEAO,,true,2026-06-12T04:16:42.000+0000,2026-06-13T22:14:08.000+0000
a3Mbe000000KNVXEA4,RSC-005986,Qualquer,,,Atendimento,a3Nbe000000QwOXEA0,a3Kbe000000ByfHEAS,a3Obe000000LIYDEA4,,true,2026-06-12T04:16:42.000+0000,2026-06-13T22:14:08.000+0000
a3Mbe000000KNVYEA4,RSC-005987,Qualquer,,,Atendimento,a3Nbe000000QwOXEA0,a3Kbe000000BykSEAS,a3Obe000000LITOEA4,,true,2026-06-12T04:16:42.000+0000,2026-06-13T22:14:08.000+0000
a3Mbe000000KNVZEA4,RSC-005988,Qualquer,,,Atendimento,a3Nbe000000QwOXEA0,a3Kbe000000BykSEAS,a3Obe000000LIWbEAO,,true,2026-06-12T04:16:42.000+0000,2026-06-13T22:14:08.000+0000
a3Mbe000000KNVaEAO,RSC-005989,Qualquer,,,Atendimento,a3Nbe000000QwOXEA0,a3Kbe000000BykSEAS,a3Obe000000LIYDEA4,,true,2026-06-12T04:16:42.000+0000,2026-06-13T22:14:08.000+0000
a3Mbe000000KNVbEAO,RSC-005990,Qualquer,,,Atendimento,a3Nbe000000QwOXEA0,a3Kbe000000BykUEAS,a3Obe000000LITOEA4,,true,2026-06-12T04:16:42.000+0000,2026-06-13T22:14:08.000+0000
a3Mbe000000KNVcEAO,RSC-005991,Qualquer,,,Atendimento,a3Nbe000000QwOXEA0,a3Kbe000000BykUEAS,a3Obe000000LIWbEAO,,true,2026-06-12T04:16:42.000+0000,2026-06-13T22:14:08.000+0000
a3Mbe000000KNVdEAO,RSC-005992,Qualquer,,,Atendimento,a3Nbe000000QwOXEA0,a3Kbe000000BykUEAS,a3Obe000000LIYDEA4,,true,2026-06-12T04:16:42.000+0000,2026-06-13T22:14:08.000+0000
a3Mbe000000KNVeEAO,RSC-005993,Qualquer,,,Atendimento,a3Nbe000000QwOXEA0,a3Kbe000000ByfIEAS,a3Obe000000LITOEA4,,true,2026-06-12T04:16:42.000+0000,2026-06-13T22:14:08.000+0000
a3Mbe000000KNVfEAO,RSC-005994,Qualquer,,,Atendimento,a3Nbe000000QwOXEA0,a3Kbe000000ByfIEAS,a3Obe000000LIWbEAO,,true,2026-06-12T04:16:42.000+0000,2026-06-13T22:14:08.000+0000
a3Mbe000000KNVgEAO,RSC-005995,Qualquer,,,Atendimento,a3Nbe000000QwOXEA0,a3Kbe000000ByfIEAS,a3Obe000000LIYDEA4,,true,2026-06-12T04:16:42.000+0000,2026-06-13T22:14:08.000+0000
a3Mbe000000KNVhEAO,RSC-005996,Qualquer,,,Atendimento,a3Nbe000000QwOXEA0,a3Kbe000000ByfNEAS,a3Obe000000LITOEA4,,true,2026-06-12T04:16:42.000+0000,2026-06-13T22:14:08.000+0000
a3Mbe000000KNViEAO,RSC-005997,Qualquer,,,Atendimento,a3Nbe000000QwOXEA0,a3Kbe000000ByfNEAS,a3Obe000000LIWbEAO,,true,2026-06-12T04:16:42.000+0000,2026-06-13T22:14:08.000+0000
a3Mbe000000KNVjEAO,RSC-005998,Qualquer,,,Atendimento,a3Nbe000000QwOXEA0,a3Kbe000000ByfNEAS,a3Obe000000LIYDEA4,,true,2026-06-12T04:16:42.000+0000,2026-06-13T22:14:08.000+0000
a3Mbe000000KNVkEAO,RSC-005999,Qualquer,,,Atendimento,a3Nbe000000QwOXEA0,a3Kbe000000BykVEAS,a3Obe000000LITOEA4,,true,2026-06-12T04:16:42.000+0000,2026-06-13T22:14:08.000+0000
a3Mbe000000KNVlEAO,RSC-006000,Qualquer,,,Atendimento,a3Nbe000000QwOXEA0,a3Kbe000000BykVEAS,a3Obe000000LIWbEAO,,true,2026-06-12T04:16:42.000+0000,2026-06-13T22:14:08.000+0000
a3Mbe000000KNVmEAO,RSC-006001,Qualquer,,,Atendimento,a3Nbe000000QwOXEA0,a3Kbe000000BykVEAS,a3Obe000000LIYDEA4,,true,2026-06-12T04:16:42.000+0000,2026-06-13T22:14:08.000+0000
a3Mbe000000KNVnEAO,RSC-006002,Qualquer,,,Atendimento,a3Nbe000000QwOXEA0,a3Kbe000000BykGEAS,a3Obe000000LITOEA4,,true,2026-06-12T04:16:42.000+0000,2026-06-13T22:14:08.000+0000
a3Mbe000000KNVoEAO,RSC-006003,Qualquer,,,Atendimento,a3Nbe000000QwOXEA0,a3Kbe000000BykGEAS,a3Obe000000LIWbEAO,,true,2026-06-12T04:16:42.000+0000,2026-06-13T22:14:08.000+0000
a3Mbe000000KNVpEAO,RSC-006004,Qualquer,,,Atendimento,a3Nbe000000QwOXEA0,a3Kbe000000BykGEAS,a3Obe000000LIYDEA4,,true,2026-06-12T04:16:42.000+0000,2026-06-13T22:14:08.000+0000
a3Mbe000000KNVqEAO,RSC-006005,Qualquer,,,Atendimento,a3Nbe000000QwOXEA0,a3Kbe000000Byk6EAC,a3Obe000000LITOEA4,,true,2026-06-12T04:16:42.000+0000,2026-06-13T22:14:08.000+0000
a3Mbe000000KNVrEAO,RSC-006006,Qualquer,,,Atendimento,a3Nbe000000QwOXEA0,a3Kbe000000Byk6EAC,a3Obe000000LIWbEAO,,true,2026-06-12T04:16:42.000+0000,2026-06-13T22:14:08.000+0000
a3Mbe000000KNVsEAO,RSC-006007,Qualquer,,,Atendimento,a3Nbe000000QwOXEA0,a3Kbe000000Byk6EAC,a3Obe000000LIYDEA4,,true,2026-06-12T04:16:42.000+0000,2026-06-13T22:14:08.000+0000
a3Mbe000000KNVtEAO,RSC-006008,Qualquer,,,Atendimento,a3Nbe000000QwOXEA0,a3Kbe000000Byk7EAC,a3Obe000000LITOEA4,,true,2026-06-12T04:16:42.000+0000,2026-06-13T22:14:08.000+0000
a3Mbe000000KNVuEAO,RSC-006009,Qualquer,,,Atendimento,a3Nbe000000QwOXEA0,a3Kbe000000Byk7EAC,a3Obe000000LIWbEAO,,true,2026-06-12T04:16:42.000+0000,2026-06-13T22:14:08.000+0000
a3Mbe000000KNVvEAO,RSC-006010,Qualquer,,,Atendimento,a3Nbe000000QwOXEA0,a3Kbe000000Byk7EAC,a3Obe000000LIYDEA4,,true,2026-06-12T04:16:42.000+0000,2026-06-13T22:14:08.000+0000
a3Mbe000000KNVwEAO,RSC-006011,Qualquer,,,Atendimento,a3Nbe000000QwOXEA0,a3Kbe000000BykWEAS,a3Obe000000LITOEA4,,true,2026-06-12T04:16:42.000+0000,2026-06-13T22:14:08.000+0000
a3Mbe000000KNVxEAO,RSC-006012,Qualquer,,,Atendimento,a3Nbe000000QwOXEA0,a3Kbe000000BykWEAS,a3Obe000000LIWbEAO,,true,2026-06-12T04:16:42.000+0000,2026-06-13T22:14:08.000+0000
a3Mbe000000KNVyEAO,RSC-006013,Qualquer,,,Atendimento,a3Nbe000000QwOXEA0,a3Kbe000000BykWEAS,a3Obe000000LIYDEA4,,true,2026-06-12T04:16:42.000+0000,2026-06-13T22:14:08.000+0000
a3Mbe000000KNVzEAO,RSC-006014,Qualquer,,,Atendimento,a3Nbe000000QwOXEA0,a3Kbe000000BykXEAS,a3Obe000000LITOEA4,,true,2026-06-12T04:16:42.000+0000,2026-06-13T22:14:08.000+0000
a3Mbe000000KNW0EAO,RSC-006015,Qualquer,,,Atendimento,a3Nbe000000QwOXEA0,a3Kbe000000BykXEAS,a3Obe000000LIYDEA4,,true,2026-06-12T04:16:42.000+0000,2026-06-13T22:14:08.000+0000
a3Mbe000000KNW1EAO,RSC-006016,Qualquer,,,Atendimento,a3Nbe000000QwOXEA0,a3Kbe000000Byk2EAC,a3Obe000000LITOEA4,,true,2026-06-12T04:16:42.000+0000,2026-06-13T22:14:08.000+0000
a3Mbe000000KNW2EAO,RSC-006017,Qualquer,,,Atendimento,a3Nbe000000QwOXEA0,a3Kbe000000Byk2EAC,a3Obe000000LIYDEA4,,true,2026-06-12T04:16:42.000+0000,2026-06-13T22:14:08.000+0000
a3Mbe000000KNW3EAO,RSC-006018,Qualquer,,,Atendimento,a3Nbe000000QwOXEA0,a3Kbe000000Byk3EAC,a3Obe000000LITOEA4,,true,2026-06-12T04:16:42.000+0000,2026-06-13T22:14:08.000+0000
a3Mbe000000KNW4EAO,RSC-006019,Qualquer,,,Atendimento,a3Nbe000000QwOXEA0,a3Kbe000000Byk3EAC,a3Obe000000LIWbEAO,,true,2026-06-12T04:16:42.000+0000,2026-06-13T22:14:08.000+0000
a3Mbe000000KNW5EAO,RSC-006020,Qualquer,,,Atendimento,a3Nbe000000QwOXEA0,a3Kbe000000Byk3EAC,a3Obe000000LIYDEA4,,true,2026-06-12T04:16:42.000+0000,2026-06-13T22:14:08.000+0000
a3Mbe000000KNW6EAO,RSC-006021,Qualquer,,,Atendimento,a3Nbe000000QwOXEA0,a3Kbe000000Byk5EAC,a3Obe000000LITOEA4,,true,2026-06-12T04:16:42.000+0000,2026-06-13T22:14:08.000+0000
a3Mbe000000KNW7EAO,RSC-006022,Qualquer,,,Atendimento,a3Nbe000000QwOXEA0,a3Kbe000000Byk5EAC,a3Obe000000LIYDEA4,,true,2026-06-12T04:16:42.000+0000,2026-06-13T22:14:08.000+0000
a3Mbe000000KNW8EAO,RSC-006023,Qualquer,,,Atendimento,a3Nbe000000QwOXEA0,a3Kbe000000Byk4EAC,a3Obe000000LITOEA4,,true,2026-06-12T04:16:42.000+0000,2026-06-13T22:14:08.000+0000
a3Mbe000000KNW9EAO,RSC-006024,Qualquer,,,Atendimento,a3Nbe000000QwOXEA0,a3Kbe000000Byk4EAC,a3Obe000000LIYDEA4,,true,2026-06-12T04:16:42.000+0000,2026-06-13T22:14:08.000+0000
a3Mbe000000KNWAEA4,RSC-006025,Qualquer,,,Atendimento,a3Nbe000000QwOXEA0,a3Kbe000000BykEEAS,a3Obe000000LITOEA4,,true,2026-06-12T04:16:42.000+0000,2026-06-13T22:14:08.000+0000
a3Mbe000000KNWBEA4,RSC-006026,Qualquer,,,Atendimento,a3Nbe000000QwOXEA0,a3Kbe000000BykEEAS,a3Obe000000LIYDEA4,,true,2026-06-12T04:16:42.000+0000,2026-06-13T22:14:08.000+0000
a3Mbe000000KNWCEA4,RSC-006027,Qualquer,,,Atendimento,a3Nbe000000QwOXEA0,a3Kbe000000BykFEAS,a3Obe000000LITOEA4,,true,2026-06-12T04:16:42.000+0000,2026-06-13T22:14:08.000+0000
a3Mbe000000KNWDEA4,RSC-006028,Qualquer,,,Atendimento,a3Nbe000000QwOXEA0,a3Kbe000000BykFEAS,a3Obe000000LIWbEAO,,true,2026-06-12T04:16:42.000+0000,2026-06-13T22:14:08.000+0000
a3Mbe000000KNWEEA4,RSC-006029,Qualquer,,,Atendimento,a3Nbe000000QwOXEA0,a3Kbe000000BykFEAS,a3Obe000000LIYDEA4,,true,2026-06-12T04:16:42.000+0000,2026-06-13T22:14:08.000+0000
a3Mbe000000KNWFEA4,RSC-006030,Qualquer,,,Atendimento,a3Nbe000000QwOXEA0,a3Kbe000000ByfGEAS,a3Obe000000LITOEA4,,true,2026-06-12T04:16:42.000+0000,2026-06-13T22:14:08.000+0000
a3Mbe000000KNWGEA4,RSC-006031,Qualquer,,,Atendimento,a3Nbe000000QwOXEA0,a3Kbe000000ByfGEAS,a3Obe000000LIWbEAO,,true,2026-06-12T04:16:42.000+0000,2026-06-13T22:14:08.000+0000
a3Mbe000000KNWHEA4,RSC-006032,Qualquer,,,Atendimento,a3Nbe000000QwOXEA0,a3Kbe000000ByfGEAS,a3Obe000000LIYDEA4,,true,2026-06-12T04:16:42.000+0000,2026-06-13T22:14:08.000+0000
a3Mbe000000KNWIEA4,RSC-006033,Qualquer,,,Atendimento,a3Nbe000000QwOXEA0,a3Kbe000000Byk9EAC,a3Obe000000LITOEA4,,true,2026-06-12T04:16:42.000+0000,2026-06-13T22:14:08.000+0000
a3Mbe000000KNWJEA4,RSC-006034,Qualquer,,,Atendimento,a3Nbe000000QwOXEA0,a3Kbe000000Byk9EAC,a3Obe000000LIYDEA4,,true,2026-06-12T04:16:42.000+0000,2026-06-13T22:14:08.000+0000
a3Mbe000000KNWKEA4,RSC-006035,Qualquer,,,Atendimento,a3Nbe000000QwOXEA0,a3Kbe000000Byk1EAC,a3Obe000000LITOEA4,,true,2026-06-12T04:16:42.000+0000,2026-06-13T22:14:08.000+0000
a3Mbe000000KNWLEA4,RSC-006036,Qualquer,,,Atendimento,a3Nbe000000QwOXEA0,a3Kbe000000Byk1EAC,a3Obe000000LIYDEA4,,true,2026-06-12T04:16:42.000+0000,2026-06-13T22:14:08.000+0000
a3Mbe000000KNWMEA4,RSC-006037,Qualquer,,,Atendimento,a3Nbe000000QwOXEA0,a3Kbe000000BykaEAC,a3Obe000000LITOEA4,,true,2026-06-12T04:16:42.000+0000,2026-06-13T22:14:08.000+0000
a3Mbe000000KNWNEA4,RSC-006038,Qualquer,,,Atendimento,a3Nbe000000QwOXEA0,a3Kbe000000BykaEAC,a3Obe000000LIWbEAO,,true,2026-06-12T04:16:42.000+0000,2026-06-13T22:14:08.000+0000
a3Mbe000000KNWOEA4,RSC-006039,Qualquer,,,Atendimento,a3Nbe000000QwOXEA0,a3Kbe000000BykaEAC,a3Obe000000LIYDEA4,,true,2026-06-12T04:16:42.000+0000,2026-06-13T22:14:08.000+0000
a3Mbe000000KNWPEA4,RSC-006040,Qualquer,,,Atendimento,a3Nbe000000QwOXEA0,a3Kbe000000BykeEAC,a3Obe000000LITOEA4,,true,2026-06-12T04:16:42.000+0000,2026-06-13T22:14:08.000+0000
a3Mbe000000KNWQEA4,RSC-006041,Qualquer,,,Atendimento,a3Nbe000000QwOXEA0,a3Kbe000000BykeEAC,a3Obe000000LIWbEAO,,true,2026-06-12T04:16:42.000+0000,2026-06-13T22:14:08.000+0000
a3Mbe000000KNWREA4,RSC-006042,Qualquer,,,Atendimento,a3Nbe000000QwOXEA0,a3Kbe000000BykeEAC,a3Obe000000LIYDEA4,,true,2026-06-12T04:16:42.000+0000,2026-06-13T22:14:08.000+0000
a3Mbe000000KNWSEA4,RSC-006043,Qualquer,,,Atendimento,a3Nbe000000QwOXEA0,a3Kbe000000BykdEAC,a3Obe000000LITOEA4,,true,2026-06-12T04:16:42.000+0000,2026-06-13T22:14:08.000+0000
a3Mbe000000KNWTEA4,RSC-006044,Qualquer,,,Atendimento,a3Nbe000000QwOXEA0,a3Kbe000000BykdEAC,a3Obe000000LIWbEAO,,true,2026-06-12T04:16:42.000+0000,2026-06-13T22:14:08.000+0000
a3Mbe000000KNWUEA4,RSC-006045,Qualquer,,,Atendimento,a3Nbe000000QwOXEA0,a3Kbe000000BykdEAC,a3Obe000000LIYDEA4,,true,2026-06-12T04:16:42.000+0000,2026-06-13T22:14:08.000+0000
a3Mbe000000KNWVEA4,RSC-006046,Qualquer,,,Atendimento,a3Nbe000000QwOXEA0,a3Kbe000000Byk8EAC,a3Obe000000LITOEA4,,true,2026-06-12T04:16:42.000+0000,2026-06-13T22:14:08.000+0000
a3Mbe000000KNWWEA4,RSC-006047,Qualquer,,,Atendimento,a3Nbe000000QwOXEA0,a3Kbe000000Byk8EAC,a3Obe000000LIWbEAO,,true,2026-06-12T04:16:42.000+0000,2026-06-13T22:14:08.000+0000
a3Mbe000000KNWXEA4,RSC-006048,Qualquer,,,Atendimento,a3Nbe000000QwOXEA0,a3Kbe000000Byk8EAC,a3Obe000000LIYDEA4,,true,2026-06-12T04:16:42.000+0000,2026-06-13T22:14:08.000+0000
a3Mbe000000KNWYEA4,RSC-006049,Qualquer,,,Atendimento,a3Nbe000000QwOXEA0,a3Kbe000000BykcEAC,a3Obe000000LITOEA4,,true,2026-06-12T04:16:42.000+0000,2026-06-13T22:14:08.000+0000
a3Mbe000000KNWZEA4,RSC-006050,Qualquer,,,Atendimento,a3Nbe000000QwOXEA0,a3Kbe000000BykcEAC,a3Obe000000LIWbEAO,,true,2026-06-12T04:16:42.000+0000,2026-06-13T22:14:08.000+0000
a3Mbe000000KNWaEAO,RSC-006051,Qualquer,,,Atendimento,a3Nbe000000QwOXEA0,a3Kbe000000BykcEAC,a3Obe000000LIYDEA4,,true,2026-06-12T04:16:42.000+0000,2026-06-13T22:14:08.000+0000
a3Mbe000000KNWbEAO,RSC-006052,Qualquer,,,Atendimento,a3Nbe000000QwOXEA0,a3Kbe000000BykbEAC,a3Obe000000LITOEA4,,true,2026-06-12T04:16:42.000+0000,2026-06-13T22:14:08.000+0000
a3Mbe000000KNWcEAO,RSC-006053,Qualquer,,,Atendimento,a3Nbe000000QwOXEA0,a3Kbe000000BykbEAC,a3Obe000000LIWbEAO,,true,2026-06-12T04:16:42.000+0000,2026-06-13T22:14:08.000+0000
a3Mbe000000KNWdEAO,RSC-006054,Qualquer,,,Atendimento,a3Nbe000000QwOXEA0,a3Kbe000000BykbEAC,a3Obe000000LIYDEA4,,true,2026-06-12T04:16:42.000+0000,2026-06-13T22:14:08.000+0000
a3Mbe000000KNWeEAO,RSC-006055,Qualquer,,,Atendimento,a3Nbe000000QwOXEA0,a3Kbe000000BykYEAS,a3Obe000000LITOEA4,,true,2026-06-12T04:16:42.000+0000,2026-06-13T22:14:08.000+0000
a3Mbe000000KNWfEAO,RSC-006056,Qualquer,,,Atendimento,a3Nbe000000QwOXEA0,a3Kbe000000BykYEAS,a3Obe000000LIWbEAO,,true,2026-06-12T04:16:42.000+0000,2026-06-13T22:14:08.000+0000
a3Mbe000000KNWgEAO,RSC-006057,Qualquer,,,Atendimento,a3Nbe000000QwOXEA0,a3Kbe000000BykYEAS,a3Obe000000LIYDEA4,,true,2026-06-12T04:16:42.000+0000,2026-06-13T22:14:08.000+0000
a3Mbe000000KNWhEAO,RSC-006058,Qualquer,,,Atendimento,a3Nbe000000QwOXEA0,a3Kbe000000BykZEAS,a3Obe000000LITOEA4,,true,2026-06-12T04:16:42.000+0000,2026-06-13T22:14:08.000+0000
a3Mbe000000KNWiEAO,RSC-006059,Qualquer,,,Atendimento,a3Nbe000000QwOXEA0,a3Kbe000000BykZEAS,a3Obe000000LIWbEAO,,true,2026-06-12T04:16:42.000+0000,2026-06-13T22:14:08.000+0000
a3Mbe000000KNWjEAO,RSC-006060,Qualquer,,,Atendimento,a3Nbe000000QwOXEA0,a3Kbe000000BykZEAS,a3Obe000000LIYDEA4,,true,2026-06-12T04:16:42.000+0000,2026-06-13T22:14:08.000+0000
a3Mbe000000KNWkEAO,RSC-006061,Qualquer,,,Atendimento,a3Nbe000000QwOXEA0,a3Kbe000000ByfOEAS,a3Obe000000LITOEA4,,true,2026-06-12T04:16:42.000+0000,2026-06-13T22:14:08.000+0000
a3Mbe000000KNWlEAO,RSC-006062,Qualquer,,,Atendimento,a3Nbe000000QwOXEA0,a3Kbe000000ByfOEAS,a3Obe000000LIYDEA4,,true,2026-06-12T04:16:42.000+0000,2026-06-13T22:14:08.000+0000
a3Mbe000000KNWmEAO,RSC-006063,Qualquer,,,Atendimento,a3Nbe000000QwOXEA0,a3Kbe000000ByfPEAS,a3Obe000000LITOEA4,,true,2026-06-12T04:16:42.000+0000,2026-06-13T22:14:08.000+0000
a3Mbe000000KNWnEAO,RSC-006064,Qualquer,,,Atendimento,a3Nbe000000QwOXEA0,a3Kbe000000ByfPEAS,a3Obe000000LIWbEAO,,true,2026-06-12T04:16:42.000+0000,2026-06-13T22:14:08.000+0000
a3Mbe000000KNWoEAO,RSC-006065,Qualquer,,,Atendimento,a3Nbe000000QwOXEA0,a3Kbe000000ByfPEAS,a3Obe000000LIYDEA4,,true,2026-06-12T04:16:42.000+0000,2026-06-13T22:14:08.000+0000
a3Mbe000000KNWpEAO,RSC-006066,Qualquer,,,Atendimento,a3Nbe000000QwOXEA0,a3Kbe000000BykDEAS,a3Obe000000LITOEA4,,true,2026-06-12T04:16:42.000+0000,2026-06-13T22:14:08.000+0000
a3Mbe000000KNWqEAO,RSC-006067,Qualquer,,,Atendimento,a3Nbe000000QwOXEA0,a3Kbe000000BykDEAS,a3Obe000000LIWbEAO,,true,2026-06-12T04:16:42.000+0000,2026-06-13T22:14:08.000+0000
a3Mbe000000KNWrEAO,RSC-006068,Qualquer,,,Atendimento,a3Nbe000000QwOXEA0,a3Kbe000000BykDEAS,a3Obe000000LIYDEA4,,true,2026-06-12T04:16:42.000+0000,2026-06-13T22:14:08.000+0000
a3Mbe000000KNWsEAO,RSC-006069,Qualquer,,,Atendimento,a3Nbe000000QwOXEA0,a3Kbe000000BykAEAS,a3Obe000000LITOEA4,,true,2026-06-12T04:16:42.000+0000,2026-06-13T22:14:08.000+0000
a3Mbe000000KNWtEAO,RSC-006070,Qualquer,,,Atendimento,a3Nbe000000QwOXEA0,a3Kbe000000BykAEAS,a3Obe000000LIWbEAO,,true,2026-06-12T04:16:42.000+0000,2026-06-13T22:14:08.000+0000
a3Mbe000000KNWuEAO,RSC-006071,Qualquer,,,Atendimento,a3Nbe000000QwOXEA0,a3Kbe000000BykAEAS,a3Obe000000LIYDEA4,,true,2026-06-12T04:16:42.000+0000,2026-06-13T22:14:08.000+0000
a3Mbe000000KNWvEAO,RSC-006072,Qualquer,,,Atendimento,a3Nbe000000QwOXEA0,a3Kbe000000ByfJEAS,a3Obe000000LITOEA4,,true,2026-06-12T04:16:42.000+0000,2026-06-13T22:14:08.000+0000
a3Mbe000000KNWwEAO,RSC-006073,Qualquer,,,Atendimento,a3Nbe000000QwOXEA0,a3Kbe000000ByfJEAS,a3Obe000000LIWbEAO,,true,2026-06-12T04:16:42.000+0000,2026-06-13T22:14:08.000+0000
a3Mbe000000KNWxEAO,RSC-006074,Qualquer,,,Atendimento,a3Nbe000000QwOXEA0,a3Kbe000000ByfJEAS,a3Obe000000LIYDEA4,,true,2026-06-12T04:16:42.000+0000,2026-06-13T22:14:08.000+0000
a3Mbe000000KNWyEAO,RSC-006075,Qualquer,,,Atendimento,a3Nbe000000QwOXEA0,a3Kbe000000BykCEAS,a3Obe000000LITOEA4,,true,2026-06-12T04:16:42.000+0000,2026-06-13T22:14:08.000+0000
a3Mbe000000KNWzEAO,RSC-006076,Qualquer,,,Atendimento,a3Nbe000000QwOXEA0,a3Kbe000000BykCEAS,a3Obe000000LIYDEA4,,true,2026-06-12T04:16:42.000+0000,2026-06-13T22:14:08.000+0000
a3Mbe000000KNX0EAO,RSC-006077,Qualquer,,,Atendimento,a3Nbe000000QwOXEA0,a3Kbe000000BykBEAS,a3Obe000000LITOEA4,,true,2026-06-12T04:16:42.000+0000,2026-06-13T22:14:08.000+0000
a3Mbe000000KNX1EAO,RSC-006078,Qualquer,,,Atendimento,a3Nbe000000QwOXEA0,a3Kbe000000BykBEAS,a3Obe000000LIYDEA4,,true,2026-06-12T04:16:42.000+0000,2026-06-13T22:14:08.000+0000
a3Mbe000000KNX2EAO,RSC-006079,Qualquer,,,Atendimento,a3Nbe000000QwOXEA0,a3Kbe000000ByfaEAC,a3Obe000000LITOEA4,,true,2026-06-12T04:16:42.000+0000,2026-06-13T22:14:08.000+0000
a3Mbe000000KNX3EAO,RSC-006080,Qualquer,,,Atendimento,a3Nbe000000QwOXEA0,a3Kbe000000ByfaEAC,a3Obe000000LIWbEAO,,true,2026-06-12T04:16:42.000+0000,2026-06-13T22:14:08.000+0000
a3Mbe000000KNX4EAO,RSC-006081,Qualquer,,,Atendimento,a3Nbe000000QwOXEA0,a3Kbe000000ByfaEAC,a3Obe000000LIYDEA4,,true,2026-06-12T04:16:42.000+0000,2026-06-13T22:14:08.000+0000
a3Mbe000000KNX5EAO,RSC-006082,Qualquer,,,Atendimento,a3Nbe000000QwOXEA0,a3Kbe000000ByfUEAS,a3Obe000000LITOEA4,,true,2026-06-12T04:16:42.000+0000,2026-06-13T22:14:08.000+0000
a3Mbe000000KNX6EAO,RSC-006083,Qualquer,,,Atendimento,a3Nbe000000QwOXEA0,a3Kbe000000ByfUEAS,a3Obe000000LIWbEAO,,true,2026-06-12T04:16:42.000+0000,2026-06-13T22:14:08.000+0000
a3Mbe000000KNX7EAO,RSC-006084,Qualquer,,,Atendimento,a3Nbe000000QwOXEA0,a3Kbe000000ByfUEAS,a3Obe000000LIYDEA4,,true,2026-06-12T04:16:42.000+0000,2026-06-13T22:14:08.000+0000
a3Mbe000000KNX8EAO,RSC-006085,Qualquer,,,Atendimento,a3Nbe000000QwOXEA0,a3Kbe000000ByfREAS,a3Obe000000LITOEA4,,true,2026-06-12T04:16:42.000+0000,2026-06-13T22:14:08.000+0000
a3Mbe000000KNX9EAO,RSC-006086,Qualquer,,,Atendimento,a3Nbe000000QwOXEA0,a3Kbe000000ByfREAS,a3Obe000000LIYDEA4,,true,2026-06-12T04:16:42.000+0000,2026-06-13T22:14:08.000+0000
a3Mbe000000KNXAEA4,RSC-006087,Qualquer,,,Atendimento,a3Nbe000000QwOXEA0,a3Kbe000000ByfYEAS,a3Obe000000LITOEA4,,true,2026-06-12T04:16:42.000+0000,2026-06-13T22:14:08.000+0000
a3Mbe000000KNXBEA4,RSC-006088,Qualquer,,,Atendimento,a3Nbe000000QwOXEA0,a3Kbe000000ByfYEAS,a3Obe000000LIYDEA4,,true,2026-06-12T04:16:42.000+0000,2026-06-13T22:14:08.000+0000
a3Mbe000000KNXCEA4,RSC-006089,Qualquer,,,Atendimento,a3Nbe000000QwOXEA0,a3Kbe000000ByfbEAC,a3Obe000000LITOEA4,,true,2026-06-12T04:16:42.000+0000,2026-06-13T22:14:08.000+0000
a3Mbe000000KNXDEA4,RSC-006090,Qualquer,,,Atendimento,a3Nbe000000QwOXEA0,a3Kbe000000ByfbEAC,a3Obe000000LIWbEAO,,true,2026-06-12T04:16:42.000+0000,2026-06-13T22:14:08.000+0000
a3Mbe000000KNXEEA4,RSC-006091,Qualquer,,,Atendimento,a3Nbe000000QwOXEA0,a3Kbe000000ByfVEAS,a3Obe000000LITOEA4,,true,2026-06-12T04:16:42.000+0000,2026-06-13T22:14:08.000+0000
a3Mbe000000KNXFEA4,RSC-006092,Qualquer,,,Atendimento,a3Nbe000000QwOXEA0,a3Kbe000000ByfVEAS,a3Obe000000LIWbEAO,,true,2026-06-12T04:16:42.000+0000,2026-06-13T22:14:08.000+0000
a3Mbe000000KNXGEA4,RSC-006093,Qualquer,,,Atendimento,a3Nbe000000QwOXEA0,a3Kbe000000ByfVEAS,a3Obe000000LIYDEA4,,true,2026-06-12T04:16:42.000+0000,2026-06-13T22:14:08.000+0000
a3Mbe000000KNXHEA4,RSC-006094,Qualquer,,,Atendimento,a3Nbe000000QwOXEA0,a3Kbe000000ByfTEAS,a3Obe000000LITOEA4,,true,2026-06-12T04:16:42.000+0000,2026-06-13T22:14:08.000+0000
a3Mbe000000KNXIEA4,RSC-006095,Qualquer,,,Atendimento,a3Nbe000000QwOXEA0,a3Kbe000000ByfTEAS,a3Obe000000LIWbEAO,,true,2026-06-12T04:16:42.000+0000,2026-06-13T22:14:08.000+0000
a3Mbe000000KNXJEA4,RSC-006096,Qualquer,,,Atendimento,a3Nbe000000QwOXEA0,a3Kbe000000ByfTEAS,a3Obe000000LIYDEA4,,true,2026-06-12T04:16:42.000+0000,2026-06-13T22:14:08.000+0000
a3Mbe000000KNXKEA4,RSC-006097,Qualquer,,,Atendimento,a3Nbe000000QwOXEA0,a3Kbe000000ByfQEAS,a3Obe000000LITOEA4,,true,2026-06-12T04:16:42.000+0000,2026-06-13T22:14:08.000+0000
a3Mbe000000KNXLEA4,RSC-006098,Qualquer,,,Atendimento,a3Nbe000000QwOXEA0,a3Kbe000000ByfQEAS,a3Obe000000LIWbEAO,,true,2026-06-12T04:16:42.000+0000,2026-06-13T22:14:08.000+0000
a3Mbe000000KNXMEA4,RSC-006099,Qualquer,,,Atendimento,a3Nbe000000QwOXEA0,a3Kbe000000ByfQEAS,a3Obe000000LIYDEA4,,true,2026-06-12T04:16:42.000+0000,2026-06-13T22:14:08.000+0000
a3Mbe000000KNXNEA4,RSC-006100,Qualquer,,,Atendimento,a3Nbe000000QwOXEA0,a3Kbe000000ByfZEAS,a3Obe000000LITOEA4,,true,2026-06-12T04:16:42.000+0000,2026-06-13T22:14:08.000+0000
a3Mbe000000KNXOEA4,RSC-006101,Qualquer,,,Atendimento,a3Nbe000000QwOXEA0,a3Kbe000000ByfZEAS,a3Obe000000LIWbEAO,,true,2026-06-12T04:16:42.000+0000,2026-06-13T22:14:08.000+0000
a3Mbe000000KNXPEA4,RSC-006102,Qualquer,,,Atendimento,a3Nbe000000QwOXEA0,a3Kbe000000ByfZEAS,a3Obe000000LIYDEA4,,true,2026-06-12T04:16:42.000+0000,2026-06-13T22:14:08.000+0000
a3Mbe000000KNXQEA4,RSC-006103,Qualquer,,,Atendimento,a3Nbe000000QwOXEA0,a3Kbe000000ByfWEAS,a3Obe000000LITOEA4,,true,2026-06-12T04:16:42.000+0000,2026-06-13T22:14:08.000+0000
a3Mbe000000KNXREA4,RSC-006104,Qualquer,,,Atendimento,a3Nbe000000QwOXEA0,a3Kbe000000ByfWEAS,a3Obe000000LIWbEAO,,true,2026-06-12T04:16:42.000+0000,2026-06-13T22:14:08.000+0000
a3Mbe000000KNXSEA4,RSC-006105,Qualquer,,,Atendimento,a3Nbe000000QwOXEA0,a3Kbe000000ByfWEAS,a3Obe000000LIYDEA4,,true,2026-06-12T04:16:42.000+0000,2026-06-13T22:14:08.000+0000
a3Mbe000000KNXTEA4,RSC-006106,Qualquer,,,Atendimento,a3Nbe000000QwOXEA0,a3Kbe000000ByfXEAS,a3Obe000000LITOEA4,,true,2026-06-12T04:16:42.000+0000,2026-06-13T22:14:08.000+0000
a3Mbe000000KNXUEA4,RSC-006107,Qualquer,,,Atendimento,a3Nbe000000QwOXEA0,a3Kbe000000ByfXEAS,a3Obe000000LIWbEAO,,true,2026-06-12T04:16:42.000+0000,2026-06-13T22:14:08.000+0000
a3Mbe000000KNXVEA4,RSC-006108,Qualquer,,,Atendimento,a3Nbe000000QwOXEA0,a3Kbe000000ByfXEAS,a3Obe000000LIYDEA4,,true,2026-06-12T04:16:42.000+0000,2026-06-13T22:14:08.000+0000
a3Mbe000000KNXWEA4,RSC-006109,Qualquer,,,Atendimento,a3Nbe000000QwOXEA0,a3Kbe000000ByfSEAS,a3Obe000000LITOEA4,,true,2026-06-12T04:16:42.000+0000,2026-06-13T22:14:08.000+0000
a3Mbe000000KNXXEA4,RSC-006110,Qualquer,,,Atendimento,a3Nbe000000QwOXEA0,a3Kbe000000ByfSEAS,a3Obe000000LIWbEAO,,true,2026-06-12T04:16:42.000+0000,2026-06-13T22:14:08.000+0000
a3Mbe000000KNXYEA4,RSC-006111,Qualquer,,,Atendimento,a3Nbe000000QwOXEA0,a3Kbe000000ByfSEAS,a3Obe000000LIYDEA4,,true,2026-06-12T04:16:42.000+0000,2026-06-13T22:14:08.000+0000
a3Mbe000000KNYLEA4,RSC-006112,Qualquer,,,Atendimento,a3Nbe000000QwQ9EAK,a3Kbe000000D9WvEAK,a3Obe000000LIhtEAG,,true,2026-06-12T04:33:17.000+0000,2026-06-13T22:14:08.000+0000
a3Mbe000000KNYMEA4,RSC-006113,Qualquer,,,Atendimento,a3Nbe000000QwQ9EAK,a3Kbe000000D9WvEAK,a3Obe000000LIjVEAW,,true,2026-06-12T04:33:17.000+0000,2026-06-13T22:14:08.000+0000
a3Mbe000000KNYNEA4,RSC-006114,Qualquer,,,Atendimento,a3Nbe000000QwQ9EAK,a3Kbe000000D9WvEAK,a3Obe000000LImjEAG,,true,2026-06-12T04:33:17.000+0000,2026-06-13T22:14:08.000+0000
a3Mbe000000KNYOEA4,RSC-006115,Qualquer,,,Atendimento,a3Nbe000000QwQ9EAK,a3Kbe000000D9WwEAK,a3Obe000000LIhtEAG,,true,2026-06-12T04:33:17.000+0000,2026-06-13T22:14:08.000+0000
a3Mbe000000KNYPEA4,RSC-006116,Qualquer,,,Atendimento,a3Nbe000000QwQ9EAK,a3Kbe000000D9WwEAK,a3Obe000000LIjVEAW,,true,2026-06-12T04:33:17.000+0000,2026-06-13T22:14:08.000+0000
a3Mbe000000KNYQEA4,RSC-006117,Qualquer,,,Atendimento,a3Nbe000000QwQ9EAK,a3Kbe000000D9WwEAK,a3Obe000000LImjEAG,,true,2026-06-12T04:33:17.000+0000,2026-06-13T22:14:08.000+0000
a3Mbe000000KNYREA4,RSC-006118,Qualquer,,,Atendimento,a3Nbe000000QwQ9EAK,a3Kbe000000D9WxEAK,a3Obe000000LIhtEAG,,true,2026-06-12T04:33:17.000+0000,2026-06-13T22:14:08.000+0000
a3Mbe000000KNYSEA4,RSC-006119,Qualquer,,,Atendimento,a3Nbe000000QwQ9EAK,a3Kbe000000D9WxEAK,a3Obe000000LIjVEAW,,true,2026-06-12T04:33:17.000+0000,2026-06-13T22:14:08.000+0000
a3Mbe000000KNYTEA4,RSC-006120,Qualquer,,,Atendimento,a3Nbe000000QwQ9EAK,a3Kbe000000D9WxEAK,a3Obe000000LImjEAG,,true,2026-06-12T04:33:17.000+0000,2026-06-13T22:14:08.000+0000
a3Mbe000000KNYUEA4,RSC-006121,Qualquer,,,Atendimento,a3Nbe000000QwQ9EAK,a3Kbe000000D9WyEAK,a3Obe000000LIhtEAG,,true,2026-06-12T04:33:17.000+0000,2026-06-13T22:14:08.000+0000
a3Mbe000000KNYVEA4,RSC-006122,Qualquer,,,Atendimento,a3Nbe000000QwQ9EAK,a3Kbe000000D9WyEAK,a3Obe000000LIjVEAW,,true,2026-06-12T04:33:17.000+0000,2026-06-13T22:14:08.000+0000
a3Mbe000000KNYWEA4,RSC-006123,Qualquer,,,Atendimento,a3Nbe000000QwQ9EAK,a3Kbe000000D9WyEAK,a3Obe000000LImjEAG,,true,2026-06-12T04:33:17.000+0000,2026-06-13T22:14:08.000+0000
a3Mbe000000KNYXEA4,RSC-006124,Qualquer,,,Atendimento,a3Nbe000000QwQ9EAK,a3Kbe000000D9WzEAK,a3Obe000000LIhtEAG,,true,2026-06-12T04:33:17.000+0000,2026-06-13T22:14:08.000+0000
a3Mbe000000KNYYEA4,RSC-006125,Qualquer,,,Atendimento,a3Nbe000000QwQ9EAK,a3Kbe000000D9WzEAK,a3Obe000000LIjVEAW,,true,2026-06-12T04:33:17.000+0000,2026-06-13T22:14:08.000+0000
a3Mbe000000KNYZEA4,RSC-006126,Qualquer,,,Atendimento,a3Nbe000000QwQ9EAK,a3Kbe000000D9WzEAK,a3Obe000000LImjEAG,,true,2026-06-12T04:33:17.000+0000,2026-06-13T22:14:08.000+0000
a3Mbe000000KNYaEAO,RSC-006127,Qualquer,,,Atendimento,a3Nbe000000QwQ9EAK,a3Kbe000000D9X0EAK,a3Obe000000LIhtEAG,,true,2026-06-12T04:33:17.000+0000,2026-06-13T22:14:08.000+0000
a3Mbe000000KNYbEAO,RSC-006128,Qualquer,,,Atendimento,a3Nbe000000QwQ9EAK,a3Kbe000000D9X0EAK,a3Obe000000LIjVEAW,,true,2026-06-12T04:33:17.000+0000,2026-06-13T22:14:08.000+0000
a3Mbe000000KNYcEAO,RSC-006129,Qualquer,,,Atendimento,a3Nbe000000QwQ9EAK,a3Kbe000000D9X0EAK,a3Obe000000LImjEAG,,true,2026-06-12T04:33:17.000+0000,2026-06-13T22:14:08.000+0000
a3Mbe000000KNYdEAO,RSC-006130,Qualquer,,,Atendimento,a3Nbe000000QwQ9EAK,a3Kbe000000D9X1EAK,a3Obe000000LIhtEAG,,true,2026-06-12T04:33:17.000+0000,2026-06-13T22:14:08.000+0000
a3Mbe000000KNYeEAO,RSC-006131,Qualquer,,,Atendimento,a3Nbe000000QwQ9EAK,a3Kbe000000D9X1EAK,a3Obe000000LIjVEAW,,true,2026-06-12T04:33:17.000+0000,2026-06-13T22:14:08.000+0000
a3Mbe000000KNYfEAO,RSC-006132,Qualquer,,,Atendimento,a3Nbe000000QwQ9EAK,a3Kbe000000D9X1EAK,a3Obe000000LImjEAG,,true,2026-06-12T04:33:17.000+0000,2026-06-13T22:14:08.000+0000
a3Mbe000000KNYgEAO,RSC-006133,Qualquer,,,Atendimento,a3Nbe000000QwQ9EAK,a3Kbe000000D9X2EAK,a3Obe000000LIhtEAG,,true,2026-06-12T04:33:17.000+0000,2026-06-13T22:14:08.000+0000
a3Mbe000000KNYhEAO,RSC-006134,Qualquer,,,Atendimento,a3Nbe000000QwQ9EAK,a3Kbe000000D9X2EAK,a3Obe000000LIjVEAW,,true,2026-06-12T04:33:17.000+0000,2026-06-13T22:14:08.000+0000
a3Mbe000000KNYiEAO,RSC-006135,Qualquer,,,Atendimento,a3Nbe000000QwQ9EAK,a3Kbe000000D9X2EAK,a3Obe000000LImjEAG,,true,2026-06-12T04:33:17.000+0000,2026-06-13T22:14:08.000+0000
a3Mbe000000KNYjEAO,RSC-006136,Qualquer,,,Atendimento,a3Nbe000000QwQ9EAK,a3Kbe000000D9X3EAK,a3Obe000000LIhtEAG,,true,2026-06-12T04:33:17.000+0000,2026-06-13T22:14:08.000+0000
a3Mbe000000KNYkEAO,RSC-006137,Qualquer,,,Atendimento,a3Nbe000000QwQ9EAK,a3Kbe000000D9X3EAK,a3Obe000000LIjVEAW,,true,2026-06-12T04:33:17.000+0000,2026-06-13T22:14:08.000+0000
a3Mbe000000KNYlEAO,RSC-006138,Qualquer,,,Atendimento,a3Nbe000000QwQ9EAK,a3Kbe000000D9X3EAK,a3Obe000000LImjEAG,,true,2026-06-12T04:33:17.000+0000,2026-06-13T22:14:08.000+0000
a3Mbe000000KNYmEAO,RSC-006139,Qualquer,,,Atendimento,a3Nbe000000QwQ9EAK,a3Kbe000000D9X4EAK,a3Obe000000LIhtEAG,,true,2026-06-12T04:33:17.000+0000,2026-06-13T22:14:08.000+0000
a3Mbe000000KNYnEAO,RSC-006140,Qualquer,,,Atendimento,a3Nbe000000QwQ9EAK,a3Kbe000000D9X4EAK,a3Obe000000LIjVEAW,,true,2026-06-12T04:33:17.000+0000,2026-06-13T22:14:08.000+0000
a3Mbe000000KNYoEAO,RSC-006141,Qualquer,,,Atendimento,a3Nbe000000QwQ9EAK,a3Kbe000000D9X4EAK,a3Obe000000LImjEAG,,true,2026-06-12T04:33:17.000+0000,2026-06-13T22:14:08.000+0000
a3Mbe000000KNYpEAO,RSC-006142,Qualquer,,,Atendimento,a3Nbe000000QwQ9EAK,a3Kbe000000D9X5EAK,a3Obe000000LIhtEAG,,true,2026-06-12T04:33:17.000+0000,2026-06-13T22:14:08.000+0000
a3Mbe000000KNYqEAO,RSC-006143,Qualquer,,,Atendimento,a3Nbe000000QwQ9EAK,a3Kbe000000D9X5EAK,a3Obe000000LIjVEAW,,true,2026-06-12T04:33:17.000+0000,2026-06-13T22:14:08.000+0000
a3Mbe000000KNYrEAO,RSC-006144,Qualquer,,,Atendimento,a3Nbe000000QwQ9EAK,a3Kbe000000D9X5EAK,a3Obe000000LImjEAG,,true,2026-06-12T04:33:17.000+0000,2026-06-13T22:14:08.000+0000
a3Mbe000000KNYsEAO,RSC-006145,Qualquer,,,Atendimento,a3Nbe000000QwQ9EAK,a3Kbe000000D9X6EAK,a3Obe000000LIhtEAG,,true,2026-06-12T04:33:17.000+0000,2026-06-13T22:14:08.000+0000
a3Mbe000000KNYtEAO,RSC-006146,Qualquer,,,Atendimento,a3Nbe000000QwQ9EAK,a3Kbe000000D9X6EAK,a3Obe000000LIjVEAW,,true,2026-06-12T04:33:17.000+0000,2026-06-13T22:14:08.000+0000
a3Mbe000000KNYuEAO,RSC-006147,Qualquer,,,Atendimento,a3Nbe000000QwQ9EAK,a3Kbe000000D9X6EAK,a3Obe000000LImjEAG,,true,2026-06-12T04:33:17.000+0000,2026-06-13T22:14:08.000+0000
a3Mbe000000KNYvEAO,RSC-006148,Qualquer,,,Atendimento,a3Nbe000000QwQ9EAK,a3Kbe000000D9X7EAK,a3Obe000000LIhtEAG,,true,2026-06-12T04:33:17.000+0000,2026-06-13T22:14:08.000+0000
a3Mbe000000KNYwEAO,RSC-006149,Qualquer,,,Atendimento,a3Nbe000000QwQ9EAK,a3Kbe000000D9X7EAK,a3Obe000000LIjVEAW,,true,2026-06-12T04:33:17.000+0000,2026-06-13T22:14:08.000+0000
a3Mbe000000KNYxEAO,RSC-006150,Qualquer,,,Atendimento,a3Nbe000000QwQ9EAK,a3Kbe000000D9X7EAK,a3Obe000000LImjEAG,,true,2026-06-12T04:33:17.000+0000,2026-06-13T22:14:08.000+0000
a3Mbe000000KNYyEAO,RSC-006151,Qualquer,,,Atendimento,a3Nbe000000QwQ9EAK,a3Kbe000000D9X8EAK,a3Obe000000LIhtEAG,,true,2026-06-12T04:33:17.000+0000,2026-06-13T22:14:08.000+0000
a3Mbe000000KNYzEAO,RSC-006152,Qualquer,,,Atendimento,a3Nbe000000QwQ9EAK,a3Kbe000000D9X8EAK,a3Obe000000LIjVEAW,,true,2026-06-12T04:33:17.000+0000,2026-06-13T22:14:08.000+0000
a3Mbe000000KNZ0EAO,RSC-006153,Qualquer,,,Atendimento,a3Nbe000000QwQ9EAK,a3Kbe000000D9X8EAK,a3Obe000000LImjEAG,,true,2026-06-12T04:33:17.000+0000,2026-06-13T22:14:08.000+0000
a3Mbe000000KNZ1EAO,RSC-006154,Qualquer,,,Atendimento,a3Nbe000000QwQ9EAK,a3Kbe000000D9X9EAK,a3Obe000000LIhtEAG,,true,2026-06-12T04:33:17.000+0000,2026-06-13T22:14:08.000+0000
a3Mbe000000KNZ2EAO,RSC-006155,Qualquer,,,Atendimento,a3Nbe000000QwQ9EAK,a3Kbe000000D9X9EAK,a3Obe000000LIjVEAW,,true,2026-06-12T04:33:17.000+0000,2026-06-13T22:14:08.000+0000
a3Mbe000000KNZ3EAO,RSC-006156,Qualquer,,,Atendimento,a3Nbe000000QwQ9EAK,a3Kbe000000D9X9EAK,a3Obe000000LImjEAG,,true,2026-06-12T04:33:17.000+0000,2026-06-13T22:14:08.000+0000
a3Mbe000000KNZ4EAO,RSC-006157,Qualquer,,,Atendimento,a3Nbe000000QwQ9EAK,a3Kbe000000D9XAEA0,a3Obe000000LIhtEAG,,true,2026-06-12T04:33:17.000+0000,2026-06-13T22:14:08.000+0000
a3Mbe000000KNZ5EAO,RSC-006158,Qualquer,,,Atendimento,a3Nbe000000QwQ9EAK,a3Kbe000000D9XAEA0,a3Obe000000LIjVEAW,,true,2026-06-12T04:33:17.000+0000,2026-06-13T22:14:08.000+0000
a3Mbe000000KNZ6EAO,RSC-006159,Qualquer,,,Atendimento,a3Nbe000000QwQ9EAK,a3Kbe000000D9XAEA0,a3Obe000000LImjEAG,,true,2026-06-12T04:33:17.000+0000,2026-06-13T22:14:08.000+0000
a3Mbe000000KNZ7EAO,RSC-006160,Qualquer,,,Atendimento,a3Nbe000000QwQ9EAK,a3Kbe000000D9XBEA0,a3Obe000000LIhtEAG,,true,2026-06-12T04:33:17.000+0000,2026-06-13T22:14:08.000+0000
a3Mbe000000KNZ8EAO,RSC-006161,Qualquer,,,Atendimento,a3Nbe000000QwQ9EAK,a3Kbe000000D9XBEA0,a3Obe000000LIjVEAW,,true,2026-06-12T04:33:17.000+0000,2026-06-13T22:14:08.000+0000
a3Mbe000000KNZ9EAO,RSC-006162,Qualquer,,,Atendimento,a3Nbe000000QwQ9EAK,a3Kbe000000D9XBEA0,a3Obe000000LImjEAG,,true,2026-06-12T04:33:17.000+0000,2026-06-13T22:14:08.000+0000
a3Mbe000000KNZAEA4,RSC-006163,Qualquer,,,Atendimento,a3Nbe000000QwQ9EAK,a3Kbe000000D9XCEA0,a3Obe000000LIhtEAG,,true,2026-06-12T04:33:17.000+0000,2026-06-13T22:14:08.000+0000
a3Mbe000000KNZBEA4,RSC-006164,Qualquer,,,Atendimento,a3Nbe000000QwQ9EAK,a3Kbe000000D9XCEA0,a3Obe000000LIjVEAW,,true,2026-06-12T04:33:17.000+0000,2026-06-13T22:14:08.000+0000
a3Mbe000000KNZCEA4,RSC-006165,Qualquer,,,Atendimento,a3Nbe000000QwQ9EAK,a3Kbe000000D9XCEA0,a3Obe000000LImjEAG,,true,2026-06-12T04:33:17.000+0000,2026-06-13T22:14:08.000+0000
a3Mbe000000KNZDEA4,RSC-006166,Qualquer,,,Atendimento,a3Nbe000000QwQ9EAK,a3Kbe000000D9XDEA0,a3Obe000000LIhtEAG,,true,2026-06-12T04:33:17.000+0000,2026-06-13T22:14:08.000+0000
a3Mbe000000KNZEEA4,RSC-006167,Qualquer,,,Atendimento,a3Nbe000000QwQ9EAK,a3Kbe000000D9XDEA0,a3Obe000000LIjVEAW,,true,2026-06-12T04:33:17.000+0000,2026-06-13T22:14:08.000+0000
a3Mbe000000KNZFEA4,RSC-006168,Qualquer,,,Atendimento,a3Nbe000000QwQ9EAK,a3Kbe000000D9XDEA0,a3Obe000000LImjEAG,,true,2026-06-12T04:33:17.000+0000,2026-06-13T22:14:08.000+0000
a3Mbe000000KNZGEA4,RSC-006169,Qualquer,,,Atendimento,a3Nbe000000QwQ9EAK,a3Kbe000000D9XEEA0,a3Obe000000LIhtEAG,,true,2026-06-12T04:33:17.000+0000,2026-06-13T22:14:08.000+0000
a3Mbe000000KNZHEA4,RSC-006170,Qualquer,,,Atendimento,a3Nbe000000QwQ9EAK,a3Kbe000000D9XEEA0,a3Obe000000LIjVEAW,,true,2026-06-12T04:33:17.000+0000,2026-06-13T22:14:08.000+0000
a3Mbe000000KNZIEA4,RSC-006171,Qualquer,,,Atendimento,a3Nbe000000QwQ9EAK,a3Kbe000000D9XEEA0,a3Obe000000LImjEAG,,true,2026-06-12T04:33:17.000+0000,2026-06-13T22:14:08.000+0000
a3Mbe000000KNZJEA4,RSC-006172,Qualquer,,,Atendimento,a3Nbe000000QwQ9EAK,a3Kbe000000D9XFEA0,a3Obe000000LIhtEAG,,true,2026-06-12T04:33:17.000+0000,2026-06-13T22:14:08.000+0000
a3Mbe000000KNZKEA4,RSC-006173,Qualquer,,,Atendimento,a3Nbe000000QwQ9EAK,a3Kbe000000D9XFEA0,a3Obe000000LIjVEAW,,true,2026-06-12T04:33:17.000+0000,2026-06-13T22:14:08.000+0000
a3Mbe000000KNZLEA4,RSC-006174,Qualquer,,,Atendimento,a3Nbe000000QwQ9EAK,a3Kbe000000D9XFEA0,a3Obe000000LImjEAG,,true,2026-06-12T04:33:17.000+0000,2026-06-13T22:14:08.000+0000
a3Mbe000000KNZMEA4,RSC-006175,Qualquer,,,Atendimento,a3Nbe000000QwQ9EAK,a3Kbe000000D9XGEA0,a3Obe000000LIhtEAG,,true,2026-06-12T04:33:17.000+0000,2026-06-13T22:14:08.000+0000
a3Mbe000000KNZNEA4,RSC-006176,Qualquer,,,Atendimento,a3Nbe000000QwQ9EAK,a3Kbe000000D9XGEA0,a3Obe000000LIjVEAW,,true,2026-06-12T04:33:17.000+0000,2026-06-13T22:14:08.000+0000
a3Mbe000000KNZOEA4,RSC-006177,Qualquer,,,Atendimento,a3Nbe000000QwQ9EAK,a3Kbe000000D9XGEA0,a3Obe000000LImjEAG,,true,2026-06-12T04:33:17.000+0000,2026-06-13T22:14:08.000+0000
a3Mbe000000KNZPEA4,RSC-006178,Qualquer,,,Atendimento,a3Nbe000000QwQ9EAK,a3Kbe000000D9XHEA0,a3Obe000000LIhtEAG,,true,2026-06-12T04:33:17.000+0000,2026-06-13T22:14:08.000+0000
a3Mbe000000KNZQEA4,RSC-006179,Qualquer,,,Atendimento,a3Nbe000000QwQ9EAK,a3Kbe000000D9XHEA0,a3Obe000000LIjVEAW,,true,2026-06-12T04:33:17.000+0000,2026-06-13T22:14:08.000+0000
a3Mbe000000KNZREA4,RSC-006180,Qualquer,,,Atendimento,a3Nbe000000QwQ9EAK,a3Kbe000000D9XHEA0,a3Obe000000LImjEAG,,true,2026-06-12T04:33:17.000+0000,2026-06-13T22:14:08.000+0000
a3Mbe000000KNZSEA4,RSC-006181,Qualquer,,,Atendimento,a3Nbe000000QwQ9EAK,a3Kbe000000D9XIEA0,a3Obe000000LIhtEAG,,true,2026-06-12T04:33:17.000+0000,2026-06-13T22:14:08.000+0000
a3Mbe000000KNZTEA4,RSC-006182,Qualquer,,,Atendimento,a3Nbe000000QwQ9EAK,a3Kbe000000D9XIEA0,a3Obe000000LIjVEAW,,true,2026-06-12T04:33:17.000+0000,2026-06-13T22:14:08.000+0000
a3Mbe000000KNZUEA4,RSC-006183,Qualquer,,,Atendimento,a3Nbe000000QwQ9EAK,a3Kbe000000D9XIEA0,a3Obe000000LImjEAG,,true,2026-06-12T04:33:17.000+0000,2026-06-13T22:14:08.000+0000
a3Mbe000000KNZVEA4,RSC-006184,Qualquer,,,Atendimento,a3Nbe000000QwQ9EAK,a3Kbe000000D9XJEA0,a3Obe000000LIhtEAG,,true,2026-06-12T04:33:17.000+0000,2026-06-13T22:14:08.000+0000
a3Mbe000000KNZWEA4,RSC-006185,Qualquer,,,Atendimento,a3Nbe000000QwQ9EAK,a3Kbe000000D9XJEA0,a3Obe000000LIjVEAW,,true,2026-06-12T04:33:17.000+0000,2026-06-13T22:14:08.000+0000
a3Mbe000000KNZXEA4,RSC-006186,Qualquer,,,Atendimento,a3Nbe000000QwQ9EAK,a3Kbe000000D9XJEA0,a3Obe000000LImjEAG,,true,2026-06-12T04:33:17.000+0000,2026-06-13T22:14:08.000+0000
a3Mbe000000KNZYEA4,RSC-006187,Qualquer,,,Atendimento,a3Nbe000000QwQ9EAK,a3Kbe000000D9XKEA0,a3Obe000000LIhtEAG,,true,2026-06-12T04:33:17.000+0000,2026-06-13T22:14:08.000+0000
a3Mbe000000KNZZEA4,RSC-006188,Qualquer,,,Atendimento,a3Nbe000000QwQ9EAK,a3Kbe000000D9XKEA0,a3Obe000000LIjVEAW,,true,2026-06-12T04:33:17.000+0000,2026-06-13T22:14:08.000+0000
a3Mbe000000KNZaEAO,RSC-006189,Qualquer,,,Atendimento,a3Nbe000000QwQ9EAK,a3Kbe000000D9XKEA0,a3Obe000000LImjEAG,,true,2026-06-12T04:33:17.000+0000,2026-06-13T22:14:08.000+0000
a3Mbe000000KNZbEAO,RSC-006190,Qualquer,,,Atendimento,a3Nbe000000QwQ9EAK,a3Kbe000000D9XLEA0,a3Obe000000LIhtEAG,,true,2026-06-12T04:33:17.000+0000,2026-06-13T22:14:08.000+0000
a3Mbe000000KNZcEAO,RSC-006191,Qualquer,,,Atendimento,a3Nbe000000QwQ9EAK,a3Kbe000000D9XLEA0,a3Obe000000LIjVEAW,,true,2026-06-12T04:33:17.000+0000,2026-06-13T22:14:08.000+0000
a3Mbe000000KNZdEAO,RSC-006192,Qualquer,,,Atendimento,a3Nbe000000QwQ9EAK,a3Kbe000000D9XLEA0,a3Obe000000LImjEAG,,true,2026-06-12T04:33:17.000+0000,2026-06-13T22:14:08.000+0000
a3Mbe000000KNZeEAO,RSC-006193,Qualquer,,,Atendimento,a3Nbe000000QwQ9EAK,a3Kbe000000D9XMEA0,a3Obe000000LIhtEAG,,true,2026-06-12T04:33:17.000+0000,2026-06-13T22:14:08.000+0000
a3Mbe000000KNZfEAO,RSC-006194,Qualquer,,,Atendimento,a3Nbe000000QwQ9EAK,a3Kbe000000D9XMEA0,a3Obe000000LIjVEAW,,true,2026-06-12T04:33:17.000+0000,2026-06-13T22:14:08.000+0000
a3Mbe000000KNZgEAO,RSC-006195,Qualquer,,,Atendimento,a3Nbe000000QwQ9EAK,a3Kbe000000D9XMEA0,a3Obe000000LImjEAG,,true,2026-06-12T04:33:17.000+0000,2026-06-13T22:14:08.000+0000
a3Mbe000000KNZhEAO,RSC-006196,Qualquer,,,Atendimento,a3Nbe000000QwQ9EAK,a3Kbe000000D9XNEA0,a3Obe000000LIhtEAG,,true,2026-06-12T04:33:17.000+0000,2026-06-13T22:14:08.000+0000
a3Mbe000000KNZiEAO,RSC-006197,Qualquer,,,Atendimento,a3Nbe000000QwQ9EAK,a3Kbe000000D9XNEA0,a3Obe000000LIjVEAW,,true,2026-06-12T04:33:17.000+0000,2026-06-13T22:14:08.000+0000
a3Mbe000000KNZjEAO,RSC-006198,Qualquer,,,Atendimento,a3Nbe000000QwQ9EAK,a3Kbe000000D9XNEA0,a3Obe000000LImjEAG,,true,2026-06-12T04:33:17.000+0000,2026-06-13T22:14:08.000+0000
a3Mbe000000KNZkEAO,RSC-006199,Qualquer,,,Atendimento,a3Nbe000000QwQ9EAK,a3Kbe000000D9XOEA0,a3Obe000000LIhtEAG,,true,2026-06-12T04:33:17.000+0000,2026-06-13T22:14:08.000+0000
a3Mbe000000KNZlEAO,RSC-006200,Qualquer,,,Atendimento,a3Nbe000000QwQ9EAK,a3Kbe000000D9XOEA0,a3Obe000000LIjVEAW,,true,2026-06-12T04:33:17.000+0000,2026-06-13T22:14:08.000+0000
a3Mbe000000KNZmEAO,RSC-006201,Qualquer,,,Atendimento,a3Nbe000000QwQ9EAK,a3Kbe000000D9XOEA0,a3Obe000000LImjEAG,,true,2026-06-12T04:33:17.000+0000,2026-06-13T22:14:08.000+0000
a3Mbe000000KNZnEAO,RSC-006202,Qualquer,,,Atendimento,a3Nbe000000QwQ9EAK,a3Kbe000000D9XPEA0,a3Obe000000LIhtEAG,,true,2026-06-12T04:33:17.000+0000,2026-06-13T22:14:08.000+0000
a3Mbe000000KNZoEAO,RSC-006203,Qualquer,,,Atendimento,a3Nbe000000QwQ9EAK,a3Kbe000000D9XPEA0,a3Obe000000LIjVEAW,,true,2026-06-12T04:33:17.000+0000,2026-06-13T22:14:08.000+0000
a3Mbe000000KNZpEAO,RSC-006204,Qualquer,,,Atendimento,a3Nbe000000QwQ9EAK,a3Kbe000000D9XPEA0,a3Obe000000LImjEAG,,true,2026-06-12T04:33:17.000+0000,2026-06-13T22:14:08.000+0000
a3Mbe000000KNZqEAO,RSC-006205,Qualquer,,,Atendimento,a3Nbe000000QwQ9EAK,a3Kbe000000D9XQEA0,a3Obe000000LIhtEAG,,true,2026-06-12T04:33:17.000+0000,2026-06-13T22:14:08.000+0000
a3Mbe000000KNZrEAO,RSC-006206,Qualquer,,,Atendimento,a3Nbe000000QwQ9EAK,a3Kbe000000D9XQEA0,a3Obe000000LIjVEAW,,true,2026-06-12T04:33:17.000+0000,2026-06-13T22:14:08.000+0000
a3Mbe000000KNZsEAO,RSC-006207,Qualquer,,,Atendimento,a3Nbe000000QwQ9EAK,a3Kbe000000D9XQEA0,a3Obe000000LImjEAG,,true,2026-06-12T04:33:17.000+0000,2026-06-13T22:14:08.000+0000
a3Mbe000000KNZtEAO,RSC-006208,Qualquer,,,Atendimento,a3Nbe000000QwQ9EAK,a3Kbe000000D9XREA0,a3Obe000000LIhtEAG,,true,2026-06-12T04:33:17.000+0000,2026-06-13T22:14:08.000+0000
a3Mbe000000KNZuEAO,RSC-006209,Qualquer,,,Atendimento,a3Nbe000000QwQ9EAK,a3Kbe000000D9XREA0,a3Obe000000LIjVEAW,,true,2026-06-12T04:33:17.000+0000,2026-06-13T22:14:08.000+0000
a3Mbe000000KNZvEAO,RSC-006210,Qualquer,,,Atendimento,a3Nbe000000QwQ9EAK,a3Kbe000000D9XREA0,a3Obe000000LImjEAG,,true,2026-06-12T04:33:17.000+0000,2026-06-13T22:14:09.000+0000
a3Mbe000000KNZwEAO,RSC-006211,Qualquer,,,Atendimento,a3Nbe000000QwQ9EAK,a3Kbe000000D9XSEA0,a3Obe000000LIhtEAG,,true,2026-06-12T04:33:17.000+0000,2026-06-13T22:14:09.000+0000
a3Mbe000000KNZxEAO,RSC-006212,Qualquer,,,Atendimento,a3Nbe000000QwQ9EAK,a3Kbe000000D9XSEA0,a3Obe000000LIjVEAW,,true,2026-06-12T04:33:17.000+0000,2026-06-13T22:14:09.000+0000
a3Mbe000000KNZyEAO,RSC-006213,Qualquer,,,Atendimento,a3Nbe000000QwQ9EAK,a3Kbe000000D9XSEA0,a3Obe000000LImjEAG,,true,2026-06-12T04:33:17.000+0000,2026-06-13T22:14:09.000+0000
a3Mbe000000KNZzEAO,RSC-006214,Qualquer,,,Atendimento,a3Nbe000000QwQ9EAK,a3Kbe000000D9XTEA0,a3Obe000000LIhtEAG,,true,2026-06-12T04:33:17.000+0000,2026-06-13T22:14:09.000+0000
a3Mbe000000KNa0EAG,RSC-006215,Qualquer,,,Atendimento,a3Nbe000000QwQ9EAK,a3Kbe000000D9XTEA0,a3Obe000000LIjVEAW,,true,2026-06-12T04:33:17.000+0000,2026-06-13T22:14:09.000+0000
a3Mbe000000KNa1EAG,RSC-006216,Qualquer,,,Atendimento,a3Nbe000000QwQ9EAK,a3Kbe000000D9XTEA0,a3Obe000000LImjEAG,,true,2026-06-12T04:33:17.000+0000,2026-06-13T22:14:09.000+0000
a3Mbe000000KNa2EAG,RSC-006217,Qualquer,,,Atendimento,a3Nbe000000QwQ9EAK,a3Kbe000000D9XUEA0,a3Obe000000LIhtEAG,,true,2026-06-12T04:33:17.000+0000,2026-06-13T22:14:09.000+0000
a3Mbe000000KNa3EAG,RSC-006218,Qualquer,,,Atendimento,a3Nbe000000QwQ9EAK,a3Kbe000000D9XUEA0,a3Obe000000LIjVEAW,,true,2026-06-12T04:33:17.000+0000,2026-06-13T22:14:09.000+0000
a3Mbe000000KNa4EAG,RSC-006219,Qualquer,,,Atendimento,a3Nbe000000QwQ9EAK,a3Kbe000000D9XUEA0,a3Obe000000LImjEAG,,true,2026-06-12T04:33:17.000+0000,2026-06-13T22:14:09.000+0000
a3Mbe000000KNa5EAG,RSC-006220,Qualquer,,,Atendimento,a3Nbe000000QwQ9EAK,a3Kbe000000D9XVEA0,a3Obe000000LIhtEAG,,true,2026-06-12T04:33:17.000+0000,2026-06-13T22:14:09.000+0000
a3Mbe000000KNa6EAG,RSC-006221,Qualquer,,,Atendimento,a3Nbe000000QwQ9EAK,a3Kbe000000D9XVEA0,a3Obe000000LIjVEAW,,true,2026-06-12T04:33:17.000+0000,2026-06-13T22:14:09.000+0000
a3Mbe000000KNa7EAG,RSC-006222,Qualquer,,,Atendimento,a3Nbe000000QwQ9EAK,a3Kbe000000D9XVEA0,a3Obe000000LImjEAG,,true,2026-06-12T04:33:17.000+0000,2026-06-13T22:14:09.000+0000
a3Mbe000000KNa8EAG,RSC-006223,Qualquer,,,Atendimento,a3Nbe000000QwQ9EAK,a3Kbe000000D9XWEA0,a3Obe000000LIhtEAG,,true,2026-06-12T04:33:17.000+0000,2026-06-13T22:14:09.000+0000
a3Mbe000000KNa9EAG,RSC-006224,Qualquer,,,Atendimento,a3Nbe000000QwQ9EAK,a3Kbe000000D9XWEA0,a3Obe000000LIjVEAW,,true,2026-06-12T04:33:17.000+0000,2026-06-13T22:14:09.000+0000
a3Mbe000000KNaAEAW,RSC-006225,Qualquer,,,Atendimento,a3Nbe000000QwQ9EAK,a3Kbe000000D9XWEA0,a3Obe000000LImjEAG,,true,2026-06-12T04:33:17.000+0000,2026-06-13T22:14:09.000+0000
a3Mbe000000KNaBEAW,RSC-006226,Qualquer,,,Atendimento,a3Nbe000000QwQ9EAK,a3Kbe000000D9XXEA0,a3Obe000000LIhtEAG,,true,2026-06-12T04:33:17.000+0000,2026-06-13T22:14:09.000+0000
a3Mbe000000KNaCEAW,RSC-006227,Qualquer,,,Atendimento,a3Nbe000000QwQ9EAK,a3Kbe000000D9XXEA0,a3Obe000000LIjVEAW,,true,2026-06-12T04:33:17.000+0000,2026-06-13T22:14:09.000+0000
a3Mbe000000KNaDEAW,RSC-006228,Qualquer,,,Atendimento,a3Nbe000000QwQ9EAK,a3Kbe000000D9XXEA0,a3Obe000000LImjEAG,,true,2026-06-12T04:33:17.000+0000,2026-06-13T22:14:09.000+0000
a3Mbe000000KNaEEAW,RSC-006229,Qualquer,,,Atendimento,a3Nbe000000QwQ9EAK,a3Kbe000000D9XYEA0,a3Obe000000LIhtEAG,,true,2026-06-12T04:33:17.000+0000,2026-06-13T22:14:09.000+0000
a3Mbe000000KNaFEAW,RSC-006230,Qualquer,,,Atendimento,a3Nbe000000QwQ9EAK,a3Kbe000000D9XYEA0,a3Obe000000LIjVEAW,,true,2026-06-12T04:33:17.000+0000,2026-06-13T22:14:09.000+0000
a3Mbe000000KNaGEAW,RSC-006231,Qualquer,,,Atendimento,a3Nbe000000QwQ9EAK,a3Kbe000000D9XYEA0,a3Obe000000LImjEAG,,true,2026-06-12T04:33:17.000+0000,2026-06-13T22:14:09.000+0000
a3Mbe000000KNaHEAW,RSC-006232,Qualquer,,,Atendimento,a3Nbe000000QwQ9EAK,a3Kbe000000D9XZEA0,a3Obe000000LIhtEAG,,true,2026-06-12T04:33:17.000+0000,2026-06-13T22:14:09.000+0000
a3Mbe000000KNaIEAW,RSC-006233,Qualquer,,,Atendimento,a3Nbe000000QwQ9EAK,a3Kbe000000D9XZEA0,a3Obe000000LIjVEAW,,true,2026-06-12T04:33:17.000+0000,2026-06-13T22:14:09.000+0000
a3Mbe000000KNaJEAW,RSC-006234,Qualquer,,,Atendimento,a3Nbe000000QwQ9EAK,a3Kbe000000D9XZEA0,a3Obe000000LImjEAG,,true,2026-06-12T04:33:17.000+0000,2026-06-13T22:14:09.000+0000
a3Mbe000000KNaKEAW,RSC-006235,Qualquer,,,Atendimento,a3Nbe000000QwQ9EAK,a3Kbe000000D9XaEAK,a3Obe000000LIhtEAG,,true,2026-06-12T04:33:17.000+0000,2026-06-13T22:14:09.000+0000
a3Mbe000000KNaLEAW,RSC-006236,Qualquer,,,Atendimento,a3Nbe000000QwQ9EAK,a3Kbe000000D9XaEAK,a3Obe000000LIjVEAW,,true,2026-06-12T04:33:17.000+0000,2026-06-13T22:14:09.000+0000
a3Mbe000000KNaMEAW,RSC-006237,Qualquer,,,Atendimento,a3Nbe000000QwQ9EAK,a3Kbe000000D9XaEAK,a3Obe000000LImjEAG,,true,2026-06-12T04:33:17.000+0000,2026-06-13T22:14:09.000+0000
a3Mbe000000KNaNEAW,RSC-006238,Qualquer,,,Atendimento,a3Nbe000000QwQ9EAK,a3Kbe000000D9XbEAK,a3Obe000000LIhtEAG,,true,2026-06-12T04:33:17.000+0000,2026-06-13T22:14:09.000+0000
a3Mbe000000KNaOEAW,RSC-006239,Qualquer,,,Atendimento,a3Nbe000000QwQ9EAK,a3Kbe000000D9XbEAK,a3Obe000000LIjVEAW,,true,2026-06-12T04:33:17.000+0000,2026-06-13T22:14:09.000+0000
a3Mbe000000KNaPEAW,RSC-006240,Qualquer,,,Atendimento,a3Nbe000000QwQ9EAK,a3Kbe000000D9XbEAK,a3Obe000000LImjEAG,,true,2026-06-12T04:33:17.000+0000,2026-06-13T22:14:09.000+0000
a3Mbe000000KNaQEAW,RSC-006241,Qualquer,,,Atendimento,a3Nbe000000QwQ9EAK,a3Kbe000000D9XcEAK,a3Obe000000LIhtEAG,,true,2026-06-12T04:33:17.000+0000,2026-06-13T22:14:09.000+0000
a3Mbe000000KNaREAW,RSC-006242,Qualquer,,,Atendimento,a3Nbe000000QwQ9EAK,a3Kbe000000D9XcEAK,a3Obe000000LIjVEAW,,true,2026-06-12T04:33:17.000+0000,2026-06-13T22:14:09.000+0000
a3Mbe000000KNaSEAW,RSC-006243,Qualquer,,,Atendimento,a3Nbe000000QwQ9EAK,a3Kbe000000D9XcEAK,a3Obe000000LImjEAG,,true,2026-06-12T04:33:17.000+0000,2026-06-13T22:14:09.000+0000
a3Mbe000000KNaTEAW,RSC-006244,Qualquer,,,Atendimento,a3Nbe000000QwQ9EAK,a3Kbe000000D9XdEAK,a3Obe000000LIhtEAG,,true,2026-06-12T04:33:17.000+0000,2026-06-13T22:14:09.000+0000
a3Mbe000000KNaUEAW,RSC-006245,Qualquer,,,Atendimento,a3Nbe000000QwQ9EAK,a3Kbe000000D9XdEAK,a3Obe000000LIjVEAW,,true,2026-06-12T04:33:17.000+0000,2026-06-13T22:14:09.000+0000
a3Mbe000000KNaVEAW,RSC-006246,Qualquer,,,Atendimento,a3Nbe000000QwQ9EAK,a3Kbe000000D9XdEAK,a3Obe000000LImjEAG,,true,2026-06-12T04:33:17.000+0000,2026-06-13T22:14:09.000+0000
a3Mbe000000KNaWEAW,RSC-006247,Qualquer,,,Atendimento,a3Nbe000000QwQ9EAK,a3Kbe000000D9XeEAK,a3Obe000000LIhtEAG,,true,2026-06-12T04:33:17.000+0000,2026-06-13T22:14:09.000+0000
a3Mbe000000KNaXEAW,RSC-006248,Qualquer,,,Atendimento,a3Nbe000000QwQ9EAK,a3Kbe000000D9XeEAK,a3Obe000000LIjVEAW,,true,2026-06-12T04:33:17.000+0000,2026-06-13T22:14:09.000+0000
a3Mbe000000KNaYEAW,RSC-006249,Qualquer,,,Atendimento,a3Nbe000000QwQ9EAK,a3Kbe000000D9XeEAK,a3Obe000000LImjEAG,,true,2026-06-12T04:33:17.000+0000,2026-06-13T22:14:09.000+0000
a3Mbe000000KNaZEAW,RSC-006250,Qualquer,,,Atendimento,a3Nbe000000QwQ9EAK,a3Kbe000000D9XfEAK,a3Obe000000LIhtEAG,,true,2026-06-12T04:33:17.000+0000,2026-06-13T22:14:09.000+0000
a3Mbe000000KNaaEAG,RSC-006251,Qualquer,,,Atendimento,a3Nbe000000QwQ9EAK,a3Kbe000000D9XfEAK,a3Obe000000LIjVEAW,,true,2026-06-12T04:33:17.000+0000,2026-06-13T22:14:09.000+0000
a3Mbe000000KNabEAG,RSC-006252,Qualquer,,,Atendimento,a3Nbe000000QwQ9EAK,a3Kbe000000D9XfEAK,a3Obe000000LImjEAG,,true,2026-06-12T04:33:17.000+0000,2026-06-13T22:14:09.000+0000
a3Mbe000000KNacEAG,RSC-006253,Qualquer,,,Atendimento,a3Nbe000000QwQ9EAK,a3Kbe000000D9XgEAK,a3Obe000000LIhtEAG,,true,2026-06-12T04:33:17.000+0000,2026-06-13T22:14:09.000+0000
a3Mbe000000KNadEAG,RSC-006254,Qualquer,,,Atendimento,a3Nbe000000QwQ9EAK,a3Kbe000000D9XgEAK,a3Obe000000LIjVEAW,,true,2026-06-12T04:33:17.000+0000,2026-06-13T22:14:09.000+0000
a3Mbe000000KNaeEAG,RSC-006255,Qualquer,,,Atendimento,a3Nbe000000QwQ9EAK,a3Kbe000000D9XgEAK,a3Obe000000LImjEAG,,true,2026-06-12T04:33:17.000+0000,2026-06-13T22:14:09.000+0000
a3Mbe000000KNafEAG,RSC-006256,Qualquer,,,Atendimento,a3Nbe000000QwQ9EAK,a3Kbe000000D9XhEAK,a3Obe000000LIhtEAG,,true,2026-06-12T04:33:17.000+0000,2026-06-13T22:14:09.000+0000
a3Mbe000000KNagEAG,RSC-006257,Qualquer,,,Atendimento,a3Nbe000000QwQ9EAK,a3Kbe000000D9XhEAK,a3Obe000000LIjVEAW,,true,2026-06-12T04:33:17.000+0000,2026-06-13T22:14:09.000+0000
a3Mbe000000KNahEAG,RSC-006258,Qualquer,,,Atendimento,a3Nbe000000QwQ9EAK,a3Kbe000000D9XhEAK,a3Obe000000LImjEAG,,true,2026-06-12T04:33:17.000+0000,2026-06-13T22:14:09.000+0000
a3Mbe000000KNaiEAG,RSC-006259,Qualquer,,,Atendimento,a3Nbe000000QwQ9EAK,a3Kbe000000D9XiEAK,a3Obe000000LIhtEAG,,true,2026-06-12T04:33:17.000+0000,2026-06-13T22:14:09.000+0000
a3Mbe000000KNajEAG,RSC-006260,Qualquer,,,Atendimento,a3Nbe000000QwQ9EAK,a3Kbe000000D9XiEAK,a3Obe000000LIjVEAW,,true,2026-06-12T04:33:17.000+0000,2026-06-13T22:14:09.000+0000
a3Mbe000000KNakEAG,RSC-006261,Qualquer,,,Atendimento,a3Nbe000000QwQ9EAK,a3Kbe000000D9XiEAK,a3Obe000000LImjEAG,,true,2026-06-12T04:33:17.000+0000,2026-06-13T22:14:09.000+0000
a3Mbe000000KNalEAG,RSC-006262,Qualquer,,,Atendimento,a3Nbe000000QwQ9EAK,a3Kbe000000D9XjEAK,a3Obe000000LIhtEAG,,true,2026-06-12T04:33:17.000+0000,2026-06-13T22:14:09.000+0000
a3Mbe000000KNamEAG,RSC-006263,Qualquer,,,Atendimento,a3Nbe000000QwQ9EAK,a3Kbe000000D9XjEAK,a3Obe000000LIjVEAW,,true,2026-06-12T04:33:17.000+0000,2026-06-13T22:14:09.000+0000
a3Mbe000000KNanEAG,RSC-006264,Qualquer,,,Atendimento,a3Nbe000000QwQ9EAK,a3Kbe000000D9XjEAK,a3Obe000000LImjEAG,,true,2026-06-12T04:33:17.000+0000,2026-06-13T22:14:09.000+0000
a3Mbe000000KNaoEAG,RSC-006265,Qualquer,,,Atendimento,a3Nbe000000QwQ9EAK,a3Kbe000000D9XkEAK,a3Obe000000LIhtEAG,,true,2026-06-12T04:33:17.000+0000,2026-06-13T22:14:09.000+0000
a3Mbe000000KNapEAG,RSC-006266,Qualquer,,,Atendimento,a3Nbe000000QwQ9EAK,a3Kbe000000D9XkEAK,a3Obe000000LIjVEAW,,true,2026-06-12T04:33:17.000+0000,2026-06-13T22:14:09.000+0000
a3Mbe000000KNaqEAG,RSC-006267,Qualquer,,,Atendimento,a3Nbe000000QwQ9EAK,a3Kbe000000D9XkEAK,a3Obe000000LImjEAG,,true,2026-06-12T04:33:17.000+0000,2026-06-13T22:14:09.000+0000
a3Mbe000000KNarEAG,RSC-006268,Qualquer,,,Atendimento,a3Nbe000000QwQ9EAK,a3Kbe000000D9XlEAK,a3Obe000000LIhtEAG,,true,2026-06-12T04:33:17.000+0000,2026-06-13T22:14:09.000+0000
a3Mbe000000KNasEAG,RSC-006269,Qualquer,,,Atendimento,a3Nbe000000QwQ9EAK,a3Kbe000000D9XlEAK,a3Obe000000LIjVEAW,,true,2026-06-12T04:33:17.000+0000,2026-06-13T22:14:09.000+0000
a3Mbe000000KNatEAG,RSC-006270,Qualquer,,,Atendimento,a3Nbe000000QwQ9EAK,a3Kbe000000D9XlEAK,a3Obe000000LImjEAG,,true,2026-06-12T04:33:17.000+0000,2026-06-13T22:14:09.000+0000
a3Mbe000000KNauEAG,RSC-006271,Qualquer,,,Atendimento,a3Nbe000000QwQ9EAK,a3Kbe000000D9XmEAK,a3Obe000000LIhtEAG,,true,2026-06-12T04:33:17.000+0000,2026-06-13T22:14:09.000+0000
a3Mbe000000KNavEAG,RSC-006272,Qualquer,,,Atendimento,a3Nbe000000QwQ9EAK,a3Kbe000000D9XmEAK,a3Obe000000LIjVEAW,,true,2026-06-12T04:33:17.000+0000,2026-06-13T22:14:09.000+0000
a3Mbe000000KNawEAG,RSC-006273,Qualquer,,,Atendimento,a3Nbe000000QwQ9EAK,a3Kbe000000D9XmEAK,a3Obe000000LImjEAG,,true,2026-06-12T04:33:17.000+0000,2026-06-13T22:14:09.000+0000
a3Mbe000000KNaxEAG,RSC-006274,Qualquer,,,Atendimento,a3Nbe000000QwQ9EAK,a3Kbe000000D9XnEAK,a3Obe000000LIhtEAG,,true,2026-06-12T04:33:17.000+0000,2026-06-13T22:14:09.000+0000
a3Mbe000000KNayEAG,RSC-006275,Qualquer,,,Atendimento,a3Nbe000000QwQ9EAK,a3Kbe000000D9XnEAK,a3Obe000000LIjVEAW,,true,2026-06-12T04:33:17.000+0000,2026-06-13T22:14:09.000+0000
a3Mbe000000KNazEAG,RSC-006276,Qualquer,,,Atendimento,a3Nbe000000QwQ9EAK,a3Kbe000000D9XnEAK,a3Obe000000LImjEAG,,true,2026-06-12T04:33:17.000+0000,2026-06-13T22:14:09.000+0000
a3Mbe000000KNb0EAG,RSC-006277,Qualquer,,,Atendimento,a3Nbe000000QwQ9EAK,a3Kbe000000D9XoEAK,a3Obe000000LIhtEAG,,true,2026-06-12T04:33:17.000+0000,2026-06-13T22:14:09.000+0000
a3Mbe000000KNb1EAG,RSC-006278,Qualquer,,,Atendimento,a3Nbe000000QwQ9EAK,a3Kbe000000D9XoEAK,a3Obe000000LIjVEAW,,true,2026-06-12T04:33:17.000+0000,2026-06-13T22:14:09.000+0000
a3Mbe000000KNb2EAG,RSC-006279,Qualquer,,,Atendimento,a3Nbe000000QwQ9EAK,a3Kbe000000D9XoEAK,a3Obe000000LImjEAG,,true,2026-06-12T04:33:17.000+0000,2026-06-13T22:14:09.000+0000
a3Mbe000000KNb3EAG,RSC-006280,Qualquer,,,Atendimento,a3Nbe000000QwQ9EAK,a3Kbe000000D9XpEAK,a3Obe000000LIhtEAG,,true,2026-06-12T04:33:17.000+0000,2026-06-13T22:14:09.000+0000
a3Mbe000000KNb4EAG,RSC-006281,Qualquer,,,Atendimento,a3Nbe000000QwQ9EAK,a3Kbe000000D9XpEAK,a3Obe000000LIjVEAW,,true,2026-06-12T04:33:17.000+0000,2026-06-13T22:14:09.000+0000
a3Mbe000000KNb5EAG,RSC-006282,Qualquer,,,Atendimento,a3Nbe000000QwQ9EAK,a3Kbe000000D9XpEAK,a3Obe000000LImjEAG,,true,2026-06-12T04:33:17.000+0000,2026-06-13T22:14:09.000+0000
a3Mbe000000KNb6EAG,RSC-006283,Qualquer,,,Atendimento,a3Nbe000000QwQ9EAK,a3Kbe000000D9XqEAK,a3Obe000000LIhtEAG,,true,2026-06-12T04:33:17.000+0000,2026-06-13T22:14:09.000+0000
a3Mbe000000KNb7EAG,RSC-006284,Qualquer,,,Atendimento,a3Nbe000000QwQ9EAK,a3Kbe000000D9XqEAK,a3Obe000000LIjVEAW,,true,2026-06-12T04:33:17.000+0000,2026-06-13T22:14:09.000+0000
a3Mbe000000KNb8EAG,RSC-006285,Qualquer,,,Atendimento,a3Nbe000000QwQ9EAK,a3Kbe000000D9XqEAK,a3Obe000000LImjEAG,,true,2026-06-12T04:33:17.000+0000,2026-06-13T22:14:09.000+0000
a3Mbe000000KNb9EAG,RSC-006286,Qualquer,,,Atendimento,a3Nbe000000QwQ9EAK,a3Kbe000000D9XrEAK,a3Obe000000LIhtEAG,,true,2026-06-12T04:33:17.000+0000,2026-06-13T22:14:09.000+0000
a3Mbe000000KNbAEAW,RSC-006287,Qualquer,,,Atendimento,a3Nbe000000QwQ9EAK,a3Kbe000000D9XrEAK,a3Obe000000LIjVEAW,,true,2026-06-12T04:33:17.000+0000,2026-06-13T22:14:09.000+0000
a3Mbe000000KNbBEAW,RSC-006288,Qualquer,,,Atendimento,a3Nbe000000QwQ9EAK,a3Kbe000000D9XrEAK,a3Obe000000LImjEAG,,true,2026-06-12T04:33:17.000+0000,2026-06-13T22:14:09.000+0000
a3Mbe000000KNbCEAW,RSC-006289,Qualquer,,,Atendimento,a3Nbe000000QwQ9EAK,a3Kbe000000D9XsEAK,a3Obe000000LIhtEAG,,true,2026-06-12T04:33:17.000+0000,2026-06-13T22:14:09.000+0000
a3Mbe000000KNbDEAW,RSC-006290,Qualquer,,,Atendimento,a3Nbe000000QwQ9EAK,a3Kbe000000D9XsEAK,a3Obe000000LIjVEAW,,true,2026-06-12T04:33:17.000+0000,2026-06-13T22:14:09.000+0000
a3Mbe000000KNbEEAW,RSC-006291,Qualquer,,,Atendimento,a3Nbe000000QwQ9EAK,a3Kbe000000D9XsEAK,a3Obe000000LImjEAG,,true,2026-06-12T04:33:17.000+0000,2026-06-13T22:14:09.000+0000
a3Mbe000000KNbFEAW,RSC-006292,Qualquer,,,Atendimento,a3Nbe000000QwQ9EAK,a3Kbe000000D9XtEAK,a3Obe000000LIhtEAG,,true,2026-06-12T04:33:17.000+0000,2026-06-13T22:14:09.000+0000
a3Mbe000000KNbGEAW,RSC-006293,Qualquer,,,Atendimento,a3Nbe000000QwQ9EAK,a3Kbe000000D9XtEAK,a3Obe000000LIjVEAW,,true,2026-06-12T04:33:17.000+0000,2026-06-13T22:14:09.000+0000
a3Mbe000000KNbHEAW,RSC-006294,Qualquer,,,Atendimento,a3Nbe000000QwQ9EAK,a3Kbe000000D9XtEAK,a3Obe000000LImjEAG,,true,2026-06-12T04:33:17.000+0000,2026-06-13T22:14:09.000+0000
a3Mbe000000KNbIEAW,RSC-006295,Qualquer,,,Atendimento,a3Nbe000000QwQ9EAK,a3Kbe000000D9XuEAK,a3Obe000000LIhtEAG,,true,2026-06-12T04:33:17.000+0000,2026-06-13T22:14:09.000+0000
a3Mbe000000KNbJEAW,RSC-006296,Qualquer,,,Atendimento,a3Nbe000000QwQ9EAK,a3Kbe000000D9XuEAK,a3Obe000000LIjVEAW,,true,2026-06-12T04:33:17.000+0000,2026-06-13T22:14:09.000+0000
a3Mbe000000KNbKEAW,RSC-006297,Qualquer,,,Atendimento,a3Nbe000000QwQ9EAK,a3Kbe000000D9XuEAK,a3Obe000000LImjEAG,,true,2026-06-12T04:33:17.000+0000,2026-06-13T22:14:09.000+0000
a3Mbe000000KNbLEAW,RSC-006298,Qualquer,,,Atendimento,a3Nbe000000QwQ9EAK,a3Kbe000000D9XvEAK,a3Obe000000LIhtEAG,,true,2026-06-12T04:33:17.000+0000,2026-06-13T22:14:09.000+0000
a3Mbe000000KNbMEAW,RSC-006299,Qualquer,,,Atendimento,a3Nbe000000QwQ9EAK,a3Kbe000000D9XvEAK,a3Obe000000LIjVEAW,,true,2026-06-12T04:33:17.000+0000,2026-06-13T22:14:09.000+0000
a3Mbe000000KNbNEAW,RSC-006300,Qualquer,,,Atendimento,a3Nbe000000QwQ9EAK,a3Kbe000000D9XvEAK,a3Obe000000LImjEAG,,true,2026-06-12T04:33:17.000+0000,2026-06-13T22:14:09.000+0000
a3Mbe000000KNbOEAW,RSC-006301,Qualquer,,,Atendimento,a3Nbe000000QwQ9EAK,a3Kbe000000D9XwEAK,a3Obe000000LIhtEAG,,true,2026-06-12T04:33:17.000+0000,2026-06-13T22:14:09.000+0000
a3Mbe000000KNbPEAW,RSC-006302,Qualquer,,,Atendimento,a3Nbe000000QwQ9EAK,a3Kbe000000D9XwEAK,a3Obe000000LIjVEAW,,true,2026-06-12T04:33:17.000+0000,2026-06-13T22:14:09.000+0000
a3Mbe000000KNbQEAW,RSC-006303,Qualquer,,,Atendimento,a3Nbe000000QwQ9EAK,a3Kbe000000D9XwEAK,a3Obe000000LImjEAG,,true,2026-06-12T04:33:17.000+0000,2026-06-13T22:14:09.000+0000
